INFO 2026-04-10 09:19:24,253 autoreload Watching for file changes with StatReloader
INFO 2026-04-10 09:19:50,640 autoreload Watching for file changes with StatReloader
INFO 2026-04-10 09:21:13,428 autoreload Watching for file changes with StatReloader
INFO 2026-04-10 09:24:17,964 autoreload Watching for file changes with StatReloader
INFO 2026-04-10 09:26:05,419 autoreload Watching for file changes with StatReloader
INFO 2026-04-10 09:26:29,261 autoreload Watching for file changes with StatReloader
INFO 2026-04-10 09:30:52,743 autoreload Watching for file changes with StatReloader
INFO 2026-04-10 09:32:33,357 autoreload Watching for file changes with StatReloader
INFO 2026-04-10 09:34:06,748 autoreload Watching for file changes with StatReloader
INFO 2026-04-10 09:35:45,742 autoreload Watching for file changes with StatReloader
INFO 2026-04-10 09:40:35,080 autoreload Watching for file changes with StatReloader
INFO 2026-04-10 09:40:35,856 basehttp "GET / HTTP/1.0" 301 0
INFO 2026-04-10 09:40:37,514 basehttp "GET / HTTP/1.0" 301 0
INFO 2026-04-10 09:40:37,673 basehttp "GET / HTTP/1.0" 301 0
INFO 2026-04-10 09:40:37,815 basehttp "GET / HTTP/1.0" 301 0
INFO 2026-04-10 09:40:37,961 basehttp "GET / HTTP/1.0" 301 0
INFO 2026-04-10 09:40:38,115 basehttp "GET / HTTP/1.0" 301 0
INFO 2026-04-10 09:40:38,253 basehttp "GET / HTTP/1.0" 301 0
INFO 2026-04-10 09:40:38,410 basehttp "GET / HTTP/1.0" 301 0
INFO 2026-04-10 09:40:38,553 basehttp "GET / HTTP/1.0" 301 0
INFO 2026-04-10 09:40:38,722 basehttp "GET / HTTP/1.0" 301 0
INFO 2026-04-10 09:40:38,873 basehttp "GET / HTTP/1.0" 301 0
INFO 2026-04-10 09:40:39,014 basehttp "GET / HTTP/1.0" 301 0
INFO 2026-04-10 09:40:39,162 basehttp "GET / HTTP/1.0" 301 0
INFO 2026-04-10 09:40:39,333 basehttp "GET / HTTP/1.0" 301 0
INFO 2026-04-10 09:40:39,474 basehttp "GET / HTTP/1.0" 301 0
INFO 2026-04-10 09:40:39,613 basehttp "GET / HTTP/1.0" 301 0
INFO 2026-04-10 09:40:39,754 basehttp "GET / HTTP/1.0" 301 0
INFO 2026-04-10 09:40:39,894 basehttp "GET / HTTP/1.0" 301 0
INFO 2026-04-10 09:40:40,035 basehttp "GET / HTTP/1.0" 301 0
INFO 2026-04-10 09:40:40,174 basehttp "GET / HTTP/1.0" 301 0
INFO 2026-04-10 09:40:40,313 basehttp "GET / HTTP/1.0" 301 0
INFO 2026-04-10 09:41:14,294 basehttp "GET / HTTP/1.0" 301 0
INFO 2026-04-10 09:41:15,273 basehttp "GET / HTTP/1.0" 301 0
INFO 2026-04-10 09:41:15,367 basehttp "GET / HTTP/1.0" 301 0
INFO 2026-04-10 09:41:15,482 basehttp "GET / HTTP/1.0" 301 0
INFO 2026-04-10 09:41:17,271 basehttp "GET / HTTP/1.0" 301 0
INFO 2026-04-10 09:41:17,393 basehttp "GET / HTTP/1.0" 301 0
INFO 2026-04-10 09:41:19,447 basehttp "GET / HTTP/1.0" 301 0
INFO 2026-04-10 09:41:20,226 basehttp "GET /admin HTTP/1.0" 301 0
INFO 2026-04-10 09:41:20,416 basehttp "GET /register HTTP/1.0" 301 0
INFO 2026-04-10 09:41:20,445 basehttp "GET /console/ HTTP/1.0" 301 0
INFO 2026-04-10 09:41:20,519 basehttp "GET /sitemap.xml HTTP/1.0" 301 0
INFO 2026-04-10 09:41:20,542 basehttp "GET / HTTP/1.0" 301 0
INFO 2026-04-10 09:41:20,556 basehttp "GET /admin HTTP/1.0" 301 0
INFO 2026-04-10 09:41:20,632 basehttp "GET /donate HTTP/1.0" 301 0
INFO 2026-04-10 09:41:20,649 basehttp "GET /index.html HTTP/1.0" 301 0
INFO 2026-04-10 09:41:20,665 basehttp "GET /account HTTP/1.0" 301 0
INFO 2026-04-10 09:41:20,742 basehttp "GET /subscribe HTTP/1.0" 301 0
INFO 2026-04-10 09:41:20,763 basehttp "GET /plans HTTP/1.0" 301 0
INFO 2026-04-10 09:41:20,769 basehttp "GET /checkout HTTP/1.0" 301 0
INFO 2026-04-10 09:41:20,774 basehttp "GET /pricing HTTP/1.0" 301 0
INFO 2026-04-10 09:41:20,801 basehttp "GET /signup HTTP/1.0" 301 0
INFO 2026-04-10 09:41:20,879 basehttp "GET /billing HTTP/1.0" 301 0
INFO 2026-04-10 09:41:20,885 basehttp "GET /dashboard HTTP/1.0" 301 0
INFO 2026-04-10 09:41:20,921 basehttp "GET /shop HTTP/1.0" 301 0
INFO 2026-04-10 09:41:20,921 basehttp "GET /robots.txt HTTP/1.0" 301 0
INFO 2026-04-10 09:41:20,933 basehttp "GET /order HTTP/1.0" 301 0
INFO 2026-04-10 09:41:21,221 basehttp "GET /payment HTTP/1.0" 301 0
INFO 2026-04-10 09:41:21,237 basehttp "GET /admin HTTP/1.0" 301 0
INFO 2026-04-10 09:41:21,356 basehttp "GET /signup HTTP/1.0" 301 0
INFO 2026-04-10 09:41:21,368 basehttp "GET /.env HTTP/1.0" 301 0
INFO 2026-04-10 09:41:21,405 basehttp "GET /checkout HTTP/1.0" 301 0
INFO 2026-04-10 09:41:21,410 basehttp "GET /cart HTTP/1.0" 301 0
INFO 2026-04-10 09:41:21,420 basehttp "GET /shop HTTP/1.0" 301 0
INFO 2026-04-10 09:41:21,432 basehttp "GET /sitemap.xml HTTP/1.0" 301 0
INFO 2026-04-10 09:41:21,453 basehttp "GET /server HTTP/1.0" 301 0
INFO 2026-04-10 09:41:21,489 basehttp "GET /dashboard HTTP/1.0" 301 0
INFO 2026-04-10 09:41:21,597 basehttp "GET /register HTTP/1.0" 301 0
INFO 2026-04-10 09:41:21,610 basehttp "GET /index.html HTTP/1.0" 301 0
INFO 2026-04-10 09:41:21,702 basehttp "GET /.env HTTP/1.0" 301 0
INFO 2026-04-10 09:41:21,704 basehttp "GET /cart HTTP/1.0" 301 0
INFO 2026-04-10 09:41:21,709 basehttp "GET /checkout HTTP/1.0" 301 0
INFO 2026-04-10 09:41:21,726 basehttp "GET /plans HTTP/1.0" 301 0
INFO 2026-04-10 09:41:21,734 basehttp "GET /billing HTTP/1.0" 301 0
INFO 2026-04-10 09:41:21,764 basehttp "GET /signup HTTP/1.0" 301 0
INFO 2026-04-10 09:41:21,774 basehttp "GET / HTTP/1.0" 301 0
INFO 2026-04-10 09:41:21,790 basehttp "GET /admin HTTP/1.0" 301 0
INFO 2026-04-10 09:41:21,792 basehttp "GET /donate HTTP/1.0" 301 0
INFO 2026-04-10 09:41:21,794 basehttp "GET /robots.txt HTTP/1.0" 301 0
INFO 2026-04-10 09:41:21,802 basehttp "GET /dashboard HTTP/1.0" 301 0
INFO 2026-04-10 09:41:21,805 basehttp "GET /account HTTP/1.0" 301 0
INFO 2026-04-10 09:41:21,856 basehttp "GET /robots.txt HTTP/1.0" 301 0
INFO 2026-04-10 09:41:21,866 basehttp "GET /.env HTTP/1.0" 301 0
INFO 2026-04-10 09:41:21,887 basehttp "GET /index.html HTTP/1.0" 301 0
INFO 2026-04-10 09:41:21,889 basehttp "GET /billing HTTP/1.0" 301 0
INFO 2026-04-10 09:41:21,889 basehttp "GET / HTTP/1.0" 301 0
INFO 2026-04-10 09:41:21,891 basehttp "GET /pricing HTTP/1.0" 301 0
INFO 2026-04-10 09:41:21,897 basehttp "GET /order HTTP/1.0" 301 0
INFO 2026-04-10 09:41:21,917 basehttp "GET /order HTTP/1.0" 301 0
INFO 2026-04-10 09:41:21,921 basehttp "GET /register HTTP/1.0" 301 0
INFO 2026-04-10 09:41:21,940 basehttp "GET /account HTTP/1.0" 301 0
INFO 2026-04-10 09:41:21,940 basehttp "GET /admin HTTP/1.0" 301 0
INFO 2026-04-10 09:41:21,943 basehttp "GET /dashboard HTTP/1.0" 301 0
INFO 2026-04-10 09:41:21,946 basehttp "GET /signup HTTP/1.0" 301 0
INFO 2026-04-10 09:41:21,949 basehttp "GET /cart HTTP/1.0" 301 0
INFO 2026-04-10 09:41:21,983 basehttp "GET /index.html HTTP/1.0" 301 0
INFO 2026-04-10 09:41:21,990 basehttp "GET /account HTTP/1.0" 301 0
INFO 2026-04-10 09:41:22,005 basehttp "GET / HTTP/1.0" 301 0
INFO 2026-04-10 09:41:22,022 basehttp "GET /plans HTTP/1.0" 301 0
INFO 2026-04-10 09:41:22,035 basehttp "GET /pricing HTTP/1.0" 301 0
INFO 2026-04-10 09:41:22,044 basehttp "GET /register HTTP/1.0" 301 0
INFO 2026-04-10 09:41:22,055 basehttp "GET /donate HTTP/1.0" 301 0
INFO 2026-04-10 09:41:22,072 basehttp "GET /subscribe HTTP/1.0" 301 0
INFO 2026-04-10 09:41:22,076 basehttp "GET /plans HTTP/1.0" 301 0
INFO 2026-04-10 09:41:22,093 basehttp "GET /checkout HTTP/1.0" 301 0
INFO 2026-04-10 09:41:22,124 basehttp "GET /register HTTP/1.0" 301 0
INFO 2026-04-10 09:41:22,129 basehttp "GET /robots.txt HTTP/1.0" 301 0
INFO 2026-04-10 09:41:22,145 basehttp "GET /.env HTTP/1.0" 301 0
INFO 2026-04-10 09:41:22,172 basehttp "GET /index.html HTTP/1.0" 301 0
INFO 2026-04-10 09:41:22,175 basehttp "GET /billing HTTP/1.0" 301 0
INFO 2026-04-10 09:41:22,178 basehttp "GET /payment HTTP/1.0" 301 0
INFO 2026-04-10 09:41:22,202 basehttp "GET /cart HTTP/1.0" 301 0
INFO 2026-04-10 09:41:22,202 basehttp "GET /admin HTTP/1.0" 301 0
INFO 2026-04-10 09:41:22,206 basehttp "GET /donate HTTP/1.0" 301 0
INFO 2026-04-10 09:41:22,209 basehttp "GET /index.html HTTP/1.0" 301 0
INFO 2026-04-10 09:41:22,209 basehttp "GET /order HTTP/1.0" 301 0
INFO 2026-04-10 09:41:22,220 basehttp "GET /signup HTTP/1.0" 301 0
INFO 2026-04-10 09:41:22,229 basehttp "GET /.env HTTP/1.0" 301 0
INFO 2026-04-10 09:41:22,247 basehttp "GET /dashboard HTTP/1.0" 301 0
INFO 2026-04-10 09:41:22,267 basehttp "GET /pricing HTTP/1.0" 301 0
INFO 2026-04-10 09:41:22,273 basehttp "GET /signup HTTP/1.0" 301 0
INFO 2026-04-10 09:41:22,276 basehttp "GET /sitemap.xml HTTP/1.0" 301 0
INFO 2026-04-10 09:41:22,294 basehttp "GET /account HTTP/1.0" 301 0
INFO 2026-04-10 09:41:22,300 basehttp "GET /shop HTTP/1.0" 301 0
INFO 2026-04-10 09:41:22,302 basehttp "GET / HTTP/1.0" 301 0
INFO 2026-04-10 09:41:22,341 basehttp "GET /checkout HTTP/1.0" 301 0
INFO 2026-04-10 09:41:22,350 basehttp "GET /register HTTP/1.0" 301 0
INFO 2026-04-10 09:41:22,376 basehttp "GET /shop HTTP/1.0" 301 0
INFO 2026-04-10 09:41:22,380 basehttp "GET /donate HTTP/1.0" 301 0
INFO 2026-04-10 09:41:22,383 basehttp "GET /plans HTTP/1.0" 301 0
INFO 2026-04-10 09:41:22,403 basehttp "GET /subscribe HTTP/1.0" 301 0
INFO 2026-04-10 09:41:22,414 basehttp "GET /dashboard HTTP/1.0" 301 0
INFO 2026-04-10 09:41:22,427 basehttp "GET /plans HTTP/1.0" 301 0
INFO 2026-04-10 09:41:22,435 basehttp "GET /robots.txt HTTP/1.0" 301 0
INFO 2026-04-10 09:41:22,438 basehttp "GET /billing HTTP/1.0" 301 0
INFO 2026-04-10 09:41:22,447 basehttp "GET /server-status HTTP/1.0" 301 0
INFO 2026-04-10 09:41:22,450 basehttp "GET /order HTTP/1.0" 301 0
INFO 2026-04-10 09:41:22,452 basehttp "GET /.env.production HTTP/1.0" 301 0
INFO 2026-04-10 09:41:22,470 basehttp "GET /.env HTTP/1.0" 301 0
INFO 2026-04-10 09:41:22,472 basehttp "GET /billing HTTP/1.0" 301 0
INFO 2026-04-10 09:41:22,488 basehttp "GET /payment HTTP/1.0" 301 0
INFO 2026-04-10 09:41:22,506 basehttp "GET /.env.production.local HTTP/1.0" 301 0
INFO 2026-04-10 09:41:22,514 basehttp "GET /account HTTP/1.0" 301 0
INFO 2026-04-10 09:41:22,547 basehttp "GET /cart HTTP/1.0" 301 0
INFO 2026-04-10 09:41:22,570 basehttp "GET /.env.prod HTTP/1.0" 301 0
INFO 2026-04-10 09:41:22,573 basehttp "GET / HTTP/1.0" 301 0
INFO 2026-04-10 09:41:22,580 basehttp "GET /order HTTP/1.0" 301 0
INFO 2026-04-10 09:41:22,581 basehttp "GET /sitemap.xml HTTP/1.0" 301 0
INFO 2026-04-10 09:41:22,583 basehttp "GET /robots.txt HTTP/1.0" 301 0
INFO 2026-04-10 09:41:22,588 basehttp "GET /checkout HTTP/1.0" 301 0
INFO 2026-04-10 09:41:22,589 basehttp "GET /shop HTTP/1.0" 301 0
INFO 2026-04-10 09:41:22,590 basehttp "GET /donate HTTP/1.0" 301 0
INFO 2026-04-10 09:41:22,597 basehttp "GET /subscribe HTTP/1.0" 301 0
INFO 2026-04-10 09:41:22,605 basehttp "GET /pricing HTTP/1.0" 301 0
INFO 2026-04-10 09:41:22,615 basehttp "GET /.env.production HTTP/1.0" 301 0
INFO 2026-04-10 09:41:22,665 basehttp "GET /.env.staging HTTP/1.0" 301 0
INFO 2026-04-10 09:41:22,680 basehttp "GET /.env.stage HTTP/1.0" 301 0
INFO 2026-04-10 09:41:22,685 basehttp "GET /.env.development HTTP/1.0" 301 0
INFO 2026-04-10 09:41:22,687 basehttp "GET /.env.dev HTTP/1.0" 301 0
INFO 2026-04-10 09:41:22,729 basehttp "GET /.env.prod HTTP/1.0" 301 0
INFO 2026-04-10 09:41:22,817 basehttp "GET /.env.local HTTP/1.0" 301 0
INFO 2026-04-10 09:41:22,825 basehttp "GET /.env.test HTTP/1.0" 301 0
INFO 2026-04-10 09:41:22,827 basehttp "GET /pricing HTTP/1.0" 301 0
INFO 2026-04-10 09:41:22,829 basehttp "GET /shop HTTP/1.0" 301 0
INFO 2026-04-10 09:41:22,838 basehttp "GET /.env.production HTTP/1.0" 301 0
INFO 2026-04-10 09:41:22,842 basehttp "GET /.env.vite HTTP/1.0" 301 0
INFO 2026-04-10 09:41:22,843 basehttp "GET /.env.uat HTTP/1.0" 301 0
INFO 2026-04-10 09:41:22,846 basehttp "GET /sitemap.xml HTTP/1.0" 301 0
INFO 2026-04-10 09:41:22,856 basehttp "GET /.env.production.local HTTP/1.0" 301 0
INFO 2026-04-10 09:41:22,857 basehttp "GET /subscribe HTTP/1.0" 301 0
INFO 2026-04-10 09:41:22,871 basehttp "GET /.env.bak HTTP/1.0" 301 0
INFO 2026-04-10 09:41:22,874 basehttp "GET /payment HTTP/1.0" 301 0
INFO 2026-04-10 09:41:22,887 basehttp "GET /.env.stage HTTP/1.0" 301 0
INFO 2026-04-10 09:41:22,890 basehttp "GET /.env.development HTTP/1.0" 301 0
INFO 2026-04-10 09:41:22,899 basehttp "GET /.env.backup HTTP/1.0" 301 0
INFO 2026-04-10 09:41:22,904 basehttp "GET /.env.dev HTTP/1.0" 301 0
INFO 2026-04-10 09:41:22,908 basehttp "GET /.env.development HTTP/1.0" 301 0
INFO 2026-04-10 09:41:22,910 basehttp "GET /.env.old HTTP/1.0" 301 0
INFO 2026-04-10 09:41:22,922 basehttp "GET /cart HTTP/1.0" 301 0
INFO 2026-04-10 09:41:22,924 basehttp "GET /.env.development HTTP/1.0" 301 0
INFO 2026-04-10 09:41:22,931 basehttp "GET /.env.vite HTTP/1.0" 301 0
INFO 2026-04-10 09:41:22,934 basehttp "GET /.env.test HTTP/1.0" 301 0
INFO 2026-04-10 09:41:22,941 basehttp "GET /.env.staging HTTP/1.0" 301 0
INFO 2026-04-10 09:41:22,946 basehttp "GET /.env.save HTTP/1.0" 301 0
INFO 2026-04-10 09:41:22,950 basehttp "GET /.env.local HTTP/1.0" 301 0
INFO 2026-04-10 09:41:22,966 basehttp "GET /sitemap.xml HTTP/1.0" 301 0
INFO 2026-04-10 09:41:22,999 basehttp "GET /.env.prod HTTP/1.0" 301 0
INFO 2026-04-10 09:41:23,003 basehttp "GET /.env.example HTTP/1.0" 301 0
INFO 2026-04-10 09:41:23,006 basehttp "GET /.env.old HTTP/1.0" 301 0
INFO 2026-04-10 09:41:23,006 basehttp "GET /.env.vite HTTP/1.0" 301 0
INFO 2026-04-10 09:41:23,027 basehttp "GET /.env.staging HTTP/1.0" 301 0
INFO 2026-04-10 09:41:23,027 basehttp "GET /.env.test HTTP/1.0" 301 0
INFO 2026-04-10 09:41:23,041 basehttp "GET /.env.stage HTTP/1.0" 301 0
INFO 2026-04-10 09:41:23,041 basehttp "GET /payment HTTP/1.0" 301 0
INFO 2026-04-10 09:41:23,065 basehttp "GET /subscribe HTTP/1.0" 301 0
INFO 2026-04-10 09:41:23,066 basehttp "GET /.env.production.local HTTP/1.0" 301 0
INFO 2026-04-10 09:41:23,072 basehttp "GET /.env.vite HTTP/1.0" 301 0
INFO 2026-04-10 09:41:23,073 basehttp "GET /.env.example HTTP/1.0" 301 0
INFO 2026-04-10 09:41:23,078 basehttp "GET /.env.uat HTTP/1.0" 301 0
INFO 2026-04-10 09:41:23,078 basehttp "GET /.env.dev HTTP/1.0" 301 0
INFO 2026-04-10 09:41:23,081 basehttp "GET /.env.old HTTP/1.0" 301 0
INFO 2026-04-10 09:41:23,087 basehttp "GET /.env.production.local HTTP/1.0" 301 0
INFO 2026-04-10 09:41:23,099 basehttp "GET /.env.backup HTTP/1.0" 301 0
INFO 2026-04-10 09:41:23,104 basehttp "GET /.env.save HTTP/1.0" 301 0
INFO 2026-04-10 09:41:23,109 basehttp "GET /.env.dist HTTP/1.0" 301 0
INFO 2026-04-10 09:41:23,113 basehttp "GET /.env.template HTTP/1.0" 301 0
INFO 2026-04-10 09:41:23,143 basehttp "GET /.env.development HTTP/1.0" 301 0
INFO 2026-04-10 09:41:23,173 basehttp "GET /.env.production HTTP/1.0" 301 0
INFO 2026-04-10 09:41:23,184 basehttp "GET /.env.bak HTTP/1.0" 301 0
INFO 2026-04-10 09:41:23,192 basehttp "GET /.env.development HTTP/1.0" 301 0
INFO 2026-04-10 09:41:23,194 basehttp "GET /.env.vite HTTP/1.0" 301 0
INFO 2026-04-10 09:41:23,206 basehttp "GET /.env.backup HTTP/1.0" 301 0
INFO 2026-04-10 09:41:23,206 basehttp "GET /.env.local HTTP/1.0" 301 0
INFO 2026-04-10 09:41:23,231 basehttp "GET /.env.example HTTP/1.0" 301 0
INFO 2026-04-10 09:41:23,241 basehttp "GET /.env.txt HTTP/1.0" 301 0
INFO 2026-04-10 09:41:23,243 basehttp "GET /.env.test HTTP/1.0" 301 0
INFO 2026-04-10 09:41:23,251 basehttp "GET /payment HTTP/1.0" 301 0
INFO 2026-04-10 09:41:23,254 basehttp "GET /.env.stage HTTP/1.0" 301 0
INFO 2026-04-10 09:41:23,259 basehttp "GET /.env.dist HTTP/1.0" 301 0
INFO 2026-04-10 09:41:23,263 basehttp "GET /.env.staging HTTP/1.0" 301 0
INFO 2026-04-10 09:41:23,271 basehttp "GET /.env.save HTTP/1.0" 301 0
INFO 2026-04-10 09:41:23,275 basehttp "GET /.env.json HTTP/1.0" 301 0
INFO 2026-04-10 09:41:23,275 basehttp "GET /.env.uat HTTP/1.0" 301 0
INFO 2026-04-10 09:41:23,282 basehttp "GET /.env.template HTTP/1.0" 301 0
INFO 2026-04-10 09:41:23,293 basehttp "GET /.env.dev HTTP/1.0" 301 0
INFO 2026-04-10 09:41:23,295 basehttp "GET /.env.production.local HTTP/1.0" 301 0
INFO 2026-04-10 09:41:23,298 basehttp "GET /.env.prod HTTP/1.0" 301 0
INFO 2026-04-10 09:41:23,305 basehttp "GET /.env.old HTTP/1.0" 301 0
INFO 2026-04-10 09:41:23,321 basehttp "GET /.env.staging HTTP/1.0" 301 0
INFO 2026-04-10 09:41:23,322 basehttp "GET /.env.production HTTP/1.0" 301 0
INFO 2026-04-10 09:41:23,331 basehttp "GET /.env.test HTTP/1.0" 301 0
INFO 2026-04-10 09:41:23,336 basehttp "GET /.env.stripe HTTP/1.0" 301 0
INFO 2026-04-10 09:41:23,341 basehttp "GET /.env.dev HTTP/1.0" 301 0
INFO 2026-04-10 09:41:23,342 basehttp "GET /.env.prod HTTP/1.0" 301 0
INFO 2026-04-10 09:41:23,353 basehttp "GET /.env.production HTTP/1.0" 301 0
INFO 2026-04-10 09:41:23,356 basehttp "GET /.env.production.local HTTP/1.0" 301 0
INFO 2026-04-10 09:41:23,361 basehttp "GET /.env.stage HTTP/1.0" 301 0
INFO 2026-04-10 09:41:23,366 basehttp "GET /.env.local HTTP/1.0" 301 0
INFO 2026-04-10 09:41:23,374 basehttp "GET /.env.prod HTTP/1.0" 301 0
INFO 2026-04-10 09:41:23,384 basehttp "GET /.env.bak HTTP/1.0" 301 0
INFO 2026-04-10 09:41:23,404 basehttp "GET /.env.backup HTTP/1.0" 301 0
INFO 2026-04-10 09:41:23,405 basehttp "GET /.env.dist HTTP/1.0" 301 0
INFO 2026-04-10 09:41:23,407 basehttp "GET /.env.dev HTTP/1.0" 301 0
INFO 2026-04-10 09:41:23,407 basehttp "GET /.env.example HTTP/1.0" 301 0
INFO 2026-04-10 09:41:23,407 basehttp "GET /.env.staging HTTP/1.0" 301 0
INFO 2026-04-10 09:41:23,443 basehttp "GET /.env.aws HTTP/1.0" 301 0
INFO 2026-04-10 09:41:23,444 basehttp "GET /.env.txt HTTP/1.0" 301 0
INFO 2026-04-10 09:41:23,482 basehttp "GET /.env.local HTTP/1.0" 301 0
INFO 2026-04-10 09:41:23,494 basehttp "GET /.env_sample HTTP/1.0" 301 0
INFO 2026-04-10 09:41:23,505 basehttp "GET /.env.uat HTTP/1.0" 301 0
INFO 2026-04-10 09:41:23,506 basehttp "GET /.env.dist HTTP/1.0" 301 0
INFO 2026-04-10 09:41:23,507 basehttp "GET /.env.stage HTTP/1.0" 301 0
INFO 2026-04-10 09:41:23,529 basehttp "GET /env HTTP/1.0" 301 0
INFO 2026-04-10 09:41:23,540 basehttp "GET /.env.old HTTP/1.0" 301 0
INFO 2026-04-10 09:41:23,545 basehttp "GET /.env.save HTTP/1.0" 301 0
INFO 2026-04-10 09:41:23,550 basehttp "GET /.env.vite HTTP/1.0" 301 0
INFO 2026-04-10 09:41:23,569 basehttp "GET /.env.json HTTP/1.0" 301 0
INFO 2026-04-10 09:41:23,571 basehttp "GET /.env.test HTTP/1.0" 301 0
INFO 2026-04-10 09:41:23,575 basehttp "GET /.env.example HTTP/1.0" 301 0
INFO 2026-04-10 09:41:23,577 basehttp "GET /.env.backup HTTP/1.0" 301 0
INFO 2026-04-10 09:41:23,590 basehttp "GET /env.backup HTTP/1.0" 301 0
INFO 2026-04-10 09:41:23,598 basehttp "GET /.env.stripe HTTP/1.0" 301 0
INFO 2026-04-10 09:41:23,603 basehttp "GET /api/.env HTTP/1.0" 301 0
INFO 2026-04-10 09:41:23,616 basehttp "GET /.env.uat HTTP/1.0" 301 0
INFO 2026-04-10 09:41:23,640 basehttp "GET /.env.template HTTP/1.0" 301 0
INFO 2026-04-10 09:41:23,645 basehttp "GET /.env.local HTTP/1.0" 301 0
INFO 2026-04-10 09:41:23,661 basehttp "GET /.env.stripe HTTP/1.0" 301 0
INFO 2026-04-10 09:41:23,663 basehttp "GET /api/.env HTTP/1.0" 301 0
INFO 2026-04-10 09:41:23,669 basehttp "GET /.env.backup HTTP/1.0" 301 0
INFO 2026-04-10 09:41:23,669 basehttp "GET /env.backup HTTP/1.0" 301 0
INFO 2026-04-10 09:41:23,676 basehttp "GET /.env.dist HTTP/1.0" 301 0
INFO 2026-04-10 09:41:23,677 basehttp "GET /api/v1/.env HTTP/1.0" 301 0
INFO 2026-04-10 09:41:23,677 basehttp "GET /.env.json HTTP/1.0" 301 0
INFO 2026-04-10 09:41:23,681 basehttp "GET /.env.txt HTTP/1.0" 301 0
INFO 2026-04-10 09:41:23,700 basehttp "GET /.env.bak HTTP/1.0" 301 0
INFO 2026-04-10 09:41:23,702 basehttp "GET /env HTTP/1.0" 301 0
INFO 2026-04-10 09:41:23,717 basehttp "GET /.env.old HTTP/1.0" 301 0
INFO 2026-04-10 09:41:23,718 basehttp "GET /api/v2/.env HTTP/1.0" 301 0
INFO 2026-04-10 09:41:23,724 basehttp "GET /.env_sample HTTP/1.0" 301 0
INFO 2026-04-10 09:41:23,776 basehttp "GET /api/shared/.env HTTP/1.0" 301 0
INFO 2026-04-10 09:41:23,782 basehttp "GET /.env.aws HTTP/1.0" 301 0
INFO 2026-04-10 09:41:23,784 basehttp "GET /.env.stripe HTTP/1.0" 301 0
INFO 2026-04-10 09:41:23,788 basehttp "GET /api/shared/config/.env HTTP/1.0" 301 0
INFO 2026-04-10 09:41:23,791 basehttp "GET /.env.save HTTP/1.0" 301 0
INFO 2026-04-10 09:41:23,792 basehttp "GET /.env.dist HTTP/1.0" 301 0
INFO 2026-04-10 09:41:23,793 basehttp "GET /.env.example HTTP/1.0" 301 0
INFO 2026-04-10 09:41:23,802 basehttp "GET /backend/.env HTTP/1.0" 301 0
INFO 2026-04-10 09:41:23,808 basehttp "GET /api/v1/.env HTTP/1.0" 301 0
INFO 2026-04-10 09:41:23,808 basehttp "GET /.env.template HTTP/1.0" 301 0
INFO 2026-04-10 09:41:23,809 basehttp "GET /.env.txt HTTP/1.0" 301 0
INFO 2026-04-10 09:41:23,814 basehttp "GET /env.backup HTTP/1.0" 301 0
INFO 2026-04-10 09:41:23,819 basehttp "GET /laravel/.env HTTP/1.0" 301 0
INFO 2026-04-10 09:41:23,831 basehttp "GET /api/.env HTTP/1.0" 301 0
INFO 2026-04-10 09:41:23,832 basehttp "GET /.env.uat HTTP/1.0" 301 0
INFO 2026-04-10 09:41:23,837 basehttp "GET /laravel/core/.env HTTP/1.0" 301 0
INFO 2026-04-10 09:41:23,849 basehttp "GET /env HTTP/1.0" 301 0
INFO 2026-04-10 09:41:23,857 basehttp "GET /.env.bak HTTP/1.0" 301 0
INFO 2026-04-10 09:41:23,864 basehttp "GET /api/v2/.env HTTP/1.0" 301 0
INFO 2026-04-10 09:41:23,867 basehttp "GET /.env.json HTTP/1.0" 301 0
INFO 2026-04-10 09:41:23,898 basehttp "GET /.env_sample HTTP/1.0" 301 0
INFO 2026-04-10 09:41:23,921 basehttp "GET /.env.save HTTP/1.0" 301 0
INFO 2026-04-10 09:41:23,923 basehttp "GET /.env.aws HTTP/1.0" 301 0
INFO 2026-04-10 09:41:23,926 basehttp "GET /payment/.env HTTP/1.0" 301 0
INFO 2026-04-10 09:41:23,946 basehttp "GET /env HTTP/1.0" 301 0
INFO 2026-04-10 09:41:23,947 basehttp "GET /api/shared/config/.env HTTP/1.0" 301 0
INFO 2026-04-10 09:41:23,947 basehttp "GET /backend/.env HTTP/1.0" 301 0
INFO 2026-04-10 09:41:23,956 basehttp "GET /laravel/core/.env HTTP/1.0" 301 0
INFO 2026-04-10 09:41:23,957 basehttp "GET /.env.stripe HTTP/1.0" 301 0
INFO 2026-04-10 09:41:23,961 basehttp "GET /.env.template HTTP/1.0" 301 0
INFO 2026-04-10 09:41:23,962 basehttp "GET /.env.txt HTTP/1.0" 301 0
INFO 2026-04-10 09:41:23,964 basehttp "GET /api/v1/.env HTTP/1.0" 301 0
INFO 2026-04-10 09:41:23,966 basehttp "GET /.env_sample HTTP/1.0" 301 0
INFO 2026-04-10 09:41:23,973 basehttp "GET /admin/.env HTTP/1.0" 301 0
INFO 2026-04-10 09:41:23,992 basehttp "GET /api/.env HTTP/1.0" 301 0
INFO 2026-04-10 09:41:24,009 basehttp "GET /.env.bak HTTP/1.0" 301 0
INFO 2026-04-10 09:41:24,016 basehttp "GET /env.backup HTTP/1.0" 301 0
INFO 2026-04-10 09:41:24,022 basehttp "GET /laravel/.env HTTP/1.0" 301 0
INFO 2026-04-10 09:41:24,026 basehttp "GET /.env.txt HTTP/1.0" 301 0
INFO 2026-04-10 09:41:24,031 basehttp "GET /api/shared/.env HTTP/1.0" 301 0
INFO 2026-04-10 09:41:24,034 basehttp "GET /api/v2/.env HTTP/1.0" 301 0
INFO 2026-04-10 09:41:24,047 basehttp "GET /env HTTP/1.0" 301 0
INFO 2026-04-10 09:41:24,056 basehttp "GET /.env.json HTTP/1.0" 301 0
INFO 2026-04-10 09:41:24,080 basehttp "GET /.env.template HTTP/1.0" 301 0
INFO 2026-04-10 09:41:24,088 basehttp "GET /laravel/core/.env HTTP/1.0" 301 0
INFO 2026-04-10 09:41:24,092 basehttp "GET /api/shared/config/.env HTTP/1.0" 301 0
INFO 2026-04-10 09:41:24,098 basehttp "GET /.env.stripe HTTP/1.0" 301 0
INFO 2026-04-10 09:41:24,120 basehttp "GET /api/v1/.env HTTP/1.0" 301 0
INFO 2026-04-10 09:41:24,125 basehttp "GET /laravel/core/.env HTTP/1.0" 301 0
INFO 2026-04-10 09:41:24,132 basehttp "GET /payment/.env HTTP/1.0" 301 0
INFO 2026-04-10 09:41:24,141 basehttp "GET /backend/.env HTTP/1.0" 301 0
INFO 2026-04-10 09:41:24,148 basehttp "GET /laravel/.env HTTP/1.0" 301 0
INFO 2026-04-10 09:41:24,151 basehttp "GET /api/.env HTTP/1.0" 301 0
INFO 2026-04-10 09:41:24,155 basehttp "GET /core/.env HTTP/1.0" 301 0
INFO 2026-04-10 09:41:24,157 basehttp "GET /stripe/.env HTTP/1.0" 301 0
INFO 2026-04-10 09:41:24,159 basehttp "GET /api/v2/.env HTTP/1.0" 301 0
INFO 2026-04-10 09:41:24,168 basehttp "GET /backend/.env HTTP/1.0" 301 0
INFO 2026-04-10 09:41:24,201 basehttp "GET /admin/.env HTTP/1.0" 301 0
INFO 2026-04-10 09:41:24,202 basehttp "GET /.env.json HTTP/1.0" 301 0
INFO 2026-04-10 09:41:24,226 basehttp "GET /env HTTP/1.0" 301 0
INFO 2026-04-10 09:41:24,228 basehttp "GET /api/shared/config/.env HTTP/1.0" 301 0
INFO 2026-04-10 09:41:24,234 basehttp "GET /assets/.env HTTP/1.0" 301 0
INFO 2026-04-10 09:41:24,240 basehttp "GET /env.backup HTTP/1.0" 301 0
INFO 2026-04-10 09:41:24,253 basehttp "GET /.env.aws HTTP/1.0" 301 0
INFO 2026-04-10 09:41:24,255 basehttp "GET /app/.env HTTP/1.0" 301 0
INFO 2026-04-10 09:41:24,282 basehttp "GET /laravel/core/.env HTTP/1.0" 301 0
INFO 2026-04-10 09:41:24,316 basehttp "GET /docker/.env HTTP/1.0" 301 0
INFO 2026-04-10 09:41:24,317 basehttp "GET /api/v2/.env HTTP/1.0" 301 0
INFO 2026-04-10 09:41:24,324 basehttp "GET /stripe/.env HTTP/1.0" 301 0
INFO 2026-04-10 09:41:24,324 basehttp "GET /api/v1/.env HTTP/1.0" 301 0
INFO 2026-04-10 09:41:24,344 basehttp "GET /backend/.env HTTP/1.0" 301 0
INFO 2026-04-10 09:41:24,355 basehttp "GET /docker/app/.env HTTP/1.0" 301 0
INFO 2026-04-10 09:41:24,357 basehttp "GET /payment/.env HTTP/1.0" 301 0
INFO 2026-04-10 09:41:24,367 basehttp "GET /core/.env HTTP/1.0" 301 0
INFO 2026-04-10 09:41:24,378 basehttp "GET /api/shared/config/.env HTTP/1.0" 301 0
INFO 2026-04-10 09:41:24,388 basehttp "GET /api/.env HTTP/1.0" 301 0
INFO 2026-04-10 09:41:24,400 basehttp "GET /app/.env HTTP/1.0" 301 0
INFO 2026-04-10 09:41:24,405 basehttp "GET /server/.env HTTP/1.0" 301 0
INFO 2026-04-10 09:41:24,415 basehttp "GET /assets/.env HTTP/1.0" 301 0
INFO 2026-04-10 09:41:24,428 basehttp "GET /.env_sample HTTP/1.0" 301 0
INFO 2026-04-10 09:41:24,430 basehttp "GET /laravel/.env HTTP/1.0" 301 0
INFO 2026-04-10 09:41:24,437 basehttp "GET /api/shared/.env HTTP/1.0" 301 0
INFO 2026-04-10 09:41:24,443 basehttp "GET /env.backup HTTP/1.0" 301 0
INFO 2026-04-10 09:41:24,448 basehttp "GET /about HTTP/1.0" 301 0
INFO 2026-04-10 09:41:24,459 basehttp "GET /backend/.env HTTP/1.0" 301 0
INFO 2026-04-10 09:41:24,460 basehttp "GET /laravel/core/.env HTTP/1.0" 301 0
INFO 2026-04-10 09:41:24,469 basehttp "GET /docker/.env HTTP/1.0" 301 0
INFO 2026-04-10 09:41:24,470 basehttp "GET /api/v2/.env HTTP/1.0" 301 0
INFO 2026-04-10 09:41:24,494 basehttp "GET /.env.aws HTTP/1.0" 301 0
INFO 2026-04-10 09:41:24,495 basehttp "GET /api/v1/.env HTTP/1.0" 301 0
INFO 2026-04-10 09:41:24,496 basehttp "GET /docker/app/.env HTTP/1.0" 301 0
INFO 2026-04-10 09:41:24,532 basehttp "GET /api/shared/.env HTTP/1.0" 301 0
INFO 2026-04-10 09:41:24,542 basehttp "GET /payment/.env HTTP/1.0" 301 0
INFO 2026-04-10 09:41:24,544 basehttp "GET /api/shared/config/.env HTTP/1.0" 301 0
INFO 2026-04-10 09:41:24,545 basehttp "GET /admin/.env HTTP/1.0" 301 0
INFO 2026-04-10 09:41:24,566 basehttp "GET /app/.env HTTP/1.0" 301 0
INFO 2026-04-10 09:41:24,567 basehttp "GET /stripe/.env HTTP/1.0" 301 0
INFO 2026-04-10 09:41:24,567 basehttp "GET /core/.env HTTP/1.0" 301 0
INFO 2026-04-10 09:41:24,582 basehttp "GET /docker/app/.env HTTP/1.0" 301 0
INFO 2026-04-10 09:41:24,582 basehttp "GET /.env_sample HTTP/1.0" 301 0
INFO 2026-04-10 09:41:24,583 basehttp "GET /laravel/.env HTTP/1.0" 301 0
INFO 2026-04-10 09:41:24,594 basehttp "GET /docker/.env HTTP/1.0" 301 0
INFO 2026-04-10 09:41:24,594 basehttp "GET /web/.env HTTP/1.0" 301 0
INFO 2026-04-10 09:41:24,596 basehttp "GET /.env.aws HTTP/1.0" 301 0
INFO 2026-04-10 09:41:24,598 basehttp "GET /server/.env HTTP/1.0" 301 0
INFO 2026-04-10 09:41:24,605 basehttp "GET /admin/.env HTTP/1.0" 301 0
INFO 2026-04-10 09:41:24,607 basehttp "GET /stripe/.env HTTP/1.0" 301 0
INFO 2026-04-10 09:41:24,619 basehttp "GET /src/.env HTTP/1.0" 301 0
INFO 2026-04-10 09:41:24,629 basehttp "GET /api/shared/.env HTTP/1.0" 301 0
INFO 2026-04-10 09:41:24,652 basehttp "GET /src/config/.env HTTP/1.0" 301 0
INFO 2026-04-10 09:41:24,653 basehttp "GET /public/.env HTTP/1.0" 301 0
INFO 2026-04-10 09:41:24,656 basehttp "GET /payment/.env HTTP/1.0" 301 0
INFO 2026-04-10 09:41:24,666 basehttp "GET /config/.env HTTP/1.0" 301 0
INFO 2026-04-10 09:41:24,671 basehttp "GET /assets/.env HTTP/1.0" 301 0
INFO 2026-04-10 09:41:24,704 basehttp "GET /src/config/.env HTTP/1.0" 301 0
INFO 2026-04-10 09:41:24,706 basehttp "GET /core/.env HTTP/1.0" 301 0
INFO 2026-04-10 09:41:24,727 basehttp "GET /api/shared/.env HTTP/1.0" 301 0
INFO 2026-04-10 09:41:24,728 basehttp "GET /portal/.env HTTP/1.0" 301 0
INFO 2026-04-10 09:41:24,732 basehttp "GET /assets/.env HTTP/1.0" 301 0
INFO 2026-04-10 09:41:24,746 basehttp "GET /env/.env HTTP/1.0" 301 0
INFO 2026-04-10 09:41:24,751 basehttp "GET /app/.env HTTP/1.0" 301 0
INFO 2026-04-10 09:41:24,754 basehttp "GET /src/.env HTTP/1.0" 301 0
INFO 2026-04-10 09:41:24,761 basehttp "GET /laravel/.env HTTP/1.0" 301 0
INFO 2026-04-10 09:41:24,763 basehttp "GET /docker/.env HTTP/1.0" 301 0
INFO 2026-04-10 09:41:24,773 basehttp "GET /stripe/.env HTTP/1.0" 301 0
INFO 2026-04-10 09:41:24,778 basehttp "GET /portal/.env HTTP/1.0" 301 0
INFO 2026-04-10 09:41:24,778 basehttp "GET /payment/.env HTTP/1.0" 301 0
INFO 2026-04-10 09:41:24,784 basehttp "GET /docker/app/.env HTTP/1.0" 301 0
INFO 2026-04-10 09:41:24,785 basehttp "GET /src/config/.env HTTP/1.0" 301 0
INFO 2026-04-10 09:41:24,798 basehttp "GET /config/.env HTTP/1.0" 301 0
INFO 2026-04-10 09:41:24,800 basehttp "GET /admin/.env HTTP/1.0" 301 0
INFO 2026-04-10 09:41:24,830 basehttp "GET /docker/.env HTTP/1.0" 301 0
INFO 2026-04-10 09:41:24,840 basehttp "GET /core/.env HTTP/1.0" 301 0
INFO 2026-04-10 09:41:24,854 basehttp "GET / HTTP/1.0" 301 0
INFO 2026-04-10 09:41:24,862 basehttp "GET /assets/.env HTTP/1.0" 301 0
INFO 2026-04-10 09:41:24,864 basehttp "GET /core/.env HTTP/1.0" 301 0
INFO 2026-04-10 09:41:24,878 basehttp "GET /app/.env HTTP/1.0" 301 0
INFO 2026-04-10 09:41:24,879 basehttp "GET /public/.env HTTP/1.0" 301 0
INFO 2026-04-10 09:41:24,898 basehttp "GET /env/.env HTTP/1.0" 301 0
INFO 2026-04-10 09:41:24,905 basehttp "GET /stripe/.env HTTP/1.0" 301 0
INFO 2026-04-10 09:41:24,912 basehttp "GET /web/.env HTTP/1.0" 301 0
INFO 2026-04-10 09:41:25,000 basehttp "GET /web/.env HTTP/1.0" 301 0
INFO 2026-04-10 09:41:25,004 basehttp "GET /docker/app/.env HTTP/1.0" 301 0
INFO 2026-04-10 09:41:25,016 basehttp "GET /config/.env HTTP/1.0" 301 0
INFO 2026-04-10 09:41:25,021 basehttp "GET /server/.env HTTP/1.0" 301 0
INFO 2026-04-10 09:41:25,026 basehttp "GET / HTTP/1.0" 301 0
INFO 2026-04-10 09:41:25,029 basehttp "GET /portal/.env HTTP/1.0" 301 0
INFO 2026-04-10 09:41:25,031 basehttp "GET /src/.env HTTP/1.0" 301 0
INFO 2026-04-10 09:41:25,037 basehttp "GET /admin/.env HTTP/1.0" 301 0
INFO 2026-04-10 09:41:25,038 basehttp "GET /public/.env HTTP/1.0" 301 0
INFO 2026-04-10 09:41:25,080 basehttp "GET /assets/.env HTTP/1.0" 301 0
INFO 2026-04-10 09:41:25,092 basehttp "GET /docker/.env HTTP/1.0" 301 0
INFO 2026-04-10 09:41:25,096 basehttp "GET /src/config/.env HTTP/1.0" 301 0
INFO 2026-04-10 09:41:25,148 basehttp "GET /config/.env HTTP/1.0" 301 0
INFO 2026-04-10 09:41:25,148 basehttp "GET /env/.env HTTP/1.0" 301 0
INFO 2026-04-10 09:41:25,159 basehttp "GET /server/.env HTTP/1.0" 301 0
INFO 2026-04-10 09:41:25,166 basehttp "GET /web/.env HTTP/1.0" 301 0
INFO 2026-04-10 09:41:25,175 basehttp "GET /portal/.env HTTP/1.0" 301 0
INFO 2026-04-10 09:41:25,187 basehttp "GET /docker/app/.env HTTP/1.0" 301 0
INFO 2026-04-10 09:41:25,196 basehttp "GET / HTTP/1.0" 301 0
INFO 2026-04-10 09:41:25,213 basehttp "GET /src/.env HTTP/1.0" 301 0
INFO 2026-04-10 09:41:25,263 basehttp "GET /env/.env HTTP/1.0" 301 0
INFO 2026-04-10 09:41:25,269 basehttp "GET /src/config/.env HTTP/1.0" 301 0
INFO 2026-04-10 09:41:25,301 basehttp "GET /server/.env HTTP/1.0" 301 0
INFO 2026-04-10 09:41:25,310 basehttp "GET /portal/.env HTTP/1.0" 301 0
INFO 2026-04-10 09:41:25,341 basehttp "GET /src/.env HTTP/1.0" 301 0
INFO 2026-04-10 09:41:25,353 basehttp "GET /public/.env HTTP/1.0" 301 0
INFO 2026-04-10 09:41:25,356 basehttp "GET /config/.env HTTP/1.0" 301 0
INFO 2026-04-10 09:41:25,358 basehttp "GET /app/.env HTTP/1.0" 301 0
INFO 2026-04-10 09:41:25,362 basehttp "GET / HTTP/1.0" 301 0
INFO 2026-04-10 09:41:25,391 basehttp "GET /public/.env HTTP/1.0" 301 0
INFO 2026-04-10 09:41:25,410 basehttp "GET /env/.env HTTP/1.0" 301 0
INFO 2026-04-10 09:41:25,444 basehttp "GET /config/.env HTTP/1.0" 301 0
INFO 2026-04-10 09:41:25,447 basehttp "GET /login.action HTTP/1.0" 301 0
INFO 2026-04-10 09:41:25,476 basehttp "GET /server/.env HTTP/1.0" 301 0
INFO 2026-04-10 09:41:25,509 basehttp "GET /src/config/.env HTTP/1.0" 301 0
INFO 2026-04-10 09:41:25,532 basehttp "GET / HTTP/1.0" 301 0
INFO 2026-04-10 09:41:25,535 basehttp "GET /web/.env HTTP/1.0" 301 0
INFO 2026-04-10 09:41:25,536 basehttp "GET /public/.env HTTP/1.0" 301 0
INFO 2026-04-10 09:41:25,539 basehttp "GET /portal/.env HTTP/1.0" 301 0
INFO 2026-04-10 09:41:25,571 basehttp "GET /env/.env HTTP/1.0" 301 0
INFO 2026-04-10 09:41:25,598 basehttp "GET /src/.env HTTP/1.0" 301 0
INFO 2026-04-10 09:41:25,603 basehttp "GET /web/.env HTTP/1.0" 301 0
INFO 2026-04-10 09:41:25,701 basehttp "GET / HTTP/1.0" 301 0
INFO 2026-04-10 09:41:25,868 basehttp "GET / HTTP/1.0" 301 0
INFO 2026-04-10 09:41:26,034 basehttp "GET / HTTP/1.0" 301 0
INFO 2026-04-10 09:41:26,199 basehttp "GET / HTTP/1.0" 301 0
INFO 2026-04-10 09:41:26,365 basehttp "GET / HTTP/1.0" 301 0
INFO 2026-04-10 09:41:26,449 basehttp "GET /v2/_catalog HTTP/1.0" 301 0
INFO 2026-04-10 09:41:26,530 basehttp "GET / HTTP/1.0" 301 0
INFO 2026-04-10 09:41:26,696 basehttp "GET / HTTP/1.0" 301 0
INFO 2026-04-10 09:41:26,717 basehttp "GET /.DS_Store HTTP/1.0" 301 0
INFO 2026-04-10 09:41:26,863 basehttp "GET / HTTP/1.0" 301 0
INFO 2026-04-10 09:41:27,028 basehttp "GET / HTTP/1.0" 301 0
INFO 2026-04-10 09:41:27,194 basehttp "GET / HTTP/1.0" 301 0
INFO 2026-04-10 09:41:27,359 basehttp "GET / HTTP/1.0" 301 0
INFO 2026-04-10 09:41:27,525 basehttp "GET / HTTP/1.0" 301 0
INFO 2026-04-10 09:41:27,691 basehttp "GET / HTTP/1.0" 301 0
INFO 2026-04-10 09:41:27,715 basehttp "GET /.env HTTP/1.0" 301 0
INFO 2026-04-10 09:41:27,856 basehttp "GET / HTTP/1.0" 301 0
INFO 2026-04-10 09:41:28,021 basehttp "GET / HTTP/1.0" 301 0
INFO 2026-04-10 09:41:28,187 basehttp "GET / HTTP/1.0" 301 0
INFO 2026-04-10 09:41:28,351 basehttp "GET / HTTP/1.0" 301 0
INFO 2026-04-10 09:41:28,516 basehttp "GET / HTTP/1.0" 301 0
INFO 2026-04-10 09:41:28,682 basehttp "GET / HTTP/1.0" 301 0
INFO 2026-04-10 09:41:28,847 basehttp "GET / HTTP/1.0" 301 0
INFO 2026-04-10 09:41:29,012 basehttp "GET / HTTP/1.0" 301 0
INFO 2026-04-10 09:41:29,178 basehttp "GET / HTTP/1.0" 301 0
INFO 2026-04-10 09:41:29,344 basehttp "GET / HTTP/1.0" 301 0
INFO 2026-04-10 09:41:29,510 basehttp "GET / HTTP/1.0" 301 0
INFO 2026-04-10 09:41:29,676 basehttp "GET / HTTP/1.0" 301 0
INFO 2026-04-10 09:41:29,717 basehttp "GET /ecp/Current/exporttool/microsoft.exchange.ediscovery.exporttool.application HTTP/1.0" 301 0
INFO 2026-04-10 09:41:29,842 basehttp "GET / HTTP/1.0" 301 0
INFO 2026-04-10 09:41:31,725 basehttp "GET /.git/config HTTP/1.0" 301 0
INFO 2026-04-10 09:41:32,724 basehttp "POST /graphql HTTP/1.0" 301 0
INFO 2026-04-10 09:41:32,999 basehttp "POST /api HTTP/1.0" 301 0
INFO 2026-04-10 09:41:33,299 basehttp "POST /api/graphql HTTP/1.0" 301 0
INFO 2026-04-10 09:41:33,622 basehttp "POST /graphql/api HTTP/1.0" 301 0
INFO 2026-04-10 09:41:34,006 basehttp "POST /api/gql HTTP/1.0" 301 0
INFO 2026-04-10 09:41:34,342 basehttp "GET /s/8363e23393e2032323e21333/_/;/META-INF/maven/com.atlassian.jira/jira-webapp-dist/pom.properties HTTP/1.0" 301 0
INFO 2026-04-10 09:41:35,323 basehttp "GET /config.json HTTP/1.0" 301 0
INFO 2026-04-10 09:41:37,320 basehttp "GET /telescope/requests HTTP/1.0" 301 0
INFO 2026-04-10 09:41:37,588 basehttp "GET /info.php HTTP/1.0" 301 0
INFO 2026-04-10 09:41:38,589 basehttp "GET /.well-known/security.txt HTTP/1.0" 301 0
INFO 2026-04-10 09:41:39,600 basehttp "GET /actuator/env HTTP/1.0" 301 0
INFO 2026-04-10 09:41:41,592 basehttp "GET /swagger-ui.html HTTP/1.0" 301 0
INFO 2026-04-10 09:41:42,598 basehttp "GET /swagger/index.html HTTP/1.0" 301 0
INFO 2026-04-10 09:41:43,591 basehttp "GET /swagger/swagger-ui.html HTTP/1.0" 301 0
INFO 2026-04-10 09:41:44,597 basehttp "GET /webjars/swagger-ui/index.html HTTP/1.0" 301 0
INFO 2026-04-10 09:41:45,593 basehttp "GET /swagger.json HTTP/1.0" 301 0
INFO 2026-04-10 09:41:46,594 basehttp "GET /swagger/v1/swagger.json HTTP/1.0" 301 0
INFO 2026-04-10 09:41:47,618 basehttp "GET /v2/api-docs HTTP/1.0" 301 0
INFO 2026-04-10 09:41:48,617 basehttp "GET /v3/api-docs HTTP/1.0" 301 0
INFO 2026-04-10 09:41:49,617 basehttp "GET /api-docs/swagger.json HTTP/1.0" 301 0
INFO 2026-04-10 09:41:50,619 basehttp "GET /api/swagger.json HTTP/1.0" 301 0
INFO 2026-04-10 09:41:51,619 basehttp "GET /trace.axd HTTP/1.0" 301 0
INFO 2026-04-10 09:41:52,623 basehttp "GET /@vite/env HTTP/1.0" 301 0
INFO 2026-04-10 09:41:53,619 basehttp "GET /.vscode/sftp.json HTTP/1.0" 301 0
INFO 2026-04-10 09:41:55,622 basehttp "GET /?rest_route=/wp/v2/users/ HTTP/1.0" 301 0
INFO 2026-04-10 09:41:56,629 basehttp "GET /debug/default/view?panel=config HTTP/1.0" 301 0
INFO 2026-04-10 09:42:22,268 basehttp "GET / HTTP/1.0" 301 0
INFO 2026-04-10 09:42:22,376 basehttp "GET / HTTP/1.0" 301 0
INFO 2026-04-10 09:42:22,509 basehttp "GET / HTTP/1.0" 301 0
INFO 2026-04-10 09:42:22,617 basehttp "GET / HTTP/1.0" 301 0
INFO 2026-04-10 09:42:22,619 basehttp "GET / HTTP/1.0" 301 0
INFO 2026-04-10 09:42:22,718 basehttp "GET / HTTP/1.0" 301 0
INFO 2026-04-10 09:42:22,732 basehttp "GET / HTTP/1.0" 301 0
INFO 2026-04-10 09:42:22,816 basehttp "GET / HTTP/1.0" 301 0
INFO 2026-04-10 09:42:22,836 basehttp "GET / HTTP/1.0" 301 0
INFO 2026-04-10 09:42:22,919 basehttp "GET / HTTP/1.0" 301 0
INFO 2026-04-10 09:42:22,942 basehttp "GET / HTTP/1.0" 301 0
INFO 2026-04-10 09:42:23,017 basehttp "GET / HTTP/1.0" 301 0
INFO 2026-04-10 09:42:23,048 basehttp "GET / HTTP/1.0" 301 0
INFO 2026-04-10 09:42:23,118 basehttp "GET / HTTP/1.0" 301 0
INFO 2026-04-10 09:42:23,153 basehttp "GET / HTTP/1.0" 301 0
INFO 2026-04-10 09:42:23,217 basehttp "GET / HTTP/1.0" 301 0
INFO 2026-04-10 09:42:23,269 basehttp "GET / HTTP/1.0" 301 0
INFO 2026-04-10 09:42:23,316 basehttp "GET / HTTP/1.0" 301 0
INFO 2026-04-10 09:42:23,385 basehttp "GET / HTTP/1.0" 301 0
INFO 2026-04-10 09:42:23,416 basehttp "GET / HTTP/1.0" 301 0
INFO 2026-04-10 09:42:23,496 basehttp "GET / HTTP/1.0" 301 0
INFO 2026-04-10 09:42:23,516 basehttp "GET / HTTP/1.0" 301 0
INFO 2026-04-10 09:42:23,605 basehttp "GET / HTTP/1.0" 301 0
INFO 2026-04-10 09:42:23,614 basehttp "GET / HTTP/1.0" 301 0
INFO 2026-04-10 09:42:23,713 basehttp "GET / HTTP/1.0" 301 0
INFO 2026-04-10 09:42:23,729 basehttp "GET / HTTP/1.0" 301 0
INFO 2026-04-10 09:42:23,811 basehttp "GET / HTTP/1.0" 301 0
INFO 2026-04-10 09:42:23,831 basehttp "GET / HTTP/1.0" 301 0
INFO 2026-04-10 09:42:23,910 basehttp "GET / HTTP/1.0" 301 0
INFO 2026-04-10 09:42:23,937 basehttp "GET / HTTP/1.0" 301 0
INFO 2026-04-10 09:42:24,011 basehttp "GET / HTTP/1.0" 301 0
INFO 2026-04-10 09:42:24,041 basehttp "GET / HTTP/1.0" 301 0
INFO 2026-04-10 09:42:24,114 basehttp "GET / HTTP/1.0" 301 0
INFO 2026-04-10 09:42:24,150 basehttp "GET / HTTP/1.0" 301 0
INFO 2026-04-10 09:42:24,212 basehttp "GET / HTTP/1.0" 301 0
INFO 2026-04-10 09:42:24,258 basehttp "GET / HTTP/1.0" 301 0
INFO 2026-04-10 09:42:24,315 basehttp "GET / HTTP/1.0" 301 0
INFO 2026-04-10 09:42:24,413 basehttp "GET / HTTP/1.0" 301 0
INFO 2026-04-10 09:42:24,512 basehttp "GET / HTTP/1.0" 301 0
INFO 2026-04-10 09:42:25,077 basehttp "GET / HTTP/1.0" 301 0
INFO 2026-04-10 09:42:25,179 basehttp "GET / HTTP/1.0" 301 0
INFO 2026-04-10 09:42:25,281 basehttp "GET / HTTP/1.0" 301 0
INFO 2026-04-10 09:42:25,386 basehttp "GET / HTTP/1.0" 301 0
INFO 2026-04-10 09:42:25,488 basehttp "GET / HTTP/1.0" 301 0
INFO 2026-04-10 09:42:25,590 basehttp "GET / HTTP/1.0" 301 0
INFO 2026-04-10 09:42:25,694 basehttp "GET / HTTP/1.0" 301 0
INFO 2026-04-10 09:42:25,798 basehttp "GET / HTTP/1.0" 301 0
INFO 2026-04-10 09:42:25,902 basehttp "GET / HTTP/1.0" 301 0
INFO 2026-04-10 09:42:26,007 basehttp "GET / HTTP/1.0" 301 0
INFO 2026-04-10 09:42:26,111 basehttp "GET / HTTP/1.0" 301 0
INFO 2026-04-10 09:42:26,218 basehttp "GET / HTTP/1.0" 301 0
INFO 2026-04-10 09:42:26,324 basehttp "GET / HTTP/1.0" 301 0
INFO 2026-04-10 09:42:26,427 basehttp "GET / HTTP/1.0" 301 0
INFO 2026-04-10 09:42:26,528 basehttp "GET / HTTP/1.0" 301 0
INFO 2026-04-10 09:42:26,635 basehttp "GET / HTTP/1.0" 301 0
INFO 2026-04-10 09:42:26,739 basehttp "GET / HTTP/1.0" 301 0
INFO 2026-04-10 09:42:27,082 basehttp "GET / HTTP/1.0" 301 0
INFO 2026-04-10 09:42:27,398 basehttp "GET / HTTP/1.0" 301 0
INFO 2026-04-10 09:42:27,531 basehttp "GET / HTTP/1.0" 301 0
INFO 2026-04-10 09:42:33,287 basehttp "GET / HTTP/1.0" 301 0
INFO 2026-04-10 09:42:34,163 basehttp "GET / HTTP/1.0" 301 0
INFO 2026-04-10 09:42:35,114 basehttp "GET / HTTP/1.0" 301 0
INFO 2026-04-10 09:42:35,848 basehttp "GET / HTTP/1.0" 301 0
INFO 2026-04-10 09:42:36,962 basehttp "GET / HTTP/1.0" 301 0
INFO 2026-04-10 09:42:37,471 basehttp "GET / HTTP/1.0" 301 0
INFO 2026-04-10 09:42:38,106 basehttp "GET / HTTP/1.0" 301 0
INFO 2026-04-10 09:42:38,825 basehttp "GET / HTTP/1.0" 301 0
INFO 2026-04-10 09:42:39,669 basehttp "GET / HTTP/1.0" 301 0
INFO 2026-04-10 09:42:40,019 basehttp "GET / HTTP/1.0" 301 0
INFO 2026-04-10 09:42:40,119 basehttp "GET / HTTP/1.0" 301 0
INFO 2026-04-10 09:42:40,217 basehttp "GET / HTTP/1.0" 301 0
INFO 2026-04-10 09:42:40,314 basehttp "GET / HTTP/1.0" 301 0
INFO 2026-04-10 09:42:40,341 basehttp "GET /favicon.ico HTTP/1.0" 301 0
INFO 2026-04-10 09:42:40,411 basehttp "GET / HTTP/1.0" 301 0
INFO 2026-04-10 09:42:40,509 basehttp "GET / HTTP/1.0" 301 0
INFO 2026-04-10 09:42:40,606 basehttp "GET / HTTP/1.0" 301 0
INFO 2026-04-10 09:42:40,706 basehttp "GET / HTTP/1.0" 301 0
INFO 2026-04-10 09:42:40,804 basehttp "GET / HTTP/1.0" 301 0
INFO 2026-04-10 09:42:40,901 basehttp "GET / HTTP/1.0" 301 0
INFO 2026-04-10 09:42:41,001 basehttp "GET / HTTP/1.0" 301 0
INFO 2026-04-10 09:42:41,085 basehttp "GET /favicon.ico HTTP/1.0" 301 0
INFO 2026-04-10 09:42:41,399 basehttp "GET / HTTP/1.0" 301 0
INFO 2026-04-10 09:42:41,497 basehttp "GET / HTTP/1.0" 301 0
INFO 2026-04-10 09:42:41,597 basehttp "GET / HTTP/1.0" 301 0
INFO 2026-04-10 09:42:41,694 basehttp "GET / HTTP/1.0" 301 0
INFO 2026-04-10 09:42:41,798 basehttp "GET / HTTP/1.0" 301 0
INFO 2026-04-10 09:42:41,896 basehttp "GET / HTTP/1.0" 301 0
INFO 2026-04-10 09:42:42,157 basehttp "GET /favicon.ico HTTP/1.0" 301 0
INFO 2026-04-10 09:42:42,217 basehttp "GET / HTTP/1.0" 301 0
INFO 2026-04-10 09:42:42,313 basehttp "GET / HTTP/1.0" 301 0
INFO 2026-04-10 09:42:42,413 basehttp "GET / HTTP/1.0" 301 0
INFO 2026-04-10 09:42:42,839 basehttp "GET /favicon.ico HTTP/1.0" 301 0
INFO 2026-04-10 09:42:43,707 basehttp "GET / HTTP/1.0" 301 0
INFO 2026-04-10 09:42:43,811 basehttp "GET / HTTP/1.0" 301 0
INFO 2026-04-10 09:42:43,914 basehttp "GET / HTTP/1.0" 301 0
INFO 2026-04-10 09:42:44,021 basehttp "GET / HTTP/1.0" 301 0
INFO 2026-04-10 09:42:44,054 basehttp "GET /favicon.ico HTTP/1.0" 301 0
INFO 2026-04-10 09:42:44,125 basehttp "GET / HTTP/1.0" 301 0
INFO 2026-04-10 09:42:44,232 basehttp "GET / HTTP/1.0" 301 0
INFO 2026-04-10 09:42:44,343 basehttp "GET / HTTP/1.0" 301 0
INFO 2026-04-10 09:42:44,464 basehttp "GET / HTTP/1.0" 301 0
INFO 2026-04-10 09:42:44,574 basehttp "GET / HTTP/1.0" 301 0
INFO 2026-04-10 09:42:44,679 basehttp "GET / HTTP/1.0" 301 0
INFO 2026-04-10 09:42:44,783 basehttp "GET / HTTP/1.0" 301 0
INFO 2026-04-10 09:42:44,885 basehttp "GET / HTTP/1.0" 301 0
INFO 2026-04-10 09:42:44,992 basehttp "GET / HTTP/1.0" 301 0
INFO 2026-04-10 09:42:45,148 basehttp "GET / HTTP/1.0" 301 0
INFO 2026-04-10 09:42:45,263 basehttp "GET / HTTP/1.0" 301 0
INFO 2026-04-10 09:42:45,292 basehttp "GET /favicon.ico HTTP/1.0" 301 0
INFO 2026-04-10 09:42:45,372 basehttp "GET / HTTP/1.0" 301 0
INFO 2026-04-10 09:42:45,479 basehttp "GET / HTTP/1.0" 301 0
INFO 2026-04-10 09:42:45,618 basehttp "GET / HTTP/1.0" 301 0
INFO 2026-04-10 09:42:45,737 basehttp "GET / HTTP/1.0" 301 0
INFO 2026-04-10 09:42:46,614 basehttp "GET / HTTP/1.0" 301 0
INFO 2026-04-10 09:42:46,719 basehttp "GET / HTTP/1.0" 301 0
INFO 2026-04-10 09:42:46,722 basehttp "GET /favicon.ico HTTP/1.0" 301 0
INFO 2026-04-10 09:42:46,826 basehttp "GET / HTTP/1.0" 301 0
INFO 2026-04-10 09:42:46,936 basehttp "GET / HTTP/1.0" 301 0
INFO 2026-04-10 09:42:47,044 basehttp "GET / HTTP/1.0" 301 0
INFO 2026-04-10 09:42:47,151 basehttp "GET / HTTP/1.0" 301 0
INFO 2026-04-10 09:42:47,260 basehttp "GET / HTTP/1.0" 301 0
INFO 2026-04-10 09:42:47,364 basehttp "GET / HTTP/1.0" 301 0
INFO 2026-04-10 09:42:47,470 basehttp "GET / HTTP/1.0" 301 0
INFO 2026-04-10 09:42:47,481 basehttp "GET /favicon.ico HTTP/1.0" 301 0
INFO 2026-04-10 09:42:47,587 basehttp "GET / HTTP/1.0" 301 0
INFO 2026-04-10 09:42:47,690 basehttp "GET / HTTP/1.0" 301 0
INFO 2026-04-10 09:42:47,797 basehttp "GET / HTTP/1.0" 301 0
INFO 2026-04-10 09:42:47,902 basehttp "GET / HTTP/1.0" 301 0
INFO 2026-04-10 09:42:48,015 basehttp "GET / HTTP/1.0" 301 0
INFO 2026-04-10 09:42:48,129 basehttp "GET / HTTP/1.0" 301 0
INFO 2026-04-10 09:42:48,238 basehttp "GET / HTTP/1.0" 301 0
INFO 2026-04-10 09:42:48,367 basehttp "GET / HTTP/1.0" 301 0
INFO 2026-04-10 09:42:48,381 basehttp "GET /favicon.ico HTTP/1.0" 301 0
INFO 2026-04-10 09:42:48,473 basehttp "GET / HTTP/1.0" 301 0
INFO 2026-04-10 09:42:48,578 basehttp "GET / HTTP/1.0" 301 0
INFO 2026-04-10 09:42:48,688 basehttp "GET / HTTP/1.0" 301 0
INFO 2026-04-10 09:42:49,381 basehttp "GET /favicon.ico HTTP/1.0" 301 0
INFO 2026-04-10 09:42:59,514 basehttp "GET / HTTP/1.0" 301 0
INFO 2026-04-10 09:42:59,616 basehttp "GET / HTTP/1.0" 301 0
INFO 2026-04-10 09:42:59,713 basehttp "GET / HTTP/1.0" 301 0
INFO 2026-04-10 09:42:59,809 basehttp "GET / HTTP/1.0" 301 0
INFO 2026-04-10 09:42:59,906 basehttp "GET / HTTP/1.0" 301 0
INFO 2026-04-10 09:43:00,004 basehttp "GET / HTTP/1.0" 301 0
INFO 2026-04-10 09:43:00,102 basehttp "GET / HTTP/1.0" 301 0
INFO 2026-04-10 09:43:00,205 basehttp "GET / HTTP/1.0" 301 0
INFO 2026-04-10 09:43:00,311 basehttp "GET / HTTP/1.0" 301 0
INFO 2026-04-10 09:43:00,417 basehttp "GET / HTTP/1.0" 301 0
INFO 2026-04-10 09:43:00,513 basehttp "GET / HTTP/1.0" 301 0
INFO 2026-04-10 09:43:00,614 basehttp "GET / HTTP/1.0" 301 0
INFO 2026-04-10 09:43:00,712 basehttp "GET / HTTP/1.0" 301 0
INFO 2026-04-10 09:43:00,811 basehttp "GET / HTTP/1.0" 301 0
INFO 2026-04-10 09:43:00,908 basehttp "GET / HTTP/1.0" 301 0
INFO 2026-04-10 09:43:01,007 basehttp "GET / HTTP/1.0" 301 0
INFO 2026-04-10 09:43:01,105 basehttp "GET / HTTP/1.0" 301 0
INFO 2026-04-10 09:43:01,215 basehttp "GET / HTTP/1.0" 301 0
INFO 2026-04-10 09:43:01,316 basehttp "GET / HTTP/1.0" 301 0
INFO 2026-04-10 09:43:01,415 basehttp "GET / HTTP/1.0" 301 0
INFO 2026-04-10 09:43:06,245 basehttp "GET / HTTP/1.0" 301 0
INFO 2026-04-10 09:43:06,433 basehttp "GET / HTTP/1.0" 301 0
INFO 2026-04-10 09:43:06,597 basehttp "GET / HTTP/1.0" 301 0
INFO 2026-04-10 09:43:06,761 basehttp "GET / HTTP/1.0" 301 0
INFO 2026-04-10 09:43:06,925 basehttp "GET / HTTP/1.0" 301 0
INFO 2026-04-10 09:43:07,378 basehttp "GET / HTTP/1.0" 301 0
INFO 2026-04-10 09:43:07,544 basehttp "GET / HTTP/1.0" 301 0
INFO 2026-04-10 09:43:07,709 basehttp "GET / HTTP/1.0" 301 0
INFO 2026-04-10 09:43:07,880 basehttp "GET / HTTP/1.0" 301 0
INFO 2026-04-10 09:43:08,044 basehttp "GET / HTTP/1.0" 301 0
INFO 2026-04-10 09:43:08,212 basehttp "GET / HTTP/1.0" 301 0
INFO 2026-04-10 09:43:09,302 basehttp "GET / HTTP/1.0" 301 0
INFO 2026-04-10 09:43:09,466 basehttp "GET / HTTP/1.0" 301 0
INFO 2026-04-10 09:43:09,633 basehttp "GET / HTTP/1.0" 301 0
INFO 2026-04-10 09:43:09,815 basehttp "GET / HTTP/1.0" 301 0
INFO 2026-04-10 09:43:10,000 basehttp "GET / HTTP/1.0" 301 0
INFO 2026-04-10 09:43:10,211 basehttp "GET / HTTP/1.0" 301 0
INFO 2026-04-10 09:43:10,411 basehttp "GET / HTTP/1.0" 301 0
INFO 2026-04-10 09:43:19,627 basehttp "GET / HTTP/1.0" 301 0
INFO 2026-04-10 09:43:19,746 basehttp "GET / HTTP/1.0" 301 0
INFO 2026-04-10 09:43:19,866 basehttp "GET / HTTP/1.0" 301 0
INFO 2026-04-10 09:43:19,987 basehttp "GET / HTTP/1.0" 301 0
INFO 2026-04-10 09:43:20,107 basehttp "GET / HTTP/1.0" 301 0
INFO 2026-04-10 09:43:20,228 basehttp "GET / HTTP/1.0" 301 0
INFO 2026-04-10 09:43:20,348 basehttp "GET / HTTP/1.0" 301 0
INFO 2026-04-10 09:43:20,469 basehttp "GET / HTTP/1.0" 301 0
INFO 2026-04-10 09:43:20,589 basehttp "GET / HTTP/1.0" 301 0
INFO 2026-04-10 09:43:20,708 basehttp "GET / HTTP/1.0" 301 0
INFO 2026-04-10 09:43:20,833 basehttp "GET / HTTP/1.0" 301 0
INFO 2026-04-10 09:43:20,955 basehttp "GET / HTTP/1.0" 301 0
INFO 2026-04-10 09:43:21,075 basehttp "GET / HTTP/1.0" 301 0
INFO 2026-04-10 09:43:21,196 basehttp "GET / HTTP/1.0" 301 0
INFO 2026-04-10 09:43:21,316 basehttp "GET / HTTP/1.0" 301 0
INFO 2026-04-10 09:43:21,438 basehttp "GET / HTTP/1.0" 301 0
INFO 2026-04-10 09:43:21,557 basehttp "GET / HTTP/1.0" 301 0
INFO 2026-04-10 09:43:21,677 basehttp "GET / HTTP/1.0" 301 0
INFO 2026-04-10 09:43:21,798 basehttp "GET / HTTP/1.0" 301 0
INFO 2026-04-10 09:43:21,918 basehttp "GET / HTTP/1.0" 301 0
INFO 2026-04-10 09:43:28,821 basehttp "GET / HTTP/1.0" 301 0
INFO 2026-04-10 09:43:28,984 basehttp "GET / HTTP/1.0" 301 0
INFO 2026-04-10 09:43:29,148 basehttp "GET / HTTP/1.0" 301 0
INFO 2026-04-10 09:43:29,318 basehttp "GET / HTTP/1.0" 301 0
INFO 2026-04-10 09:43:29,482 basehttp "GET / HTTP/1.0" 301 0
INFO 2026-04-10 09:43:29,648 basehttp "GET / HTTP/1.0" 301 0
INFO 2026-04-10 09:43:29,813 basehttp "GET / HTTP/1.0" 301 0
INFO 2026-04-10 09:43:29,977 basehttp "GET / HTTP/1.0" 301 0
INFO 2026-04-10 09:43:30,145 basehttp "GET / HTTP/1.0" 301 0
INFO 2026-04-10 09:43:30,324 basehttp "GET / HTTP/1.0" 301 0
INFO 2026-04-10 09:43:30,488 basehttp "GET / HTTP/1.0" 301 0
INFO 2026-04-10 09:43:30,657 basehttp "GET / HTTP/1.0" 301 0
INFO 2026-04-10 09:43:30,823 basehttp "GET / HTTP/1.0" 301 0
INFO 2026-04-10 09:43:30,990 basehttp "GET / HTTP/1.0" 301 0
INFO 2026-04-10 09:43:31,155 basehttp "GET / HTTP/1.0" 301 0
INFO 2026-04-10 09:43:31,319 basehttp "GET / HTTP/1.0" 301 0
INFO 2026-04-10 09:43:31,483 basehttp "GET / HTTP/1.0" 301 0
INFO 2026-04-10 09:43:31,647 basehttp "GET / HTTP/1.0" 301 0
INFO 2026-04-10 09:43:31,829 basehttp "GET / HTTP/1.0" 301 0
INFO 2026-04-10 09:43:41,609 basehttp "GET / HTTP/1.0" 301 0
INFO 2026-04-10 09:43:41,706 basehttp "GET / HTTP/1.0" 301 0
INFO 2026-04-10 09:43:41,804 basehttp "GET / HTTP/1.0" 301 0
INFO 2026-04-10 09:43:41,900 basehttp "GET / HTTP/1.0" 301 0
INFO 2026-04-10 09:43:41,998 basehttp "GET / HTTP/1.0" 301 0
INFO 2026-04-10 09:43:42,097 basehttp "GET / HTTP/1.0" 301 0
INFO 2026-04-10 09:43:42,194 basehttp "GET / HTTP/1.0" 301 0
INFO 2026-04-10 09:43:42,291 basehttp "GET / HTTP/1.0" 301 0
INFO 2026-04-10 09:43:42,387 basehttp "GET / HTTP/1.0" 301 0
INFO 2026-04-10 09:43:42,484 basehttp "GET / HTTP/1.0" 301 0
INFO 2026-04-10 09:43:42,580 basehttp "GET / HTTP/1.0" 301 0
INFO 2026-04-10 09:43:42,678 basehttp "GET / HTTP/1.0" 301 0
INFO 2026-04-10 09:43:42,773 basehttp "GET / HTTP/1.0" 301 0
INFO 2026-04-10 09:43:42,868 basehttp "GET / HTTP/1.0" 301 0
INFO 2026-04-10 09:43:42,965 basehttp "GET / HTTP/1.0" 301 0
INFO 2026-04-10 09:43:43,063 basehttp "GET / HTTP/1.0" 301 0
INFO 2026-04-10 09:43:43,163 basehttp "GET / HTTP/1.0" 301 0
INFO 2026-04-10 09:43:43,261 basehttp "GET / HTTP/1.0" 301 0
INFO 2026-04-10 09:43:43,356 basehttp "GET / HTTP/1.0" 301 0
INFO 2026-04-10 09:43:43,452 basehttp "GET / HTTP/1.0" 301 0
INFO 2026-04-10 09:43:53,241 basehttp "GET / HTTP/1.0" 301 0
INFO 2026-04-10 09:43:53,529 basehttp "GET / HTTP/1.0" 301 0
INFO 2026-04-10 09:43:53,747 basehttp "GET / HTTP/1.0" 301 0
INFO 2026-04-10 09:43:53,983 basehttp "GET / HTTP/1.0" 301 0
INFO 2026-04-10 09:43:55,026 basehttp "GET / HTTP/1.0" 301 0
INFO 2026-04-10 09:43:55,260 basehttp "GET / HTTP/1.0" 301 0
INFO 2026-04-10 09:43:55,473 basehttp "GET / HTTP/1.0" 301 0
INFO 2026-04-10 09:43:55,698 basehttp "GET / HTTP/1.0" 301 0
INFO 2026-04-10 09:43:55,910 basehttp "GET / HTTP/1.0" 301 0
INFO 2026-04-10 09:43:56,123 basehttp "GET / HTTP/1.0" 301 0
INFO 2026-04-10 09:43:56,337 basehttp "GET / HTTP/1.0" 301 0
INFO 2026-04-10 09:43:56,552 basehttp "GET / HTTP/1.0" 301 0
INFO 2026-04-10 09:43:56,763 basehttp "GET / HTTP/1.0" 301 0
INFO 2026-04-10 09:43:56,973 basehttp "GET / HTTP/1.0" 301 0
INFO 2026-04-10 09:43:57,184 basehttp "GET / HTTP/1.0" 301 0
INFO 2026-04-10 09:43:57,395 basehttp "GET / HTTP/1.0" 301 0
INFO 2026-04-10 09:43:57,606 basehttp "GET / HTTP/1.0" 301 0
INFO 2026-04-10 09:43:57,823 basehttp "GET / HTTP/1.0" 301 0
INFO 2026-04-10 09:54:28,285 autoreload Watching for file changes with StatReloader
INFO 2026-04-10 09:54:29,333 basehttp "GET /docs HTTP/1.0" 301 0
INFO 2026-04-10 09:54:29,472 basehttp "GET /docs HTTP/1.0" 301 0
INFO 2026-04-10 09:54:29,622 basehttp "GET /docs HTTP/1.0" 301 0
INFO 2026-04-10 09:54:29,766 basehttp "GET /docs HTTP/1.0" 301 0
INFO 2026-04-10 09:54:29,854 basehttp "GET /docs HTTP/1.0" 301 0
INFO 2026-04-10 09:54:29,998 basehttp "GET /docs HTTP/1.0" 301 0
INFO 2026-04-10 09:54:30,138 basehttp "GET /docs HTTP/1.0" 301 0
INFO 2026-04-10 09:54:30,283 basehttp "GET /docs HTTP/1.0" 301 0
INFO 2026-04-10 09:54:30,426 basehttp "GET /docs HTTP/1.0" 301 0
INFO 2026-04-10 09:54:30,594 basehttp "GET /docs HTTP/1.0" 301 0
INFO 2026-04-10 09:54:30,749 basehttp "GET /docs HTTP/1.0" 301 0
INFO 2026-04-10 09:54:30,900 basehttp "GET /docs HTTP/1.0" 301 0
INFO 2026-04-10 09:54:31,042 basehttp "GET /docs HTTP/1.0" 301 0
INFO 2026-04-10 09:54:31,197 basehttp "GET /docs HTTP/1.0" 301 0
INFO 2026-04-10 09:54:31,336 basehttp "GET /docs HTTP/1.0" 301 0
INFO 2026-04-10 09:54:31,476 basehttp "GET /docs HTTP/1.0" 301 0
INFO 2026-04-10 09:54:31,625 basehttp "GET /docs HTTP/1.0" 301 0
INFO 2026-04-10 09:54:31,776 basehttp "GET /docs HTTP/1.0" 301 0
INFO 2026-04-10 09:54:31,919 basehttp "GET /docs HTTP/1.0" 301 0
INFO 2026-04-10 09:54:32,066 basehttp "GET /docs HTTP/1.0" 301 0
INFO 2026-04-10 09:54:32,207 basehttp "GET /docs HTTP/1.0" 301 0
INFO 2026-04-10 09:54:32,351 basehttp "GET /docs HTTP/1.0" 301 0
INFO 2026-04-10 09:54:32,494 basehttp "GET /docs HTTP/1.0" 301 0
INFO 2026-04-10 09:54:32,655 basehttp "GET /docs HTTP/1.0" 301 0
INFO 2026-04-10 09:54:33,854 basehttp "GET /docs HTTP/1.0" 301 0
INFO 2026-04-10 09:54:33,998 basehttp "GET /docs HTTP/1.0" 301 0
INFO 2026-04-10 09:54:34,148 basehttp "GET /docs HTTP/1.0" 301 0
INFO 2026-04-10 09:54:34,297 basehttp "GET /docs HTTP/1.0" 301 0
INFO 2026-04-10 09:54:34,438 basehttp "GET /docs HTTP/1.0" 301 0
INFO 2026-04-10 09:54:34,583 basehttp "GET /docs HTTP/1.0" 301 0
INFO 2026-04-10 09:54:34,734 basehttp "GET /docs HTTP/1.0" 301 0
INFO 2026-04-10 09:54:34,874 basehttp "GET /docs HTTP/1.0" 301 0
INFO 2026-04-10 09:54:35,012 basehttp "GET /docs HTTP/1.0" 301 0
INFO 2026-04-10 09:54:35,156 basehttp "GET /docs HTTP/1.0" 301 0
INFO 2026-04-10 09:54:35,298 basehttp "GET /docs HTTP/1.0" 301 0
INFO 2026-04-10 09:54:35,450 basehttp "GET /docs HTTP/1.0" 301 0
INFO 2026-04-10 09:54:35,596 basehttp "GET /docs HTTP/1.0" 301 0
INFO 2026-04-10 09:54:35,740 basehttp "GET /docs HTTP/1.0" 301 0
INFO 2026-04-10 09:54:35,887 basehttp "GET /docs HTTP/1.0" 301 0
INFO 2026-04-10 09:54:36,033 basehttp "GET /docs HTTP/1.0" 301 0
INFO 2026-04-10 09:54:36,173 basehttp "GET /docs HTTP/1.0" 301 0
INFO 2026-04-10 09:54:36,311 basehttp "GET /docs HTTP/1.0" 301 0
INFO 2026-04-10 09:54:36,454 basehttp "GET /docs HTTP/1.0" 301 0
INFO 2026-04-10 09:54:36,598 basehttp "GET /docs HTTP/1.0" 301 0
INFO 2026-04-12 15:51:34,724 autoreload Watching for file changes with StatReloader
INFO 2026-04-12 15:59:10,816 autoreload Watching for file changes with StatReloader
INFO 2026-04-12 15:59:18,141 basehttp "GET / HTTP/1.0" 301 0
INFO 2026-04-12 15:59:19,442 basehttp "GET / HTTP/1.0" 301 0
INFO 2026-04-12 15:59:19,620 basehttp "GET / HTTP/1.0" 301 0
INFO 2026-04-12 15:59:19,762 basehttp "GET / HTTP/1.0" 301 0
INFO 2026-04-12 15:59:19,922 basehttp "GET / HTTP/1.0" 301 0
INFO 2026-04-12 15:59:20,144 basehttp "GET / HTTP/1.0" 301 0
INFO 2026-04-12 15:59:20,362 basehttp "GET / HTTP/1.0" 301 0
INFO 2026-04-12 15:59:20,561 basehttp "GET / HTTP/1.0" 301 0
INFO 2026-04-12 15:59:20,761 basehttp "GET / HTTP/1.0" 301 0
INFO 2026-04-12 15:59:21,000 basehttp "GET / HTTP/1.0" 301 0
INFO 2026-04-12 15:59:21,159 basehttp "GET / HTTP/1.0" 301 0
INFO 2026-04-12 15:59:21,323 basehttp "GET / HTTP/1.0" 301 0
INFO 2026-04-12 15:59:21,482 basehttp "GET / HTTP/1.0" 301 0
INFO 2026-04-12 15:59:21,641 basehttp "GET / HTTP/1.0" 301 0
INFO 2026-04-12 15:59:21,801 basehttp "GET / HTTP/1.0" 301 0
INFO 2026-04-12 15:59:21,941 basehttp "GET / HTTP/1.0" 301 0
INFO 2026-04-12 15:59:22,101 basehttp "GET / HTTP/1.0" 301 0
INFO 2026-04-12 15:59:22,260 basehttp "GET / HTTP/1.0" 301 0
INFO 2026-04-12 15:59:22,541 basehttp "GET / HTTP/1.0" 301 0
INFO 2026-04-12 15:59:22,740 basehttp "GET / HTTP/1.0" 301 0
INFO 2026-04-12 15:59:22,902 basehttp "GET / HTTP/1.0" 301 0
INFO 2026-04-12 15:59:59,171 basehttp "GET / HTTP/1.0" 301 0
INFO 2026-04-12 15:59:59,329 basehttp "GET / HTTP/1.0" 301 0
INFO 2026-04-12 15:59:59,480 basehttp "GET / HTTP/1.0" 301 0
INFO 2026-04-12 15:59:59,662 basehttp "GET / HTTP/1.0" 301 0
INFO 2026-04-12 15:59:59,820 basehttp "GET / HTTP/1.0" 301 0
INFO 2026-04-12 16:00:00,086 basehttp "GET / HTTP/1.0" 301 0
INFO 2026-04-12 16:00:00,253 basehttp "GET / HTTP/1.0" 301 0
INFO 2026-04-12 16:00:00,432 basehttp "GET / HTTP/1.0" 301 0
INFO 2026-04-12 16:00:02,252 basehttp "GET / HTTP/1.0" 301 0
INFO 2026-04-12 16:00:02,440 basehttp "GET / HTTP/1.0" 301 0
INFO 2026-04-12 16:00:02,698 basehttp "GET / HTTP/1.0" 301 0
INFO 2026-04-12 16:00:02,969 basehttp "GET / HTTP/1.0" 301 0
INFO 2026-04-12 16:00:03,155 basehttp "GET / HTTP/1.0" 301 0
INFO 2026-04-12 16:00:03,381 basehttp "GET / HTTP/1.0" 301 0
INFO 2026-04-12 16:00:03,589 basehttp "GET / HTTP/1.0" 301 0
INFO 2026-04-12 16:00:03,750 basehttp "GET / HTTP/1.0" 301 0
INFO 2026-04-12 16:00:03,972 basehttp "GET / HTTP/1.0" 301 0
INFO 2026-04-12 16:00:04,208 basehttp "GET / HTTP/1.0" 301 0
INFO 2026-04-12 16:00:04,432 basehttp "GET / HTTP/1.0" 301 0
INFO 2026-04-12 16:00:04,595 basehttp "GET / HTTP/1.0" 301 0
INFO 2026-04-12 16:00:09,310 basehttp "GET /api/auth/login/ HTTP/1.0" 301 0
INFO 2026-04-12 16:00:10,583 basehttp "GET /api/auth/login/ HTTP/1.0" 301 0
INFO 2026-04-12 16:00:10,843 basehttp "GET /api/auth/login/ HTTP/1.0" 301 0
INFO 2026-04-12 16:00:11,048 basehttp "GET /api/auth/login/ HTTP/1.0" 301 0
INFO 2026-04-12 16:00:11,308 basehttp "GET /api/auth/login/ HTTP/1.0" 301 0
INFO 2026-04-12 16:00:11,469 basehttp "GET /api/auth/login/ HTTP/1.0" 301 0
INFO 2026-04-12 16:00:11,624 basehttp "GET /api/auth/login/ HTTP/1.0" 301 0
INFO 2026-04-12 16:00:11,831 basehttp "GET /api/auth/login/ HTTP/1.0" 301 0
INFO 2026-04-12 16:00:12,025 basehttp "GET /api/auth/login/ HTTP/1.0" 301 0
INFO 2026-04-12 16:00:12,196 basehttp "GET /api/auth/login/ HTTP/1.0" 301 0
INFO 2026-04-12 16:00:12,429 basehttp "GET /api/auth/login/ HTTP/1.0" 301 0
INFO 2026-04-12 16:00:12,685 basehttp "GET /api/auth/login/ HTTP/1.0" 301 0
INFO 2026-04-12 16:00:12,841 basehttp "GET /api/auth/login/ HTTP/1.0" 301 0
INFO 2026-04-12 16:00:13,113 basehttp "GET /api/auth/login/ HTTP/1.0" 301 0
INFO 2026-04-12 16:00:13,285 basehttp "GET /api/auth/login/ HTTP/1.0" 301 0
INFO 2026-04-12 16:00:13,445 basehttp "GET /api/auth/login/ HTTP/1.0" 301 0
INFO 2026-04-12 16:00:13,623 basehttp "GET /api/auth/login/ HTTP/1.0" 301 0
INFO 2026-04-12 16:00:13,804 basehttp "GET /api/auth/login/ HTTP/1.0" 301 0
INFO 2026-04-12 16:00:14,007 basehttp "GET /api/auth/login/ HTTP/1.0" 301 0
INFO 2026-04-12 16:00:14,203 basehttp "GET /api/auth/login/ HTTP/1.0" 301 0
INFO 2026-04-12 16:00:14,399 basehttp "GET /api/auth/login/ HTTP/1.0" 301 0
INFO 2026-04-12 16:00:19,680 basehttp "GET /api/auth/login/ HTTP/1.0" 301 0
INFO 2026-04-12 16:00:19,842 basehttp "GET /api/auth/login/ HTTP/1.0" 301 0
INFO 2026-04-12 16:00:20,040 basehttp "GET /api/auth/login/ HTTP/1.0" 301 0
INFO 2026-04-12 16:00:20,246 basehttp "GET /api/auth/login/ HTTP/1.0" 301 0
INFO 2026-04-12 16:00:20,495 basehttp "GET /api/auth/login/ HTTP/1.0" 301 0
INFO 2026-04-12 16:00:20,671 basehttp "GET /api/auth/login/ HTTP/1.0" 301 0
INFO 2026-04-12 16:00:20,822 basehttp "GET /api/auth/login/ HTTP/1.0" 301 0
INFO 2026-04-12 16:00:21,084 basehttp "GET /api/auth/login/ HTTP/1.0" 301 0
INFO 2026-04-12 16:00:21,302 basehttp "GET /api/auth/login/ HTTP/1.0" 301 0
INFO 2026-04-12 16:00:21,516 basehttp "GET /api/auth/login/ HTTP/1.0" 301 0
INFO 2026-04-12 16:00:21,673 basehttp "GET /api/auth/login/ HTTP/1.0" 301 0
INFO 2026-04-12 16:00:21,955 basehttp "GET /api/auth/login/ HTTP/1.0" 301 0
INFO 2026-04-12 16:00:22,106 basehttp "GET /api/auth/login/ HTTP/1.0" 301 0
INFO 2026-04-12 16:00:22,266 basehttp "GET /api/auth/login/ HTTP/1.0" 301 0
INFO 2026-04-12 16:00:22,429 basehttp "GET /api/auth/login/ HTTP/1.0" 301 0
INFO 2026-04-12 16:00:22,598 basehttp "GET /api/auth/login/ HTTP/1.0" 301 0
INFO 2026-04-12 16:00:22,762 basehttp "GET /api/auth/login/ HTTP/1.0" 301 0
INFO 2026-04-12 16:00:23,039 basehttp "GET /api/auth/login/ HTTP/1.0" 301 0
INFO 2026-04-12 16:00:23,427 basehttp "GET /api/auth/login/ HTTP/1.0" 301 0
INFO 2026-04-12 16:00:23,590 basehttp "GET /api/auth/login/ HTTP/1.0" 301 0
INFO 2026-04-12 16:06:52,970 basehttp "GET / HTTP/1.0" 301 0
INFO 2026-04-12 16:06:53,181 basehttp "GET / HTTP/1.0" 301 0
INFO 2026-04-12 16:06:53,389 basehttp "GET / HTTP/1.0" 301 0
INFO 2026-04-12 16:06:53,598 basehttp "GET / HTTP/1.0" 301 0
INFO 2026-04-12 16:06:53,808 basehttp "GET / HTTP/1.0" 301 0
INFO 2026-04-12 16:06:54,022 basehttp "GET / HTTP/1.0" 301 0
INFO 2026-04-12 16:06:54,243 basehttp "GET / HTTP/1.0" 301 0
INFO 2026-04-12 16:06:54,459 basehttp "GET / HTTP/1.0" 301 0
INFO 2026-04-12 16:06:54,667 basehttp "GET / HTTP/1.0" 301 0
INFO 2026-04-12 16:06:54,880 basehttp "GET / HTTP/1.0" 301 0
INFO 2026-04-12 16:06:55,104 basehttp "GET / HTTP/1.0" 301 0
INFO 2026-04-12 16:06:55,313 basehttp "GET / HTTP/1.0" 301 0
INFO 2026-04-12 16:06:55,521 basehttp "GET / HTTP/1.0" 301 0
INFO 2026-04-12 16:06:55,731 basehttp "GET / HTTP/1.0" 301 0
INFO 2026-04-12 16:06:55,938 basehttp "GET / HTTP/1.0" 301 0
INFO 2026-04-12 16:06:56,148 basehttp "GET / HTTP/1.0" 301 0
INFO 2026-04-12 16:06:56,359 basehttp "GET / HTTP/1.0" 301 0
INFO 2026-04-12 16:06:56,568 basehttp "GET / HTTP/1.0" 301 0
INFO 2026-04-12 16:06:56,777 basehttp "GET / HTTP/1.0" 301 0
INFO 2026-04-12 16:06:56,985 basehttp "GET / HTTP/1.0" 301 0
INFO 2026-04-12 17:20:00,970 basehttp "GET / HTTP/1.0" 301 0
INFO 2026-04-12 17:20:02,287 basehttp "GET / HTTP/1.0" 301 0
INFO 2026-04-12 17:20:02,487 basehttp "GET / HTTP/1.0" 301 0
INFO 2026-04-12 17:20:02,663 basehttp "GET / HTTP/1.0" 301 0
INFO 2026-04-12 17:20:02,828 basehttp "GET / HTTP/1.0" 301 0
INFO 2026-04-12 17:20:03,011 basehttp "GET / HTTP/1.0" 301 0
INFO 2026-04-12 17:20:03,226 basehttp "GET / HTTP/1.0" 301 0
INFO 2026-04-12 17:20:03,425 basehttp "GET / HTTP/1.0" 301 0
INFO 2026-04-12 17:20:03,614 basehttp "GET / HTTP/1.0" 301 0
INFO 2026-04-12 17:20:03,808 basehttp "GET / HTTP/1.0" 301 0
INFO 2026-04-12 17:20:04,018 basehttp "GET / HTTP/1.0" 301 0
INFO 2026-04-12 17:20:04,188 basehttp "GET / HTTP/1.0" 301 0
INFO 2026-04-12 17:20:04,447 basehttp "GET / HTTP/1.0" 301 0
INFO 2026-04-12 17:20:04,655 basehttp "GET / HTTP/1.0" 301 0
INFO 2026-04-12 17:20:04,827 basehttp "GET / HTTP/1.0" 301 0
INFO 2026-04-12 17:20:05,052 basehttp "GET / HTTP/1.0" 301 0
INFO 2026-04-12 17:20:05,260 basehttp "GET / HTTP/1.0" 301 0
INFO 2026-04-12 17:20:05,453 basehttp "GET / HTTP/1.0" 301 0
INFO 2026-04-12 17:20:05,649 basehttp "GET / HTTP/1.0" 301 0
INFO 2026-04-12 17:20:05,864 basehttp "GET / HTTP/1.0" 301 0
INFO 2026-04-12 17:20:06,068 basehttp "GET / HTTP/1.0" 301 0
INFO 2026-04-12 17:20:27,228 basehttp "GET / HTTP/1.0" 301 0
INFO 2026-04-12 17:20:27,378 basehttp "GET / HTTP/1.0" 301 0
INFO 2026-04-12 17:20:27,529 basehttp "GET / HTTP/1.0" 301 0
INFO 2026-04-12 17:20:27,689 basehttp "GET / HTTP/1.0" 301 0
INFO 2026-04-12 17:20:27,848 basehttp "GET / HTTP/1.0" 301 0
INFO 2026-04-12 17:20:27,952 basehttp "GET /api HTTP/1.0" 301 0
INFO 2026-04-12 17:20:29,227 basehttp "GET /api HTTP/1.0" 301 0
INFO 2026-04-12 17:20:29,367 basehttp "GET /api HTTP/1.0" 301 0
INFO 2026-04-12 17:20:29,528 basehttp "GET /api HTTP/1.0" 301 0
INFO 2026-04-12 17:20:29,675 basehttp "GET /api HTTP/1.0" 301 0
INFO 2026-04-12 17:20:29,828 basehttp "GET /api HTTP/1.0" 301 0
INFO 2026-04-12 17:20:29,988 basehttp "GET /api HTTP/1.0" 301 0
INFO 2026-04-12 17:20:30,140 basehttp "GET /api HTTP/1.0" 301 0
INFO 2026-04-12 17:20:30,289 basehttp "GET /api HTTP/1.0" 301 0
INFO 2026-04-12 17:20:30,455 basehttp "GET /api HTTP/1.0" 301 0
INFO 2026-04-12 17:20:30,617 basehttp "GET /api HTTP/1.0" 301 0
INFO 2026-04-12 17:20:30,769 basehttp "GET /api HTTP/1.0" 301 0
INFO 2026-04-12 17:20:30,927 basehttp "GET /api HTTP/1.0" 301 0
INFO 2026-04-12 17:20:31,453 basehttp "GET /api HTTP/1.0" 301 0
INFO 2026-04-12 17:20:31,609 basehttp "GET /api HTTP/1.0" 301 0
INFO 2026-04-12 17:20:31,771 basehttp "GET /api HTTP/1.0" 301 0
INFO 2026-04-12 17:20:31,936 basehttp "GET /api HTTP/1.0" 301 0
INFO 2026-04-12 17:20:32,096 basehttp "GET /api HTTP/1.0" 301 0
INFO 2026-04-12 17:20:32,248 basehttp "GET /api HTTP/1.0" 301 0
INFO 2026-04-12 17:20:32,398 basehttp "GET /api HTTP/1.0" 301 0
INFO 2026-04-12 17:20:32,574 basehttp "GET /api HTTP/1.0" 301 0
INFO 2026-04-12 17:20:37,848 basehttp "GET /api HTTP/1.0" 301 0
INFO 2026-04-12 17:21:06,285 autoreload Watching for file changes with StatReloader
INFO 2026-04-12 17:21:08,330 basehttp "HEAD /api/ HTTP/1.0" 301 0
INFO 2026-04-12 17:21:26,270 basehttp "HEAD /api HTTP/1.0" 301 0
INFO 2026-04-12 17:27:30,388 autoreload Watching for file changes with StatReloader
INFO 2026-04-12 17:28:11,105 basehttp "HEAD /api/ HTTP/1.1" 301 0
INFO 2026-04-12 17:29:10,695 basehttp "GET /api/ HTTP/1.0" 301 0
INFO 2026-04-12 17:29:17,980 basehttp "GET / HTTP/1.0" 301 0
INFO 2026-04-12 17:29:24,344 basehttp "GET /api/ HTTP/1.0" 301 0
INFO 2026-04-12 17:29:35,075 basehttp "HEAD /api/ HTTP/1.0" 301 0
INFO 2026-04-12 17:56:33,701 autoreload /root/SPS-Subjects-Presentation-System-/sps/settings.py changed, reloading.
INFO 2026-04-12 17:56:34,694 autoreload Watching for file changes with StatReloader
INFO 2026-04-12 17:56:40,381 autoreload Watching for file changes with StatReloader
INFO 2026-04-12 17:56:49,591 basehttp "HEAD / HTTP/1.0" 301 0
INFO 2026-04-12 17:56:52,725 basehttp "HEAD /api HTTP/1.0" 301 0
INFO 2026-04-12 17:59:57,421 autoreload /root/SPS-Subjects-Presentation-System-/sps/settings.py changed, reloading.
INFO 2026-04-12 17:59:58,305 autoreload Watching for file changes with StatReloader
INFO 2026-04-12 18:00:13,638 autoreload Watching for file changes with StatReloader
WARNING 2026-04-12 18:00:22,034 log Not Found: /api/
WARNING 2026-04-12 18:00:22,035 basehttp "HEAD /api/ HTTP/1.0" 404 0
WARNING 2026-04-12 18:00:27,430 log Not Found: /api
WARNING 2026-04-12 18:00:27,431 basehttp "HEAD /api HTTP/1.0" 404 0
WARNING 2026-04-12 18:00:29,759 log Unauthorized: /
WARNING 2026-04-12 18:00:29,759 basehttp "HEAD / HTTP/1.0" 401 0
WARNING 2026-04-12 18:01:10,282 log Not Found: /api/docs/
WARNING 2026-04-12 18:01:10,284 basehttp "GET /api/docs/ HTTP/1.0" 404 179
WARNING 2026-04-12 18:01:10,477 log Not Found: /favicon.ico
WARNING 2026-04-12 18:01:10,477 basehttp "GET /favicon.ico HTTP/1.0" 404 179
WARNING 2026-04-12 18:01:53,471 log Not Found: /api/
WARNING 2026-04-12 18:01:53,473 basehttp "HEAD /api/ HTTP/1.0" 404 0
INFO 2026-04-12 18:09:03,017 autoreload /root/SPS-Subjects-Presentation-System-/sps/settings.py changed, reloading.
INFO 2026-04-12 18:09:04,128 autoreload Watching for file changes with StatReloader
INFO 2026-04-12 18:09:10,571 autoreload Watching for file changes with StatReloader
WARNING 2026-04-12 18:10:12,742 log Method Not Allowed: /api/auth/login/
WARNING 2026-04-12 18:10:12,746 basehttp "GET /api/auth/login/ HTTP/1.0" 405 12536
WARNING 2026-04-12 18:10:13,092 log Not Found: /favicon.ico
WARNING 2026-04-12 18:10:13,104 basehttp "GET /favicon.ico HTTP/1.0" 404 179
WARNING 2026-04-12 18:10:19,397 log Not Found: /admin
WARNING 2026-04-12 18:10:19,406 basehttp "GET /admin HTTP/1.0" 404 179
INFO 2026-04-12 18:10:34,273 basehttp "GET /admin/ HTTP/1.0" 302 0
INFO 2026-04-12 18:10:34,453 basehttp "GET /admin/login/?next=/admin/ HTTP/1.0" 200 4159
INFO 2026-04-12 18:11:16,920 autoreload Watching for file changes with StatReloader
INFO 2026-04-12 18:11:18,005 basehttp "GET /admin/login/?next=/admin/ HTTP/1.0" 200 4159
INFO 2026-04-12 18:11:23,124 basehttp "POST /admin/login/?next=/admin/ HTTP/1.0" 200 4369
INFO 2026-04-12 18:11:30,484 basehttp "POST /admin/login/?next=/admin/ HTTP/1.0" 200 4369
INFO 2026-04-12 18:12:57,182 autoreload Watching for file changes with StatReloader
INFO 2026-04-12 18:13:03,039 basehttp "POST /admin/login/?next=/admin/ HTTP/1.0" 200 4369
INFO 2026-04-12 18:13:53,471 autoreload Watching for file changes with StatReloader
INFO 2026-04-12 18:13:54,927 basehttp "POST /admin/login/?next=/admin/ HTTP/1.0" 200 4369
WARNING 2026-04-12 18:14:02,340 log Forbidden (CSRF cookie not set.): /admin/login/
WARNING 2026-04-12 18:14:02,343 basehttp "POST /admin/login/?next=/admin/ HTTP/1.0" 403 1608
WARNING 2026-04-12 18:14:04,950 log Forbidden (CSRF cookie not set.): /admin/login/
WARNING 2026-04-12 18:14:04,953 basehttp "POST /admin/login/?next=/admin/ HTTP/1.0" 403 1608
INFO 2026-04-12 18:15:51,477 basehttp "GET /admin/ HTTP/1.0" 302 0
INFO 2026-04-12 18:15:51,627 basehttp "GET /admin/login/?next=/admin/ HTTP/1.0" 200 4159
INFO 2026-04-12 18:15:57,463 basehttp "POST /admin/login/?next=/admin/ HTTP/1.0" 200 4369
WARNING 2026-04-12 18:16:29,625 log Forbidden (CSRF cookie not set.): /admin/login/
WARNING 2026-04-12 18:16:29,625 basehttp "POST /admin/login/?next=/admin/ HTTP/1.0" 403 1608
WARNING 2026-04-12 18:16:31,299 log Forbidden (CSRF cookie not set.): /admin/login/
WARNING 2026-04-12 18:16:31,301 basehttp "POST /admin/login/?next=/admin/ HTTP/1.0" 403 1608
WARNING 2026-04-12 18:16:38,541 log Forbidden (CSRF cookie not set.): /admin/login/
WARNING 2026-04-12 18:16:38,542 basehttp "POST /admin/login/?next=/admin/ HTTP/1.0" 403 1608
WARNING 2026-04-12 18:16:52,051 log Forbidden (CSRF cookie not set.): /admin/login/
WARNING 2026-04-12 18:16:52,054 basehttp "POST /admin/login/?next=/admin/ HTTP/1.0" 403 1608
INFO 2026-04-12 18:17:19,091 autoreload /root/SPS-Subjects-Presentation-System-/sps/settings.py changed, reloading.
INFO 2026-04-12 18:17:20,971 autoreload Watching for file changes with StatReloader
INFO 2026-04-12 18:17:25,825 autoreload Watching for file changes with StatReloader
WARNING 2026-04-12 18:17:26,713 log Forbidden (CSRF cookie not set.): /admin/login/
WARNING 2026-04-12 18:17:26,714 basehttp "POST /admin/login/?next=/admin/ HTTP/1.0" 403 1608
WARNING 2026-04-12 18:17:28,702 log Forbidden (CSRF cookie not set.): /admin/login/
WARNING 2026-04-12 18:17:28,703 basehttp "POST /admin/login/?next=/admin/ HTTP/1.0" 403 1608
INFO 2026-04-12 18:19:13,315 basehttp "GET /admin/ HTTP/1.0" 302 0
INFO 2026-04-12 18:19:13,488 basehttp "GET /admin/login/?next=/admin/ HTTP/1.0" 200 4159
INFO 2026-04-12 18:19:54,601 basehttp "POST /admin/login/?next=/admin/ HTTP/1.0" 302 0
INFO 2026-04-12 18:19:54,789 basehttp "GET /admin/ HTTP/1.0" 200 7120
INFO 2026-04-12 18:20:02,753 basehttp "GET /admin/ HTTP/1.0" 200 7120
INFO 2026-04-12 18:21:40,352 basehttp "GET /admin/ HTTP/1.0" 200 7120
INFO 2026-04-12 18:21:41,407 basehttp "GET /admin/ HTTP/1.0" 200 7120
INFO 2026-04-12 18:21:42,088 basehttp "GET /admin/ HTTP/1.0" 200 7120
INFO 2026-04-12 18:21:56,315 autoreload Watching for file changes with StatReloader
INFO 2026-04-12 18:21:58,238 basehttp "GET /admin/ HTTP/1.0" 200 7120
INFO 2026-04-12 18:21:59,203 basehttp "GET /admin/ HTTP/1.0" 200 7120
INFO 2026-04-12 18:22:00,553 basehttp "GET /admin/ HTTP/1.0" 200 7120
WARNING 2026-04-12 18:22:03,228 log Not Found: /
WARNING 2026-04-12 18:22:03,230 basehttp "GET / HTTP/1.0" 404 179
INFO 2026-04-12 18:22:05,189 basehttp "GET /admin/ HTTP/1.0" 200 7120
WARNING 2026-04-12 18:22:21,868 log Forbidden (CSRF cookie not set.): /admin/login/
WARNING 2026-04-12 18:22:21,870 basehttp "POST /admin/login/?next=/admin/ HTTP/1.0" 403 1608
INFO 2026-04-12 18:22:28,843 basehttp "GET /admin/ HTTP/1.0" 200 7120
INFO 2026-04-12 18:22:35,444 basehttp "GET /admin/auth/user/ HTTP/1.0" 200 12021
INFO 2026-04-12 18:22:35,633 basehttp "GET /admin/jsi18n/ HTTP/1.0" 200 6253
INFO 2026-04-12 18:22:41,400 basehttp "GET /admin/auth/user/ HTTP/1.0" 302 0
INFO 2026-04-12 18:22:41,733 basehttp "GET /admin/login/?next=/admin/auth/user/ HTTP/1.0" 200 4179
WARNING 2026-04-12 18:22:42,656 log Not Found: /favicon.ico
WARNING 2026-04-12 18:22:42,656 basehttp "GET /favicon.ico HTTP/1.0" 404 179
WARNING 2026-04-12 18:29:24,519 log Method Not Allowed: /api/auth/login/
WARNING 2026-04-12 18:29:24,521 basehttp "GET /api/auth/login/ HTTP/1.0" 405 12536
WARNING 2026-04-12 18:29:33,708 log Unauthorized: /api/auth/login/
WARNING 2026-04-12 18:29:33,709 basehttp "POST /api/auth/login/ HTTP/1.0" 401 12476
INFO 2026-04-12 18:29:42,123 basehttp "POST /api/auth/login/ HTTP/1.0" 200 12980
INFO 2026-04-12 18:31:49,541 autoreload /root/SPS-Subjects-Presentation-System-/sps/settings.py changed, reloading.
INFO 2026-04-12 18:31:50,347 autoreload Watching for file changes with StatReloader
INFO 2026-04-12 18:31:53,019 autoreload Watching for file changes with StatReloader
INFO 2026-04-12 18:32:24,016 autoreload Watching for file changes with StatReloader
INFO 2026-04-12 18:40:59,086 basehttp "OPTIONS /api/auth/login/ HTTP/1.0" 200 0
INFO 2026-04-12 18:41:02,118 basehttp "OPTIONS /api/auth/login/ HTTP/1.0" 200 0
INFO 2026-04-12 18:41:02,791 basehttp "POST /api/auth/login/ HTTP/1.0" 200 483
WARNING 2026-04-12 18:42:55,061 log Not Found: /
WARNING 2026-04-12 18:42:55,062 basehttp "GET / HTTP/1.0" 404 179
INFO 2026-04-12 21:16:11,651 basehttp "OPTIONS /api/auth/login/ HTTP/1.0" 200 0
INFO 2026-04-12 21:16:24,492 basehttp "OPTIONS /api/auth/login/ HTTP/1.0" 200 0
INFO 2026-04-12 21:16:44,915 basehttp "OPTIONS /api/auth/login/ HTTP/1.0" 200 0
INFO 2026-04-12 21:16:51,499 basehttp "OPTIONS /api/auth/login/ HTTP/1.0" 200 0
INFO 2026-04-12 21:17:11,388 basehttp "POST /api/auth/login/ HTTP/1.0" 200 12980
WARNING 2026-04-12 21:17:18,203 log Unauthorized: /api/auth/login/
WARNING 2026-04-12 21:17:18,204 basehttp "POST /api/auth/login/ HTTP/1.0" 401 12476
INFO 2026-04-12 21:17:26,875 basehttp "POST /api/auth/login/ HTTP/1.0" 200 12980
INFO 2026-04-12 21:17:53,950 basehttp "OPTIONS /api/auth/login/ HTTP/1.0" 200 0
INFO 2026-04-12 21:19:05,088 autoreload /root/SPS-Subjects-Presentation-System-/sps/settings.py changed, reloading.
INFO 2026-04-12 21:19:10,260 autoreload Watching for file changes with StatReloader
INFO 2026-04-12 21:19:32,552 autoreload Watching for file changes with StatReloader
INFO 2026-04-12 21:19:50,219 basehttp "OPTIONS /api/auth/login/ HTTP/1.0" 200 0
WARNING 2026-04-12 21:19:50,862 log Unauthorized: /api/auth/login/
WARNING 2026-04-12 21:19:50,867 basehttp "POST /api/auth/login/ HTTP/1.0" 401 63
INFO 2026-04-12 21:19:58,587 basehttp "POST /api/auth/login/ HTTP/1.0" 200 483
INFO 2026-04-12 21:20:11,252 basehttp "POST /api/auth/login/ HTTP/1.0" 200 483
INFO 2026-04-12 21:20:31,017 basehttp "POST /api/auth/login/ HTTP/1.0" 200 483
INFO 2026-04-12 21:26:28,366 autoreload /root/SPS-Subjects-Presentation-System-/sps/settings.py changed, reloading.
INFO 2026-04-12 21:26:31,523 autoreload Watching for file changes with StatReloader
INFO 2026-04-12 21:27:12,944 autoreload Watching for file changes with StatReloader
INFO 2026-04-12 21:29:14,408 autoreload Watching for file changes with StatReloader
INFO 2026-04-12 21:33:09,339 basehttp "POST /api/auth/login/ HTTP/1.0" 200 483
INFO 2026-04-12 21:38:20,699 basehttp "POST /api/auth/login/ HTTP/1.0" 200 483
INFO 2026-04-12 21:45:27,888 basehttp "POST /api/auth/login/ HTTP/1.0" 200 483
INFO 2026-04-12 21:49:40,884 basehttp "POST /api/auth/login/ HTTP/1.0" 200 483
WARNING 2026-04-12 21:50:33,025 log Forbidden: /api/subjects/
WARNING 2026-04-12 21:50:33,033 basehttp "GET /api/subjects/ HTTP/1.0" 403 63
WARNING 2026-04-12 21:50:54,344 log Forbidden: /api/subjects/
WARNING 2026-04-12 21:50:54,346 basehttp "GET /api/subjects/ HTTP/1.0" 403 63
INFO 2026-04-12 21:51:23,244 basehttp "GET /admin/auth/user/1/change/ HTTP/1.0" 200 24072
INFO 2026-04-12 21:51:23,484 basehttp "GET /admin/jsi18n/ HTTP/1.0" 200 6253
INFO 2026-04-12 21:51:40,452 basehttp "GET /admin/auth/user/ HTTP/1.0" 200 12021
INFO 2026-04-12 21:57:08,481 autoreload /root/SPS-Subjects-Presentation-System-/spsapp/permissions.py changed, reloading.
INFO 2026-04-12 21:57:09,657 autoreload Watching for file changes with StatReloader
INFO 2026-04-12 21:57:21,172 basehttp "POST /api/auth/login/ HTTP/1.0" 200 483
INFO 2026-04-12 21:57:51,131 basehttp "GET /api/subjects/ HTTP/1.0" 200 52
INFO 2026-04-12 22:37:21,523 basehttp "OPTIONS /subjects HTTP/1.0" 200 0
WARNING 2026-04-12 22:37:21,653 log Not Found: /subjects
WARNING 2026-04-12 22:37:21,654 basehttp "GET /subjects HTTP/1.0" 404 179
WARNING 2026-04-12 22:37:26,728 log Not Found: /subjects
WARNING 2026-04-12 22:37:26,731 basehttp "GET /subjects HTTP/1.0" 404 179
INFO 2026-04-12 22:37:26,997 basehttp "OPTIONS /subjects HTTP/1.0" 200 0
WARNING 2026-04-12 22:37:27,123 log Not Found: /subjects
WARNING 2026-04-12 22:37:27,123 basehttp "GET /subjects HTTP/1.0" 404 179
WARNING 2026-04-12 22:37:28,220 log Not Found: /subjects
WARNING 2026-04-12 22:37:28,223 basehttp "GET /subjects HTTP/1.0" 404 179
WARNING 2026-04-12 22:37:28,575 log Not Found: /subjects
WARNING 2026-04-12 22:37:28,576 basehttp "GET /subjects HTTP/1.0" 404 179
WARNING 2026-04-12 22:37:35,848 log Not Found: /subjects
WARNING 2026-04-12 22:37:35,854 basehttp "GET /subjects HTTP/1.0" 404 179
WARNING 2026-04-12 22:37:37,003 log Not Found: /subjects
WARNING 2026-04-12 22:37:37,004 basehttp "GET /subjects HTTP/1.0" 404 179
WARNING 2026-04-12 22:37:38,850 log Not Found: /subjects
WARNING 2026-04-12 22:37:38,851 basehttp "GET /subjects HTTP/1.0" 404 179
WARNING 2026-04-12 22:37:39,986 log Not Found: /subjects
WARNING 2026-04-12 22:37:39,988 basehttp "GET /subjects HTTP/1.0" 404 179
WARNING 2026-04-12 22:37:43,196 log Not Found: /subjects
WARNING 2026-04-12 22:37:43,197 basehttp "POST /subjects HTTP/1.0" 404 179
WARNING 2026-04-12 22:37:46,129 log Not Found: /subjects
WARNING 2026-04-12 22:37:46,130 basehttp "GET /subjects HTTP/1.0" 404 179
WARNING 2026-04-12 22:37:47,265 log Not Found: /subjects
WARNING 2026-04-12 22:37:47,265 basehttp "GET /subjects HTTP/1.0" 404 179
WARNING 2026-04-12 22:37:49,807 log Not Found: /subjects
WARNING 2026-04-12 22:37:49,809 basehttp "GET /subjects HTTP/1.0" 404 179
WARNING 2026-04-12 22:37:57,214 log Not Found: /subjects
WARNING 2026-04-12 22:37:57,229 basehttp "GET /subjects HTTP/1.0" 404 179
WARNING 2026-04-12 22:37:57,728 log Not Found: /subjects
WARNING 2026-04-12 22:37:57,730 basehttp "GET /subjects HTTP/1.0" 404 179
WARNING 2026-04-12 22:37:59,222 log Not Found: /subjects
WARNING 2026-04-12 22:37:59,226 basehttp "GET /subjects HTTP/1.0" 404 179
WARNING 2026-04-12 22:38:04,110 log Not Found: /subjects
WARNING 2026-04-12 22:38:04,114 basehttp "GET /subjects HTTP/1.0" 404 179
WARNING 2026-04-12 22:38:06,929 log Not Found: /subjects
WARNING 2026-04-12 22:38:06,931 basehttp "GET /subjects HTTP/1.0" 404 179
WARNING 2026-04-12 22:39:21,159 log Not Found: /subjects
WARNING 2026-04-12 22:39:21,164 basehttp "GET /subjects HTTP/1.0" 404 179
WARNING 2026-04-12 22:39:23,225 log Not Found: /subjects
WARNING 2026-04-12 22:39:23,226 basehttp "GET /subjects HTTP/1.0" 404 179
WARNING 2026-04-12 22:39:23,841 log Not Found: /subjects
WARNING 2026-04-12 22:39:23,841 basehttp "GET /subjects HTTP/1.0" 404 179
WARNING 2026-04-12 22:39:24,070 log Not Found: /subjects
WARNING 2026-04-12 22:39:24,071 basehttp "GET /subjects HTTP/1.0" 404 179
WARNING 2026-04-12 22:39:25,221 log Not Found: /subjects
WARNING 2026-04-12 22:39:25,224 basehttp "GET /subjects HTTP/1.0" 404 179
WARNING 2026-04-12 22:39:28,027 log Not Found: /subjects
WARNING 2026-04-12 22:39:28,028 basehttp "GET /subjects HTTP/1.0" 404 179
WARNING 2026-04-12 22:40:53,105 log Not Found: /subjects
WARNING 2026-04-12 22:40:53,112 basehttp "GET /subjects HTTP/1.0" 404 179
WARNING 2026-04-12 22:40:54,264 log Not Found: /subjects
WARNING 2026-04-12 22:40:54,265 basehttp "GET /subjects HTTP/1.0" 404 179
WARNING 2026-04-12 22:40:55,169 log Not Found: /subjects
WARNING 2026-04-12 22:40:55,171 basehttp "GET /subjects HTTP/1.0" 404 179
WARNING 2026-04-12 22:40:57,227 log Not Found: /subjects
WARNING 2026-04-12 22:40:57,228 basehttp "GET /subjects HTTP/1.0" 404 179
WARNING 2026-04-12 22:41:20,691 log Not Found: /subjects
WARNING 2026-04-12 22:41:20,691 basehttp "GET /subjects HTTP/1.0" 404 179
WARNING 2026-04-12 22:41:20,719 log Not Found: /subjects
WARNING 2026-04-12 22:41:20,720 basehttp "GET /subjects HTTP/1.0" 404 179
INFO 2026-04-12 22:41:22,213 basehttp "OPTIONS /api/subjects HTTP/1.0" 200 0
WARNING 2026-04-12 22:41:22,330 log Not Found: /api/subjects
WARNING 2026-04-12 22:41:22,332 basehttp "GET /api/subjects HTTP/1.0" 404 179
INFO 2026-04-12 22:41:25,713 basehttp "OPTIONS /api/subjects HTTP/1.0" 200 0
WARNING 2026-04-12 22:41:25,749 log Not Found: /api/subjects
WARNING 2026-04-12 22:41:25,751 basehttp "GET /api/subjects HTTP/1.0" 404 179
WARNING 2026-04-12 22:41:25,844 log Not Found: /api/subjects
WARNING 2026-04-12 22:41:25,845 basehttp "GET /api/subjects HTTP/1.0" 404 179
INFO 2026-04-12 22:41:27,219 basehttp "OPTIONS /api/subjects/ HTTP/1.0" 200 0
WARNING 2026-04-12 22:41:27,344 log Unauthorized: /api/subjects/
WARNING 2026-04-12 22:41:27,345 basehttp "GET /api/subjects/ HTTP/1.0" 401 183
INFO 2026-04-12 22:41:33,474 basehttp "OPTIONS /api/subjects/ HTTP/1.0" 200 0
WARNING 2026-04-12 22:41:33,606 log Unauthorized: /api/subjects/
WARNING 2026-04-12 22:41:33,607 basehttp "GET /api/subjects/ HTTP/1.0" 401 183
WARNING 2026-04-12 22:44:25,958 log Unauthorized: /api/subjects/
WARNING 2026-04-12 22:44:25,963 basehttp "GET /api/subjects/ HTTP/1.0" 401 183
INFO 2026-04-12 22:49:47,604 basehttp "OPTIONS /api/auth/login/ HTTP/1.0" 200 0
INFO 2026-04-12 22:49:48,117 basehttp "POST /api/auth/login/ HTTP/1.0" 200 483
INFO 2026-04-12 22:50:03,757 basehttp "POST /api/auth/login/ HTTP/1.0" 200 483
INFO 2026-04-12 23:12:30,124 basehttp "OPTIONS /api/auth/login/ HTTP/1.0" 200 0
INFO 2026-04-12 23:12:30,670 basehttp "POST /api/auth/login/ HTTP/1.0" 200 483
INFO 2026-04-12 23:12:30,880 basehttp "OPTIONS /api/subjects/ HTTP/1.0" 200 0
INFO 2026-04-12 23:12:31,037 basehttp "GET /api/subjects/ HTTP/1.0" 200 52
WARNING 2026-04-12 23:13:24,255 log Unauthorized: /api/auth/login/
WARNING 2026-04-12 23:13:24,256 basehttp "POST /api/auth/login/ HTTP/1.0" 401 63
INFO 2026-04-12 23:13:32,115 basehttp "POST /api/auth/login/ HTTP/1.0" 200 483
INFO 2026-04-12 23:13:32,360 basehttp "GET /api/subjects/ HTTP/1.0" 200 52
INFO 2026-04-12 23:15:45,559 basehttp "GET /api/subjects/ HTTP/1.0" 200 52
INFO 2026-04-12 23:15:53,079 basehttp "GET /api/subjects/ HTTP/1.0" 200 52
WARNING 2026-04-12 23:16:13,558 log Bad Request: /api/subjects/
WARNING 2026-04-12 23:16:13,564 basehttp "POST /api/subjects/ HTTP/1.0" 400 54
WARNING 2026-04-12 23:16:20,143 log Bad Request: /api/subjects/
WARNING 2026-04-12 23:16:20,144 basehttp "POST /api/subjects/ HTTP/1.0" 400 54
WARNING 2026-04-12 23:16:38,461 log Bad Request: /api/subjects/
WARNING 2026-04-12 23:16:38,462 basehttp "POST /api/subjects/ HTTP/1.0" 400 54
WARNING 2026-04-12 23:18:28,758 log Bad Request: /api/subjects/
WARNING 2026-04-12 23:18:28,764 basehttp "POST /api/subjects/ HTTP/1.0" 400 54
INFO 2026-04-12 23:19:38,428 basehttp "POST /api/auth/login/ HTTP/1.0" 200 483
WARNING 2026-04-12 23:20:30,261 log Bad Request: /api/subjects/
WARNING 2026-04-12 23:20:30,263 basehttp "POST /api/subjects/ HTTP/1.0" 400 54
INFO 2026-04-12 23:20:43,463 basehttp "POST /api/subjects/ HTTP/1.0" 201 335
INFO 2026-04-12 23:23:28,992 basehttp "GET /api/subjects/ HTTP/1.0" 200 422
INFO 2026-04-12 23:24:27,992 basehttp "POST /api/subjects/ HTTP/1.0" 201 318
INFO 2026-04-12 23:26:12,439 basehttp "GET /api/subjects/ HTTP/1.0" 200 776
INFO 2026-04-12 23:27:17,877 basehttp "OPTIONS /api/topics/?subject_uuid=720ed935-5421-468c-97ac-36ca37f81c7f HTTP/1.0" 200 0
INFO 2026-04-12 23:27:17,877 basehttp "OPTIONS /api/subjects/720ed935-5421-468c-97ac-36ca37f81c7f/ HTTP/1.0" 200 0
WARNING 2026-04-12 23:27:18,031 log Not Found: /api/subjects/720ed935-5421-468c-97ac-36ca37f81c7f/
WARNING 2026-04-12 23:27:18,032 basehttp "GET /api/subjects/720ed935-5421-468c-97ac-36ca37f81c7f/ HTTP/1.0" 404 23
INFO 2026-04-12 23:27:18,041 basehttp "GET /api/topics/?subject_uuid=720ed935-5421-468c-97ac-36ca37f81c7f HTTP/1.0" 200 52
INFO 2026-04-12 23:27:29,397 basehttp "GET /api/subjects/ HTTP/1.0" 200 776
INFO 2026-04-12 23:27:30,684 basehttp "OPTIONS /api/topics/?subject_uuid=acca8d0a-9c75-4449-b768-c02820935ac0 HTTP/1.0" 200 0
INFO 2026-04-12 23:27:30,684 basehttp "OPTIONS /api/subjects/acca8d0a-9c75-4449-b768-c02820935ac0/ HTTP/1.0" 200 0
WARNING 2026-04-12 23:27:30,849 log Not Found: /api/subjects/acca8d0a-9c75-4449-b768-c02820935ac0/
INFO 2026-04-12 23:27:30,852 basehttp "GET /api/topics/?subject_uuid=acca8d0a-9c75-4449-b768-c02820935ac0 HTTP/1.0" 200 52
WARNING 2026-04-12 23:27:30,853 basehttp "GET /api/subjects/acca8d0a-9c75-4449-b768-c02820935ac0/ HTTP/1.0" 404 23
WARNING 2026-04-12 23:29:32,840 log Unauthorized: /api/subjects/acca8d0a-9c75-4449-b768-c02820935ac0/
WARNING 2026-04-12 23:29:32,842 basehttp "GET /api/subjects/acca8d0a-9c75-4449-b768-c02820935ac0/ HTTP/1.0" 401 58
WARNING 2026-04-12 23:29:48,133 log Not Found: /api/subjects/acca8d0a-9c75-4449-b768-c02820935ac0/
WARNING 2026-04-12 23:29:48,134 basehttp "GET /api/subjects/acca8d0a-9c75-4449-b768-c02820935ac0/ HTTP/1.0" 404 23
INFO 2026-04-12 23:29:48,150 basehttp "GET /api/topics/?subject_uuid=acca8d0a-9c75-4449-b768-c02820935ac0 HTTP/1.0" 200 52
INFO 2026-04-12 23:30:12,238 basehttp "GET /api/subjects/ HTTP/1.0" 200 776
WARNING 2026-04-12 23:30:13,495 log Not Found: /api/subjects/acca8d0a-9c75-4449-b768-c02820935ac0/
WARNING 2026-04-12 23:30:13,495 basehttp "GET /api/subjects/acca8d0a-9c75-4449-b768-c02820935ac0/ HTTP/1.0" 404 23
INFO 2026-04-12 23:30:13,502 basehttp "GET /api/topics/?subject_uuid=acca8d0a-9c75-4449-b768-c02820935ac0 HTTP/1.0" 200 52
INFO 2026-04-12 23:40:10,504 basehttp "OPTIONS /api/auth/login/ HTTP/1.0" 200 0
INFO 2026-04-12 23:40:11,601 basehttp "POST /api/auth/login/ HTTP/1.0" 200 483
INFO 2026-04-12 23:40:13,601 basehttp "OPTIONS /api/subjects/ HTTP/1.0" 200 0
INFO 2026-04-12 23:40:13,608 basehttp "OPTIONS /api/subjects/ HTTP/1.0" 200 0
INFO 2026-04-12 23:40:13,885 basehttp "GET /api/subjects/ HTTP/1.0" 200 776
INFO 2026-04-12 23:40:14,242 basehttp "GET /api/subjects/ HTTP/1.0" 200 776
INFO 2026-04-12 23:40:52,188 basehttp "GET /api/subjects/ HTTP/1.0" 200 776
INFO 2026-04-12 23:40:59,760 basehttp "GET /api/subjects/ HTTP/1.0" 200 776
INFO 2026-04-12 23:41:14,924 basehttp "POST /api/subjects/ HTTP/1.0" 201 321
INFO 2026-04-12 23:41:15,187 basehttp "GET /api/subjects/ HTTP/1.0" 200 1133
INFO 2026-04-12 23:41:24,537 basehttp "GET /api/subjects/ HTTP/1.0" 200 1133
INFO 2026-04-12 23:44:01,683 basehttp "OPTIONS /api/subjects/c4032405-46dd-4e9d-b035-d353d6994f37/ HTTP/1.0" 200 0
WARNING 2026-04-12 23:44:02,050 log Not Found: /api/subjects/c4032405-46dd-4e9d-b035-d353d6994f37/
WARNING 2026-04-12 23:44:02,062 basehttp "GET /api/subjects/c4032405-46dd-4e9d-b035-d353d6994f37/ HTTP/1.0" 404 23
INFO 2026-04-12 23:44:23,895 basehttp "GET /api/subjects/ HTTP/1.0" 200 1133
INFO 2026-04-12 23:44:24,139 basehttp "GET /api/subjects/ HTTP/1.0" 200 1133
WARNING 2026-04-12 23:44:28,853 log Not Found: /api/subjects/c4032405-46dd-4e9d-b035-d353d6994f37/
WARNING 2026-04-12 23:44:28,857 basehttp "GET /api/subjects/c4032405-46dd-4e9d-b035-d353d6994f37/ HTTP/1.0" 404 23
WARNING 2026-04-12 23:44:29,098 log Not Found: /api/subjects/c4032405-46dd-4e9d-b035-d353d6994f37/
WARNING 2026-04-12 23:44:29,125 basehttp "GET /api/subjects/c4032405-46dd-4e9d-b035-d353d6994f37/ HTTP/1.0" 404 23
INFO 2026-04-12 23:44:33,227 basehttp "GET /api/subjects/ HTTP/1.0" 200 1133
INFO 2026-04-12 23:44:33,400 basehttp "GET /api/subjects/ HTTP/1.0" 200 1133
INFO 2026-04-12 23:44:36,845 basehttp "OPTIONS /api/subjects/acca8d0a-9c75-4449-b768-c02820935ac0/ HTTP/1.0" 200 0
INFO 2026-04-12 23:44:36,848 basehttp "OPTIONS /api/subjects/acca8d0a-9c75-4449-b768-c02820935ac0/ HTTP/1.0" 200 0
WARNING 2026-04-12 23:44:37,076 log Not Found: /api/subjects/acca8d0a-9c75-4449-b768-c02820935ac0/
WARNING 2026-04-12 23:44:37,077 basehttp "GET /api/subjects/acca8d0a-9c75-4449-b768-c02820935ac0/ HTTP/1.0" 404 23
WARNING 2026-04-12 23:44:37,305 log Not Found: /api/subjects/acca8d0a-9c75-4449-b768-c02820935ac0/
WARNING 2026-04-12 23:44:37,306 basehttp "GET /api/subjects/acca8d0a-9c75-4449-b768-c02820935ac0/ HTTP/1.0" 404 23
INFO 2026-04-12 23:44:39,182 basehttp "GET /api/subjects/ HTTP/1.0" 200 1133
INFO 2026-04-12 23:44:39,483 basehttp "GET /api/subjects/ HTTP/1.0" 200 1133
INFO 2026-04-12 23:44:49,580 basehttp "POST /api/subjects/ HTTP/1.0" 201 317
INFO 2026-04-12 23:44:49,791 basehttp "GET /api/subjects/ HTTP/1.0" 200 1486
INFO 2026-04-12 23:44:52,458 basehttp "OPTIONS /api/subjects/1c991b13-0009-478b-bf7b-e53b27479f26/ HTTP/1.0" 200 0
INFO 2026-04-12 23:44:52,470 basehttp "OPTIONS /api/subjects/1c991b13-0009-478b-bf7b-e53b27479f26/ HTTP/1.0" 200 0
WARNING 2026-04-12 23:44:52,648 log Not Found: /api/subjects/1c991b13-0009-478b-bf7b-e53b27479f26/
WARNING 2026-04-12 23:44:52,650 basehttp "GET /api/subjects/1c991b13-0009-478b-bf7b-e53b27479f26/ HTTP/1.0" 404 23
WARNING 2026-04-12 23:44:52,835 log Not Found: /api/subjects/1c991b13-0009-478b-bf7b-e53b27479f26/
WARNING 2026-04-12 23:44:52,835 basehttp "GET /api/subjects/1c991b13-0009-478b-bf7b-e53b27479f26/ HTTP/1.0" 404 23
INFO 2026-04-12 23:45:04,054 basehttp "GET /api/subjects/ HTTP/1.0" 200 1486
INFO 2026-04-12 23:45:04,571 basehttp "GET /api/subjects/ HTTP/1.0" 200 1486
WARNING 2026-04-12 23:46:23,442 log Not Found: /api/subjects/1c991b13-0009-478b-bf7b-e53b27479f26/
WARNING 2026-04-12 23:46:23,443 basehttp "GET /api/subjects/1c991b13-0009-478b-bf7b-e53b27479f26/ HTTP/1.0" 404 23
WARNING 2026-04-12 23:46:23,597 log Not Found: /api/subjects/1c991b13-0009-478b-bf7b-e53b27479f26/
WARNING 2026-04-12 23:46:23,598 basehttp "GET /api/subjects/1c991b13-0009-478b-bf7b-e53b27479f26/ HTTP/1.0" 404 23
INFO 2026-04-12 23:46:26,737 basehttp "GET /api/subjects/ HTTP/1.0" 200 1486
INFO 2026-04-12 23:46:26,926 basehttp "GET /api/subjects/ HTTP/1.0" 200 1486
INFO 2026-04-12 23:46:43,247 basehttp "GET /api/subjects/ HTTP/1.0" 200 1486
INFO 2026-04-12 23:46:45,960 basehttp "OPTIONS /api/subjects/720ed935-5421-468c-97ac-36ca37f81c7f/ HTTP/1.0" 200 0
INFO 2026-04-12 23:46:45,969 basehttp "OPTIONS /api/subjects/720ed935-5421-468c-97ac-36ca37f81c7f/ HTTP/1.0" 200 0
WARNING 2026-04-12 23:46:46,113 log Not Found: /api/subjects/720ed935-5421-468c-97ac-36ca37f81c7f/
WARNING 2026-04-12 23:46:46,114 basehttp "GET /api/subjects/720ed935-5421-468c-97ac-36ca37f81c7f/ HTTP/1.0" 404 23
WARNING 2026-04-12 23:46:46,289 log Not Found: /api/subjects/720ed935-5421-468c-97ac-36ca37f81c7f/
WARNING 2026-04-12 23:46:46,290 basehttp "GET /api/subjects/720ed935-5421-468c-97ac-36ca37f81c7f/ HTTP/1.0" 404 23
INFO 2026-04-12 23:46:50,751 basehttp "GET /api/subjects/ HTTP/1.0" 200 1486
INFO 2026-04-12 23:46:50,947 basehttp "GET /api/subjects/ HTTP/1.0" 200 1486
INFO 2026-04-12 23:47:00,396 basehttp "POST /api/auth/login/ HTTP/1.0" 200 483
INFO 2026-04-12 23:47:01,619 basehttp "GET /api/subjects/ HTTP/1.0" 200 1486
INFO 2026-04-12 23:47:01,876 basehttp "GET /api/subjects/ HTTP/1.0" 200 1486
WARNING 2026-04-12 23:47:03,570 log Not Found: /api/subjects/c4032405-46dd-4e9d-b035-d353d6994f37/
WARNING 2026-04-12 23:47:03,575 basehttp "GET /api/subjects/c4032405-46dd-4e9d-b035-d353d6994f37/ HTTP/1.0" 404 23
WARNING 2026-04-12 23:47:03,766 log Not Found: /api/subjects/c4032405-46dd-4e9d-b035-d353d6994f37/
WARNING 2026-04-12 23:47:03,770 basehttp "GET /api/subjects/c4032405-46dd-4e9d-b035-d353d6994f37/ HTTP/1.0" 404 23
INFO 2026-04-12 23:47:05,488 basehttp "GET /api/subjects/ HTTP/1.0" 200 1486
INFO 2026-04-12 23:47:05,736 basehttp "GET /api/subjects/ HTTP/1.0" 200 1486
INFO 2026-04-12 23:48:07,027 basehttp "OPTIONS /api/auth/login/ HTTP/1.0" 200 0
INFO 2026-04-12 23:48:07,669 basehttp "POST /api/auth/login/ HTTP/1.0" 200 483
INFO 2026-04-12 23:48:08,608 basehttp "OPTIONS /api/subjects/ HTTP/1.0" 200 0
INFO 2026-04-12 23:48:08,623 basehttp "OPTIONS /api/subjects/ HTTP/1.0" 200 0
INFO 2026-04-12 23:48:08,810 basehttp "GET /api/subjects/ HTTP/1.0" 200 1486
INFO 2026-04-12 23:48:08,982 basehttp "GET /api/subjects/ HTTP/1.0" 200 1486
INFO 2026-04-12 23:48:11,720 basehttp "OPTIONS /api/subjects/1c991b13-0009-478b-bf7b-e53b27479f26/ HTTP/1.0" 200 0
INFO 2026-04-12 23:48:11,731 basehttp "OPTIONS /api/subjects/1c991b13-0009-478b-bf7b-e53b27479f26/ HTTP/1.0" 200 0
WARNING 2026-04-12 23:48:11,924 log Not Found: /api/subjects/1c991b13-0009-478b-bf7b-e53b27479f26/
WARNING 2026-04-12 23:48:11,925 basehttp "GET /api/subjects/1c991b13-0009-478b-bf7b-e53b27479f26/ HTTP/1.0" 404 23
WARNING 2026-04-12 23:48:12,122 log Not Found: /api/subjects/1c991b13-0009-478b-bf7b-e53b27479f26/
WARNING 2026-04-12 23:48:12,128 basehttp "GET /api/subjects/1c991b13-0009-478b-bf7b-e53b27479f26/ HTTP/1.0" 404 23
WARNING 2026-04-12 23:48:34,250 log Not Found: /api/subjects/1c991b13-0009-478b-bf7b-e53b27479f26/
WARNING 2026-04-12 23:48:34,253 basehttp "GET /api/subjects/1c991b13-0009-478b-bf7b-e53b27479f26/ HTTP/1.0" 404 23
INFO 2026-04-12 23:48:37,598 basehttp "GET /api/subjects/ HTTP/1.0" 200 1486
INFO 2026-04-12 23:48:37,768 basehttp "GET /api/subjects/ HTTP/1.0" 200 1486
INFO 2026-04-13 00:02:07,190 basehttp "OPTIONS /api/auth/login/ HTTP/1.0" 200 0
INFO 2026-04-13 00:02:07,775 basehttp "POST /api/auth/login/ HTTP/1.0" 200 483
INFO 2026-04-13 00:02:08,066 basehttp "OPTIONS /api/subjects/?page_size=100 HTTP/1.0" 200 0
INFO 2026-04-13 00:02:08,288 basehttp "GET /api/subjects/?page_size=100 HTTP/1.0" 200 1486
INFO 2026-04-13 00:02:08,427 basehttp "OPTIONS /api/subjects/?page_size=100 HTTP/1.0" 200 0
INFO 2026-04-13 00:02:08,620 basehttp "GET /api/subjects/?page_size=100 HTTP/1.0" 200 1486
INFO 2026-04-13 00:02:08,755 basehttp "OPTIONS /api/quizzes/?page_size=100 HTTP/1.0" 200 0
INFO 2026-04-13 00:02:08,952 basehttp "GET /api/quizzes/?page_size=100 HTTP/1.0" 200 52
INFO 2026-04-13 00:02:13,631 basehttp "OPTIONS /api/subjects/1c991b13-0009-478b-bf7b-e53b27479f26/stats/ HTTP/1.0" 200 0
WARNING 2026-04-13 00:02:13,869 log Not Found: /api/subjects/1c991b13-0009-478b-bf7b-e53b27479f26/stats/
WARNING 2026-04-13 00:02:13,870 basehttp "GET /api/subjects/1c991b13-0009-478b-bf7b-e53b27479f26/stats/ HTTP/1.0" 404 23
INFO 2026-04-13 00:02:14,103 basehttp "OPTIONS /api/topics/?subject_uuid=1c991b13-0009-478b-bf7b-e53b27479f26&page_size=100 HTTP/1.0" 200 0
INFO 2026-04-13 00:02:14,108 basehttp "OPTIONS /api/topics/?subject_uuid=1c991b13-0009-478b-bf7b-e53b27479f26&page_size=100 HTTP/1.0" 200 0
INFO 2026-04-13 00:02:14,399 basehttp "GET /api/topics/?subject_uuid=1c991b13-0009-478b-bf7b-e53b27479f26&page_size=100 HTTP/1.0" 200 52
INFO 2026-04-13 00:02:14,602 basehttp "GET /api/topics/?subject_uuid=1c991b13-0009-478b-bf7b-e53b27479f26&page_size=100 HTTP/1.0" 200 52
INFO 2026-04-13 00:02:25,063 basehttp "OPTIONS /api/topics/ HTTP/1.0" 200 0
ERROR 2026-04-13 00:02:25,264 log Internal Server Error: /api/topics/
Traceback (most recent call last):
  File "/root/SPS-Subjects-Presentation-System-/venv/lib/python3.12/site-packages/django/core/handlers/exception.py", line 55, in inner
    response = get_response(request)
               ^^^^^^^^^^^^^^^^^^^^^
  File "/root/SPS-Subjects-Presentation-System-/venv/lib/python3.12/site-packages/django/core/handlers/base.py", line 197, in _get_response
    response = wrapped_callback(request, *callback_args, **callback_kwargs)
               ^^^^^^^^^^^^^^^^^^^^^^^^^^^^^^^^^^^^^^^^^^^^^^^^^^^^^^^^^^^^
  File "/root/SPS-Subjects-Presentation-System-/venv/lib/python3.12/site-packages/django/views/decorators/csrf.py", line 65, in _view_wrapper
    return view_func(request, *args, **kwargs)
           ^^^^^^^^^^^^^^^^^^^^^^^^^^^^^^^^^^^
  File "/root/SPS-Subjects-Presentation-System-/venv/lib/python3.12/site-packages/rest_framework/viewsets.py", line 125, in view
    return self.dispatch(request, *args, **kwargs)
           ^^^^^^^^^^^^^^^^^^^^^^^^^^^^^^^^^^^^^^^
  File "/root/SPS-Subjects-Presentation-System-/venv/lib/python3.12/site-packages/rest_framework/views.py", line 509, in dispatch
    response = self.handle_exception(exc)
               ^^^^^^^^^^^^^^^^^^^^^^^^^^
  File "/root/SPS-Subjects-Presentation-System-/venv/lib/python3.12/site-packages/rest_framework/views.py", line 469, in handle_exception
    self.raise_uncaught_exception(exc)
  File "/root/SPS-Subjects-Presentation-System-/venv/lib/python3.12/site-packages/rest_framework/views.py", line 480, in raise_uncaught_exception
    raise exc
  File "/root/SPS-Subjects-Presentation-System-/venv/lib/python3.12/site-packages/rest_framework/views.py", line 506, in dispatch
    response = handler(request, *args, **kwargs)
               ^^^^^^^^^^^^^^^^^^^^^^^^^^^^^^^^^
  File "/root/SPS-Subjects-Presentation-System-/venv/lib/python3.12/site-packages/rest_framework/mixins.py", line 19, in create
    self.perform_create(serializer)
  File "/root/SPS-Subjects-Presentation-System-/spsapp/views.py", line 109, in perform_create
    max_order=models.Max('order')
              ^^^^^^
NameError: name 'models' is not defined
ERROR 2026-04-13 00:02:25,363 basehttp "POST /api/topics/ HTTP/1.0" 500 145
INFO 2026-04-13 00:02:48,597 basehttp "OPTIONS /api/topics/ HTTP/1.0" 200 0
ERROR 2026-04-13 00:02:48,748 log Internal Server Error: /api/topics/
Traceback (most recent call last):
  File "/root/SPS-Subjects-Presentation-System-/venv/lib/python3.12/site-packages/django/core/handlers/exception.py", line 55, in inner
    response = get_response(request)
               ^^^^^^^^^^^^^^^^^^^^^
  File "/root/SPS-Subjects-Presentation-System-/venv/lib/python3.12/site-packages/django/core/handlers/base.py", line 197, in _get_response
    response = wrapped_callback(request, *callback_args, **callback_kwargs)
               ^^^^^^^^^^^^^^^^^^^^^^^^^^^^^^^^^^^^^^^^^^^^^^^^^^^^^^^^^^^^
  File "/root/SPS-Subjects-Presentation-System-/venv/lib/python3.12/site-packages/django/views/decorators/csrf.py", line 65, in _view_wrapper
    return view_func(request, *args, **kwargs)
           ^^^^^^^^^^^^^^^^^^^^^^^^^^^^^^^^^^^
  File "/root/SPS-Subjects-Presentation-System-/venv/lib/python3.12/site-packages/rest_framework/viewsets.py", line 125, in view
    return self.dispatch(request, *args, **kwargs)
           ^^^^^^^^^^^^^^^^^^^^^^^^^^^^^^^^^^^^^^^
  File "/root/SPS-Subjects-Presentation-System-/venv/lib/python3.12/site-packages/rest_framework/views.py", line 509, in dispatch
    response = self.handle_exception(exc)
               ^^^^^^^^^^^^^^^^^^^^^^^^^^
  File "/root/SPS-Subjects-Presentation-System-/venv/lib/python3.12/site-packages/rest_framework/views.py", line 469, in handle_exception
    self.raise_uncaught_exception(exc)
  File "/root/SPS-Subjects-Presentation-System-/venv/lib/python3.12/site-packages/rest_framework/views.py", line 480, in raise_uncaught_exception
    raise exc
  File "/root/SPS-Subjects-Presentation-System-/venv/lib/python3.12/site-packages/rest_framework/views.py", line 506, in dispatch
    response = handler(request, *args, **kwargs)
               ^^^^^^^^^^^^^^^^^^^^^^^^^^^^^^^^^
  File "/root/SPS-Subjects-Presentation-System-/venv/lib/python3.12/site-packages/rest_framework/mixins.py", line 19, in create
    self.perform_create(serializer)
  File "/root/SPS-Subjects-Presentation-System-/spsapp/views.py", line 109, in perform_create
    max_order=models.Max('order')
              ^^^^^^
NameError: name 'models' is not defined
ERROR 2026-04-13 00:02:48,754 basehttp "POST /api/topics/ HTTP/1.0" 500 145
INFO 2026-04-13 00:02:54,952 basehttp "OPTIONS /api/quizzes/?page_size=100 HTTP/1.0" 200 0
INFO 2026-04-13 00:02:55,121 basehttp "GET /api/quizzes/?page_size=100 HTTP/1.0" 200 52
INFO 2026-04-13 00:02:56,092 basehttp "OPTIONS /api/topics/?subject_uuid=1c991b13-0009-478b-bf7b-e53b27479f26&page_size=100 HTTP/1.0" 200 0
INFO 2026-04-13 00:02:56,252 basehttp "GET /api/topics/?subject_uuid=1c991b13-0009-478b-bf7b-e53b27479f26&page_size=100 HTTP/1.0" 200 52
INFO 2026-04-13 00:05:00,299 basehttp "OPTIONS /api/subjects/1c991b13-0009-478b-bf7b-e53b27479f26/ HTTP/1.0" 200 0
WARNING 2026-04-13 00:05:00,476 log Not Found: /api/subjects/1c991b13-0009-478b-bf7b-e53b27479f26/
WARNING 2026-04-13 00:05:00,476 basehttp "PUT /api/subjects/1c991b13-0009-478b-bf7b-e53b27479f26/ HTTP/1.0" 404 23
INFO 2026-04-13 00:05:11,138 basehttp "OPTIONS /api/subjects/ HTTP/1.0" 200 0
INFO 2026-04-13 00:05:11,376 basehttp "POST /api/subjects/ HTTP/1.0" 201 321
INFO 2026-04-13 00:05:11,524 basehttp "OPTIONS /api/subjects/?page_size=100 HTTP/1.0" 200 0
INFO 2026-04-13 00:05:11,804 basehttp "GET /api/subjects/?page_size=100 HTTP/1.0" 200 1843
INFO 2026-04-13 00:05:11,949 basehttp "OPTIONS /api/subjects/?page_size=100 HTTP/1.0" 200 0
INFO 2026-04-13 00:05:12,256 basehttp "GET /api/subjects/?page_size=100 HTTP/1.0" 200 1843
INFO 2026-04-13 00:05:12,401 basehttp "OPTIONS /api/quizzes/?page_size=100 HTTP/1.0" 200 0
INFO 2026-04-13 00:05:12,648 basehttp "GET /api/quizzes/?page_size=100 HTTP/1.0" 200 52
WARNING 2026-04-13 01:18:53,678 log Not Found: /
WARNING 2026-04-13 01:18:53,687 basehttp "GET / HTTP/1.0" 404 179
WARNING 2026-04-13 04:01:20,477 log Not Found: /.git/HEAD
WARNING 2026-04-13 04:01:20,484 basehttp "GET /.git/HEAD HTTP/1.0" 404 179
INFO 2026-04-13 15:48:33,594 basehttp "GET /admin/auth/user/ HTTP/1.0" 200 12021
WARNING 2026-04-13 15:48:34,138 log Not Found: /favicon.ico
WARNING 2026-04-13 15:48:34,139 basehttp "GET /favicon.ico HTTP/1.0" 404 179
WARNING 2026-04-14 00:26:27,151 log Not Found: /wp-includes/ID3/license.txt
WARNING 2026-04-14 00:26:27,161 basehttp "GET //wp-includes/ID3/license.txt HTTP/1.0" 404 179
WARNING 2026-04-14 00:26:27,203 log Not Found: /feed/
WARNING 2026-04-14 00:26:27,204 basehttp "GET //feed/ HTTP/1.0" 404 179
WARNING 2026-04-14 00:26:27,246 log Not Found: /xmlrpc.php
WARNING 2026-04-14 00:26:27,247 basehttp "GET //xmlrpc.php?rsd HTTP/1.0" 404 179
WARNING 2026-04-14 00:26:27,289 log Not Found: /blog/wp-includes/wlwmanifest.xml
WARNING 2026-04-14 00:26:27,290 basehttp "GET //blog/wp-includes/wlwmanifest.xml HTTP/1.0" 404 179
WARNING 2026-04-14 00:26:27,357 log Not Found: /web/wp-includes/wlwmanifest.xml
WARNING 2026-04-14 00:26:27,357 basehttp "GET //web/wp-includes/wlwmanifest.xml HTTP/1.0" 404 179
WARNING 2026-04-14 00:26:27,399 log Not Found: /wordpress/wp-includes/wlwmanifest.xml
WARNING 2026-04-14 00:26:27,400 basehttp "GET //wordpress/wp-includes/wlwmanifest.xml HTTP/1.0" 404 179
WARNING 2026-04-14 00:26:27,442 log Not Found: /wp/wp-includes/wlwmanifest.xml
WARNING 2026-04-14 00:26:27,443 basehttp "GET //wp/wp-includes/wlwmanifest.xml HTTP/1.0" 404 179
WARNING 2026-04-14 00:26:27,529 log Not Found: /2020/wp-includes/wlwmanifest.xml
WARNING 2026-04-14 00:26:27,530 basehttp "GET //2020/wp-includes/wlwmanifest.xml HTTP/1.0" 404 179
WARNING 2026-04-14 00:26:27,592 log Not Found: /2019/wp-includes/wlwmanifest.xml
WARNING 2026-04-14 00:26:27,594 basehttp "GET //2019/wp-includes/wlwmanifest.xml HTTP/1.0" 404 179
WARNING 2026-04-14 00:26:27,636 log Not Found: /2021/wp-includes/wlwmanifest.xml
WARNING 2026-04-14 00:26:27,637 basehttp "GET //2021/wp-includes/wlwmanifest.xml HTTP/1.0" 404 179
WARNING 2026-04-14 00:26:27,679 log Not Found: /shop/wp-includes/wlwmanifest.xml
WARNING 2026-04-14 00:26:27,680 basehttp "GET //shop/wp-includes/wlwmanifest.xml HTTP/1.0" 404 179
WARNING 2026-04-14 00:26:27,723 log Not Found: /wp1/wp-includes/wlwmanifest.xml
WARNING 2026-04-14 00:26:27,723 basehttp "GET //wp1/wp-includes/wlwmanifest.xml HTTP/1.0" 404 179
WARNING 2026-04-14 00:26:27,766 log Not Found: /test/wp-includes/wlwmanifest.xml
WARNING 2026-04-14 00:26:27,766 basehttp "GET //test/wp-includes/wlwmanifest.xml HTTP/1.0" 404 179
WARNING 2026-04-14 00:26:27,808 log Not Found: /site/wp-includes/wlwmanifest.xml
WARNING 2026-04-14 00:26:27,809 basehttp "GET //site/wp-includes/wlwmanifest.xml HTTP/1.0" 404 179
WARNING 2026-04-14 00:26:27,853 log Not Found: /cms/wp-includes/wlwmanifest.xml
WARNING 2026-04-14 00:26:27,854 basehttp "GET //cms/wp-includes/wlwmanifest.xml HTTP/1.0" 404 179
WARNING 2026-04-14 11:11:54,773 log Not Found: /
WARNING 2026-04-14 11:11:54,779 basehttp "GET / HTTP/1.0" 404 179
WARNING 2026-04-14 12:05:34,125 log Not Found: /
WARNING 2026-04-14 12:05:34,144 basehttp "GET / HTTP/1.0" 404 179
WARNING 2026-04-14 12:05:34,599 log Not Found: /favicon.ico
WARNING 2026-04-14 12:05:34,600 basehttp "GET /favicon.ico HTTP/1.0" 404 179
WARNING 2026-04-14 12:56:55,932 log Not Found: /.git/config
WARNING 2026-04-14 12:56:55,952 basehttp "GET /.git/config HTTP/1.0" 404 179
WARNING 2026-04-14 20:45:58,553 log Not Found: /blog/.git/config
WARNING 2026-04-14 20:45:58,563 log Not Found: /packages/.git/config
WARNING 2026-04-14 20:45:58,565 log Not Found: /www/.git/config
WARNING 2026-04-14 20:45:58,550 log Not Found: /microservices/.git/config
WARNING 2026-04-14 20:45:58,588 log Not Found: /modules/.git/config
WARNING 2026-04-14 20:45:58,604 basehttp "GET /blog/.git/config HTTP/1.0" 404 179
INFO 2026-04-14 20:45:58,606 basehttp "GET /admin/.git/config HTTP/1.0" 302 0
WARNING 2026-04-14 20:45:58,608 basehttp "GET /packages/.git/config HTTP/1.0" 404 179
WARNING 2026-04-14 20:45:58,609 basehttp "GET /microservices/.git/config HTTP/1.0" 404 179
WARNING 2026-04-14 20:45:58,609 basehttp "GET /www/.git/config HTTP/1.0" 404 179
WARNING 2026-04-14 20:45:58,612 basehttp "GET /modules/.git/config HTTP/1.0" 404 179
WARNING 2026-04-15 02:18:41,269 log Not Found: /.git/config
WARNING 2026-04-15 02:18:41,273 basehttp "GET /.git/config HTTP/1.0" 404 179
INFO 2026-04-15 09:13:16,125 basehttp "OPTIONS /api/subjects/?page_size=100 HTTP/1.0" 200 0
WARNING 2026-04-15 09:13:16,369 log Unauthorized: /api/subjects/
WARNING 2026-04-15 09:13:16,372 basehttp "GET /api/subjects/?page_size=100 HTTP/1.0" 401 183
INFO 2026-04-15 09:13:16,644 basehttp "OPTIONS /api/auth/refresh/ HTTP/1.0" 200 0
INFO 2026-04-15 09:13:17,067 basehttp "POST /api/auth/refresh/ HTTP/1.0" 200 483
INFO 2026-04-15 09:13:17,215 basehttp "OPTIONS /api/subjects/?page_size=100 HTTP/1.0" 200 0
INFO 2026-04-15 09:13:17,729 basehttp "GET /api/subjects/?page_size=100 HTTP/1.0" 200 1843
INFO 2026-04-15 09:13:17,989 basehttp "OPTIONS /api/subjects/?page_size=100 HTTP/1.0" 200 0
INFO 2026-04-15 09:13:18,639 basehttp "GET /api/subjects/?page_size=100 HTTP/1.0" 200 1843
INFO 2026-04-15 09:13:18,795 basehttp "OPTIONS /api/quizzes/?page_size=100 HTTP/1.0" 200 0
INFO 2026-04-15 09:13:19,031 basehttp "GET /api/quizzes/?page_size=100 HTTP/1.0" 200 52
INFO 2026-04-15 09:13:26,135 basehttp "OPTIONS /api/subjects/e25c9638-60d0-462d-8f5d-4f6e50a819b9/ HTTP/1.0" 200 0
WARNING 2026-04-15 09:13:26,404 log Not Found: /api/subjects/e25c9638-60d0-462d-8f5d-4f6e50a819b9/
WARNING 2026-04-15 09:13:26,404 basehttp "PUT /api/subjects/e25c9638-60d0-462d-8f5d-4f6e50a819b9/ HTTP/1.0" 404 23
INFO 2026-04-15 09:13:42,122 basehttp "OPTIONS /api/subjects/e25c9638-60d0-462d-8f5d-4f6e50a819b9/ HTTP/1.0" 200 0
WARNING 2026-04-15 09:13:42,278 log Not Found: /api/subjects/e25c9638-60d0-462d-8f5d-4f6e50a819b9/
WARNING 2026-04-15 09:13:42,279 basehttp "PUT /api/subjects/e25c9638-60d0-462d-8f5d-4f6e50a819b9/ HTTP/1.0" 404 23
INFO 2026-04-15 09:15:25,031 basehttp "GET /admin/auth/user/ HTTP/1.0" 200 12021
WARNING 2026-04-15 09:15:25,606 log Not Found: /favicon.ico
WARNING 2026-04-15 09:15:25,607 basehttp "GET /favicon.ico HTTP/1.0" 404 179
INFO 2026-04-15 09:20:01,824 autoreload /root/SPS-Subjects-Presentation-System-/spsapp/views.py changed, reloading.
INFO 2026-04-15 09:20:09,715 autoreload Watching for file changes with StatReloader
INFO 2026-04-15 09:20:12,943 basehttp "OPTIONS /api/subjects/e25c9638-60d0-462d-8f5d-4f6e50a819b9/ HTTP/1.0" 200 0
INFO 2026-04-15 09:20:13,350 basehttp "PUT /api/subjects/e25c9638-60d0-462d-8f5d-4f6e50a819b9/ HTTP/1.0" 200 364
INFO 2026-04-15 09:20:13,491 basehttp "OPTIONS /api/subjects/?page_size=100 HTTP/1.0" 200 0
INFO 2026-04-15 09:20:13,710 basehttp "GET /api/subjects/?page_size=100 HTTP/1.0" 200 1851
INFO 2026-04-15 09:20:13,858 basehttp "OPTIONS /api/subjects/?page_size=100 HTTP/1.0" 200 0
INFO 2026-04-15 09:20:14,107 basehttp "GET /api/subjects/?page_size=100 HTTP/1.0" 200 1851
INFO 2026-04-15 09:20:14,248 basehttp "OPTIONS /api/quizzes/?page_size=100 HTTP/1.0" 200 0
INFO 2026-04-15 09:20:14,448 basehttp "GET /api/quizzes/?page_size=100 HTTP/1.0" 200 52
INFO 2026-04-15 09:20:20,300 basehttp "OPTIONS /api/subjects/e25c9638-60d0-462d-8f5d-4f6e50a819b9/stats/ HTTP/1.0" 200 0
ERROR 2026-04-15 09:20:20,485 log Internal Server Error: /api/subjects/e25c9638-60d0-462d-8f5d-4f6e50a819b9/stats/
Traceback (most recent call last):
  File "/root/SPS-Subjects-Presentation-System-/venv/lib/python3.12/site-packages/django/core/handlers/exception.py", line 55, in inner
    response = get_response(request)
               ^^^^^^^^^^^^^^^^^^^^^
  File "/root/SPS-Subjects-Presentation-System-/venv/lib/python3.12/site-packages/django/core/handlers/base.py", line 197, in _get_response
    response = wrapped_callback(request, *callback_args, **callback_kwargs)
               ^^^^^^^^^^^^^^^^^^^^^^^^^^^^^^^^^^^^^^^^^^^^^^^^^^^^^^^^^^^^
  File "/root/SPS-Subjects-Presentation-System-/venv/lib/python3.12/site-packages/django/views/decorators/csrf.py", line 65, in _view_wrapper
    return view_func(request, *args, **kwargs)
           ^^^^^^^^^^^^^^^^^^^^^^^^^^^^^^^^^^^
  File "/root/SPS-Subjects-Presentation-System-/venv/lib/python3.12/site-packages/rest_framework/viewsets.py", line 125, in view
    return self.dispatch(request, *args, **kwargs)
           ^^^^^^^^^^^^^^^^^^^^^^^^^^^^^^^^^^^^^^^
  File "/root/SPS-Subjects-Presentation-System-/venv/lib/python3.12/site-packages/rest_framework/views.py", line 509, in dispatch
    response = self.handle_exception(exc)
               ^^^^^^^^^^^^^^^^^^^^^^^^^^
  File "/root/SPS-Subjects-Presentation-System-/venv/lib/python3.12/site-packages/rest_framework/views.py", line 469, in handle_exception
    self.raise_uncaught_exception(exc)
  File "/root/SPS-Subjects-Presentation-System-/venv/lib/python3.12/site-packages/rest_framework/views.py", line 480, in raise_uncaught_exception
    raise exc
  File "/root/SPS-Subjects-Presentation-System-/venv/lib/python3.12/site-packages/rest_framework/views.py", line 506, in dispatch
    response = handler(request, *args, **kwargs)
               ^^^^^^^^^^^^^^^^^^^^^^^^^^^^^^^^^
TypeError: SubjectViewSet.stats() got an unexpected keyword argument 'subject_uuid'
ERROR 2026-04-15 09:20:20,494 basehttp "GET /api/subjects/e25c9638-60d0-462d-8f5d-4f6e50a819b9/stats/ HTTP/1.0" 500 145
INFO 2026-04-15 09:20:20,651 basehttp "OPTIONS /api/topics/?subject_uuid=e25c9638-60d0-462d-8f5d-4f6e50a819b9&page_size=100 HTTP/1.0" 200 0
INFO 2026-04-15 09:20:20,655 basehttp "OPTIONS /api/topics/?subject_uuid=e25c9638-60d0-462d-8f5d-4f6e50a819b9&page_size=100 HTTP/1.0" 200 0
INFO 2026-04-15 09:20:20,858 basehttp "GET /api/topics/?subject_uuid=e25c9638-60d0-462d-8f5d-4f6e50a819b9&page_size=100 HTTP/1.0" 200 52
INFO 2026-04-15 09:20:21,055 basehttp "GET /api/topics/?subject_uuid=e25c9638-60d0-462d-8f5d-4f6e50a819b9&page_size=100 HTTP/1.0" 200 52
INFO 2026-04-15 09:20:34,740 basehttp "OPTIONS /api/topics/ HTTP/1.0" 200 0
ERROR 2026-04-15 09:20:34,952 log Internal Server Error: /api/topics/
Traceback (most recent call last):
  File "/root/SPS-Subjects-Presentation-System-/venv/lib/python3.12/site-packages/django/core/handlers/exception.py", line 55, in inner
    response = get_response(request)
               ^^^^^^^^^^^^^^^^^^^^^
  File "/root/SPS-Subjects-Presentation-System-/venv/lib/python3.12/site-packages/django/core/handlers/base.py", line 197, in _get_response
    response = wrapped_callback(request, *callback_args, **callback_kwargs)
               ^^^^^^^^^^^^^^^^^^^^^^^^^^^^^^^^^^^^^^^^^^^^^^^^^^^^^^^^^^^^
  File "/root/SPS-Subjects-Presentation-System-/venv/lib/python3.12/site-packages/django/views/decorators/csrf.py", line 65, in _view_wrapper
    return view_func(request, *args, **kwargs)
           ^^^^^^^^^^^^^^^^^^^^^^^^^^^^^^^^^^^
  File "/root/SPS-Subjects-Presentation-System-/venv/lib/python3.12/site-packages/rest_framework/viewsets.py", line 125, in view
    return self.dispatch(request, *args, **kwargs)
           ^^^^^^^^^^^^^^^^^^^^^^^^^^^^^^^^^^^^^^^
  File "/root/SPS-Subjects-Presentation-System-/venv/lib/python3.12/site-packages/rest_framework/views.py", line 509, in dispatch
    response = self.handle_exception(exc)
               ^^^^^^^^^^^^^^^^^^^^^^^^^^
  File "/root/SPS-Subjects-Presentation-System-/venv/lib/python3.12/site-packages/rest_framework/views.py", line 469, in handle_exception
    self.raise_uncaught_exception(exc)
  File "/root/SPS-Subjects-Presentation-System-/venv/lib/python3.12/site-packages/rest_framework/views.py", line 480, in raise_uncaught_exception
    raise exc
  File "/root/SPS-Subjects-Presentation-System-/venv/lib/python3.12/site-packages/rest_framework/views.py", line 506, in dispatch
    response = handler(request, *args, **kwargs)
               ^^^^^^^^^^^^^^^^^^^^^^^^^^^^^^^^^
  File "/root/SPS-Subjects-Presentation-System-/venv/lib/python3.12/site-packages/rest_framework/mixins.py", line 19, in create
    self.perform_create(serializer)
  File "/root/SPS-Subjects-Presentation-System-/spsapp/views.py", line 109, in perform_create
    max_order=models.Max('order')
              ^^^^^^
NameError: name 'models' is not defined
ERROR 2026-04-15 09:20:34,959 basehttp "POST /api/topics/ HTTP/1.0" 500 145
INFO 2026-04-15 09:20:37,782 basehttp "OPTIONS /api/topics/ HTTP/1.0" 200 0
ERROR 2026-04-15 09:20:37,989 log Internal Server Error: /api/topics/
Traceback (most recent call last):
  File "/root/SPS-Subjects-Presentation-System-/venv/lib/python3.12/site-packages/django/core/handlers/exception.py", line 55, in inner
    response = get_response(request)
               ^^^^^^^^^^^^^^^^^^^^^
  File "/root/SPS-Subjects-Presentation-System-/venv/lib/python3.12/site-packages/django/core/handlers/base.py", line 197, in _get_response
    response = wrapped_callback(request, *callback_args, **callback_kwargs)
               ^^^^^^^^^^^^^^^^^^^^^^^^^^^^^^^^^^^^^^^^^^^^^^^^^^^^^^^^^^^^
  File "/root/SPS-Subjects-Presentation-System-/venv/lib/python3.12/site-packages/django/views/decorators/csrf.py", line 65, in _view_wrapper
    return view_func(request, *args, **kwargs)
           ^^^^^^^^^^^^^^^^^^^^^^^^^^^^^^^^^^^
  File "/root/SPS-Subjects-Presentation-System-/venv/lib/python3.12/site-packages/rest_framework/viewsets.py", line 125, in view
    return self.dispatch(request, *args, **kwargs)
           ^^^^^^^^^^^^^^^^^^^^^^^^^^^^^^^^^^^^^^^
  File "/root/SPS-Subjects-Presentation-System-/venv/lib/python3.12/site-packages/rest_framework/views.py", line 509, in dispatch
    response = self.handle_exception(exc)
               ^^^^^^^^^^^^^^^^^^^^^^^^^^
  File "/root/SPS-Subjects-Presentation-System-/venv/lib/python3.12/site-packages/rest_framework/views.py", line 469, in handle_exception
    self.raise_uncaught_exception(exc)
  File "/root/SPS-Subjects-Presentation-System-/venv/lib/python3.12/site-packages/rest_framework/views.py", line 480, in raise_uncaught_exception
    raise exc
  File "/root/SPS-Subjects-Presentation-System-/venv/lib/python3.12/site-packages/rest_framework/views.py", line 506, in dispatch
    response = handler(request, *args, **kwargs)
               ^^^^^^^^^^^^^^^^^^^^^^^^^^^^^^^^^
  File "/root/SPS-Subjects-Presentation-System-/venv/lib/python3.12/site-packages/rest_framework/mixins.py", line 19, in create
    self.perform_create(serializer)
  File "/root/SPS-Subjects-Presentation-System-/spsapp/views.py", line 109, in perform_create
    max_order=models.Max('order')
              ^^^^^^
NameError: name 'models' is not defined
ERROR 2026-04-15 09:20:37,993 basehttp "POST /api/topics/ HTTP/1.0" 500 145
INFO 2026-04-15 09:22:41,084 basehttp "OPTIONS /api/subjects/?page_size=100 HTTP/1.0" 200 0
INFO 2026-04-15 09:22:41,280 basehttp "GET /api/subjects/?page_size=100 HTTP/1.0" 200 1851
INFO 2026-04-15 09:22:41,428 basehttp "OPTIONS /api/subjects/?page_size=100 HTTP/1.0" 200 0
INFO 2026-04-15 09:22:41,618 basehttp "GET /api/subjects/?page_size=100 HTTP/1.0" 200 1851
INFO 2026-04-15 09:22:41,793 basehttp "OPTIONS /api/quizzes/?page_size=100 HTTP/1.0" 200 0
INFO 2026-04-15 09:22:41,947 basehttp "GET /api/quizzes/?page_size=100 HTTP/1.0" 200 52
INFO 2026-04-15 09:22:46,858 basehttp "OPTIONS /api/subjects/e25c9638-60d0-462d-8f5d-4f6e50a819b9/stats/ HTTP/1.0" 200 0
ERROR 2026-04-15 09:22:47,044 log Internal Server Error: /api/subjects/e25c9638-60d0-462d-8f5d-4f6e50a819b9/stats/
Traceback (most recent call last):
  File "/root/SPS-Subjects-Presentation-System-/venv/lib/python3.12/site-packages/django/core/handlers/exception.py", line 55, in inner
    response = get_response(request)
               ^^^^^^^^^^^^^^^^^^^^^
  File "/root/SPS-Subjects-Presentation-System-/venv/lib/python3.12/site-packages/django/core/handlers/base.py", line 197, in _get_response
    response = wrapped_callback(request, *callback_args, **callback_kwargs)
               ^^^^^^^^^^^^^^^^^^^^^^^^^^^^^^^^^^^^^^^^^^^^^^^^^^^^^^^^^^^^
  File "/root/SPS-Subjects-Presentation-System-/venv/lib/python3.12/site-packages/django/views/decorators/csrf.py", line 65, in _view_wrapper
    return view_func(request, *args, **kwargs)
           ^^^^^^^^^^^^^^^^^^^^^^^^^^^^^^^^^^^
  File "/root/SPS-Subjects-Presentation-System-/venv/lib/python3.12/site-packages/rest_framework/viewsets.py", line 125, in view
    return self.dispatch(request, *args, **kwargs)
           ^^^^^^^^^^^^^^^^^^^^^^^^^^^^^^^^^^^^^^^
  File "/root/SPS-Subjects-Presentation-System-/venv/lib/python3.12/site-packages/rest_framework/views.py", line 509, in dispatch
    response = self.handle_exception(exc)
               ^^^^^^^^^^^^^^^^^^^^^^^^^^
  File "/root/SPS-Subjects-Presentation-System-/venv/lib/python3.12/site-packages/rest_framework/views.py", line 469, in handle_exception
    self.raise_uncaught_exception(exc)
  File "/root/SPS-Subjects-Presentation-System-/venv/lib/python3.12/site-packages/rest_framework/views.py", line 480, in raise_uncaught_exception
    raise exc
  File "/root/SPS-Subjects-Presentation-System-/venv/lib/python3.12/site-packages/rest_framework/views.py", line 506, in dispatch
    response = handler(request, *args, **kwargs)
               ^^^^^^^^^^^^^^^^^^^^^^^^^^^^^^^^^
TypeError: SubjectViewSet.stats() got an unexpected keyword argument 'subject_uuid'
ERROR 2026-04-15 09:22:47,046 basehttp "GET /api/subjects/e25c9638-60d0-462d-8f5d-4f6e50a819b9/stats/ HTTP/1.0" 500 145
INFO 2026-04-15 09:22:47,223 basehttp "OPTIONS /api/topics/?subject_uuid=e25c9638-60d0-462d-8f5d-4f6e50a819b9&page_size=100 HTTP/1.0" 200 0
INFO 2026-04-15 09:22:47,225 basehttp "OPTIONS /api/topics/?subject_uuid=e25c9638-60d0-462d-8f5d-4f6e50a819b9&page_size=100 HTTP/1.0" 200 0
INFO 2026-04-15 09:22:47,401 basehttp "GET /api/topics/?subject_uuid=e25c9638-60d0-462d-8f5d-4f6e50a819b9&page_size=100 HTTP/1.0" 200 52
INFO 2026-04-15 09:22:47,572 basehttp "GET /api/topics/?subject_uuid=e25c9638-60d0-462d-8f5d-4f6e50a819b9&page_size=100 HTTP/1.0" 200 52
INFO 2026-04-15 09:22:56,972 basehttp "OPTIONS /api/topics/ HTTP/1.0" 200 0
ERROR 2026-04-15 09:22:57,194 log Internal Server Error: /api/topics/
Traceback (most recent call last):
  File "/root/SPS-Subjects-Presentation-System-/venv/lib/python3.12/site-packages/django/core/handlers/exception.py", line 55, in inner
    response = get_response(request)
               ^^^^^^^^^^^^^^^^^^^^^
  File "/root/SPS-Subjects-Presentation-System-/venv/lib/python3.12/site-packages/django/core/handlers/base.py", line 197, in _get_response
    response = wrapped_callback(request, *callback_args, **callback_kwargs)
               ^^^^^^^^^^^^^^^^^^^^^^^^^^^^^^^^^^^^^^^^^^^^^^^^^^^^^^^^^^^^
  File "/root/SPS-Subjects-Presentation-System-/venv/lib/python3.12/site-packages/django/views/decorators/csrf.py", line 65, in _view_wrapper
    return view_func(request, *args, **kwargs)
           ^^^^^^^^^^^^^^^^^^^^^^^^^^^^^^^^^^^
  File "/root/SPS-Subjects-Presentation-System-/venv/lib/python3.12/site-packages/rest_framework/viewsets.py", line 125, in view
    return self.dispatch(request, *args, **kwargs)
           ^^^^^^^^^^^^^^^^^^^^^^^^^^^^^^^^^^^^^^^
  File "/root/SPS-Subjects-Presentation-System-/venv/lib/python3.12/site-packages/rest_framework/views.py", line 509, in dispatch
    response = self.handle_exception(exc)
               ^^^^^^^^^^^^^^^^^^^^^^^^^^
  File "/root/SPS-Subjects-Presentation-System-/venv/lib/python3.12/site-packages/rest_framework/views.py", line 469, in handle_exception
    self.raise_uncaught_exception(exc)
  File "/root/SPS-Subjects-Presentation-System-/venv/lib/python3.12/site-packages/rest_framework/views.py", line 480, in raise_uncaught_exception
    raise exc
  File "/root/SPS-Subjects-Presentation-System-/venv/lib/python3.12/site-packages/rest_framework/views.py", line 506, in dispatch
    response = handler(request, *args, **kwargs)
               ^^^^^^^^^^^^^^^^^^^^^^^^^^^^^^^^^
  File "/root/SPS-Subjects-Presentation-System-/venv/lib/python3.12/site-packages/rest_framework/mixins.py", line 19, in create
    self.perform_create(serializer)
  File "/root/SPS-Subjects-Presentation-System-/spsapp/views.py", line 109, in perform_create
    max_order=models.Max('order')
              ^^^^^^
NameError: name 'models' is not defined
ERROR 2026-04-15 09:22:57,200 basehttp "POST /api/topics/ HTTP/1.0" 500 145
INFO 2026-04-15 09:23:51,794 autoreload /root/SPS-Subjects-Presentation-System-/spsapp/views.py changed, reloading.
INFO 2026-04-15 09:23:52,785 autoreload Watching for file changes with StatReloader
INFO 2026-04-15 09:23:55,212 autoreload Watching for file changes with StatReloader
INFO 2026-04-15 09:23:59,392 basehttp "OPTIONS /api/topics/ HTTP/1.0" 200 0
INFO 2026-04-15 09:23:59,716 basehttp "POST /api/topics/ HTTP/1.0" 201 265
INFO 2026-04-15 09:23:59,871 basehttp "OPTIONS /api/topics/?subject_uuid=e25c9638-60d0-462d-8f5d-4f6e50a819b9&page_size=100 HTTP/1.0" 200 0
INFO 2026-04-15 09:24:00,068 basehttp "GET /api/topics/?subject_uuid=e25c9638-60d0-462d-8f5d-4f6e50a819b9&page_size=100 HTTP/1.0" 200 355
INFO 2026-04-15 09:24:04,210 basehttp "OPTIONS /api/topics/510fe6b8-94e6-4a8c-8150-7eb830f5bde2/ HTTP/1.0" 200 0
INFO 2026-04-15 09:24:04,417 basehttp "PUT /api/topics/510fe6b8-94e6-4a8c-8150-7eb830f5bde2/ HTTP/1.0" 200 303
INFO 2026-04-15 09:24:04,557 basehttp "OPTIONS /api/topics/?subject_uuid=e25c9638-60d0-462d-8f5d-4f6e50a819b9&page_size=100 HTTP/1.0" 200 0
INFO 2026-04-15 09:24:04,735 basehttp "GET /api/topics/?subject_uuid=e25c9638-60d0-462d-8f5d-4f6e50a819b9&page_size=100 HTTP/1.0" 200 355
INFO 2026-04-15 09:24:19,132 basehttp "OPTIONS /api/resources/ HTTP/1.0" 200 0
ERROR 2026-04-15 09:24:33,267 log Internal Server Error: /api/resources/
Traceback (most recent call last):
  File "/root/SPS-Subjects-Presentation-System-/venv/lib/python3.12/site-packages/django/core/handlers/exception.py", line 55, in inner
    response = get_response(request)
               ^^^^^^^^^^^^^^^^^^^^^
  File "/root/SPS-Subjects-Presentation-System-/venv/lib/python3.12/site-packages/django/core/handlers/base.py", line 197, in _get_response
    response = wrapped_callback(request, *callback_args, **callback_kwargs)
               ^^^^^^^^^^^^^^^^^^^^^^^^^^^^^^^^^^^^^^^^^^^^^^^^^^^^^^^^^^^^
  File "/root/SPS-Subjects-Presentation-System-/venv/lib/python3.12/site-packages/django/views/decorators/csrf.py", line 65, in _view_wrapper
    return view_func(request, *args, **kwargs)
           ^^^^^^^^^^^^^^^^^^^^^^^^^^^^^^^^^^^
  File "/root/SPS-Subjects-Presentation-System-/venv/lib/python3.12/site-packages/rest_framework/viewsets.py", line 125, in view
    return self.dispatch(request, *args, **kwargs)
           ^^^^^^^^^^^^^^^^^^^^^^^^^^^^^^^^^^^^^^^
  File "/root/SPS-Subjects-Presentation-System-/venv/lib/python3.12/site-packages/rest_framework/views.py", line 509, in dispatch
    response = self.handle_exception(exc)
               ^^^^^^^^^^^^^^^^^^^^^^^^^^
  File "/root/SPS-Subjects-Presentation-System-/venv/lib/python3.12/site-packages/rest_framework/views.py", line 469, in handle_exception
    self.raise_uncaught_exception(exc)
  File "/root/SPS-Subjects-Presentation-System-/venv/lib/python3.12/site-packages/rest_framework/views.py", line 480, in raise_uncaught_exception
    raise exc
  File "/root/SPS-Subjects-Presentation-System-/venv/lib/python3.12/site-packages/rest_framework/views.py", line 506, in dispatch
    response = handler(request, *args, **kwargs)
               ^^^^^^^^^^^^^^^^^^^^^^^^^^^^^^^^^
  File "/root/SPS-Subjects-Presentation-System-/venv/lib/python3.12/site-packages/rest_framework/mixins.py", line 19, in create
    self.perform_create(serializer)
  File "/root/SPS-Subjects-Presentation-System-/spsapp/views.py", line 150, in perform_create
    topic = serializer.validated_data['topic']
            ~~~~~~~~~~~~~~~~~~~~~~~~~^^^^^^^^^
KeyError: 'topic'
ERROR 2026-04-15 09:24:33,270 basehttp "POST /api/resources/ HTTP/1.0" 500 145
INFO 2026-04-15 09:25:17,233 autoreload /root/SPS-Subjects-Presentation-System-/spsapp/views.py changed, reloading.
INFO 2026-04-15 09:25:18,030 autoreload Watching for file changes with StatReloader
INFO 2026-04-15 09:25:23,194 autoreload Watching for file changes with StatReloader
INFO 2026-04-15 09:25:26,260 basehttp "OPTIONS /api/resources/ HTTP/1.0" 200 0
INFO 2026-04-15 09:25:50,728 basehttp "OPTIONS /api/subjects/?page_size=100 HTTP/1.0" 200 0
INFO 2026-04-15 09:25:50,989 basehttp "GET /api/subjects/?page_size=100 HTTP/1.0" 200 1851
INFO 2026-04-15 09:25:51,165 basehttp "OPTIONS /api/subjects/?page_size=100 HTTP/1.0" 200 0
INFO 2026-04-15 09:25:51,382 basehttp "GET /api/subjects/?page_size=100 HTTP/1.0" 200 1851
INFO 2026-04-15 09:25:51,535 basehttp "OPTIONS /api/quizzes/?page_size=100 HTTP/1.0" 200 0
INFO 2026-04-15 09:25:51,734 basehttp "GET /api/quizzes/?page_size=100 HTTP/1.0" 200 52
INFO 2026-04-15 09:25:56,553 basehttp "OPTIONS /api/subjects/e25c9638-60d0-462d-8f5d-4f6e50a819b9/stats/ HTTP/1.0" 200 0
ERROR 2026-04-15 09:25:56,798 log Internal Server Error: /api/subjects/e25c9638-60d0-462d-8f5d-4f6e50a819b9/stats/
Traceback (most recent call last):
  File "/root/SPS-Subjects-Presentation-System-/venv/lib/python3.12/site-packages/django/core/handlers/exception.py", line 55, in inner
    response = get_response(request)
               ^^^^^^^^^^^^^^^^^^^^^
  File "/root/SPS-Subjects-Presentation-System-/venv/lib/python3.12/site-packages/django/core/handlers/base.py", line 197, in _get_response
    response = wrapped_callback(request, *callback_args, **callback_kwargs)
               ^^^^^^^^^^^^^^^^^^^^^^^^^^^^^^^^^^^^^^^^^^^^^^^^^^^^^^^^^^^^
  File "/root/SPS-Subjects-Presentation-System-/venv/lib/python3.12/site-packages/django/views/decorators/csrf.py", line 65, in _view_wrapper
    return view_func(request, *args, **kwargs)
           ^^^^^^^^^^^^^^^^^^^^^^^^^^^^^^^^^^^
  File "/root/SPS-Subjects-Presentation-System-/venv/lib/python3.12/site-packages/rest_framework/viewsets.py", line 125, in view
    return self.dispatch(request, *args, **kwargs)
           ^^^^^^^^^^^^^^^^^^^^^^^^^^^^^^^^^^^^^^^
  File "/root/SPS-Subjects-Presentation-System-/venv/lib/python3.12/site-packages/rest_framework/views.py", line 509, in dispatch
    response = self.handle_exception(exc)
               ^^^^^^^^^^^^^^^^^^^^^^^^^^
  File "/root/SPS-Subjects-Presentation-System-/venv/lib/python3.12/site-packages/rest_framework/views.py", line 469, in handle_exception
    self.raise_uncaught_exception(exc)
  File "/root/SPS-Subjects-Presentation-System-/venv/lib/python3.12/site-packages/rest_framework/views.py", line 480, in raise_uncaught_exception
    raise exc
  File "/root/SPS-Subjects-Presentation-System-/venv/lib/python3.12/site-packages/rest_framework/views.py", line 506, in dispatch
    response = handler(request, *args, **kwargs)
               ^^^^^^^^^^^^^^^^^^^^^^^^^^^^^^^^^
TypeError: SubjectViewSet.stats() got an unexpected keyword argument 'subject_uuid'
ERROR 2026-04-15 09:25:56,801 basehttp "GET /api/subjects/e25c9638-60d0-462d-8f5d-4f6e50a819b9/stats/ HTTP/1.0" 500 145
INFO 2026-04-15 09:25:56,949 basehttp "OPTIONS /api/topics/?subject_uuid=e25c9638-60d0-462d-8f5d-4f6e50a819b9&page_size=100 HTTP/1.0" 200 0
INFO 2026-04-15 09:25:56,965 basehttp "OPTIONS /api/topics/?subject_uuid=e25c9638-60d0-462d-8f5d-4f6e50a819b9&page_size=100 HTTP/1.0" 200 0
INFO 2026-04-15 09:25:57,132 basehttp "GET /api/topics/?subject_uuid=e25c9638-60d0-462d-8f5d-4f6e50a819b9&page_size=100 HTTP/1.0" 200 355
INFO 2026-04-15 09:25:57,405 basehttp "GET /api/topics/?subject_uuid=e25c9638-60d0-462d-8f5d-4f6e50a819b9&page_size=100 HTTP/1.0" 200 355
INFO 2026-04-15 09:25:57,561 basehttp "OPTIONS /api/resources/?topic_uuid=510fe6b8-94e6-4a8c-8150-7eb830f5bde2 HTTP/1.0" 200 0
INFO 2026-04-15 09:25:57,750 basehttp "GET /api/resources/?topic_uuid=510fe6b8-94e6-4a8c-8150-7eb830f5bde2 HTTP/1.0" 200 52
INFO 2026-04-15 09:26:10,504 basehttp "OPTIONS /api/resources/ HTTP/1.0" 200 0
ERROR 2026-04-15 09:26:27,861 log Internal Server Error: /api/resources/
Traceback (most recent call last):
  File "/root/SPS-Subjects-Presentation-System-/venv/lib/python3.12/site-packages/django/core/handlers/exception.py", line 55, in inner
    response = get_response(request)
               ^^^^^^^^^^^^^^^^^^^^^
  File "/root/SPS-Subjects-Presentation-System-/venv/lib/python3.12/site-packages/django/core/handlers/base.py", line 197, in _get_response
    response = wrapped_callback(request, *callback_args, **callback_kwargs)
               ^^^^^^^^^^^^^^^^^^^^^^^^^^^^^^^^^^^^^^^^^^^^^^^^^^^^^^^^^^^^
  File "/root/SPS-Subjects-Presentation-System-/venv/lib/python3.12/site-packages/django/views/decorators/csrf.py", line 65, in _view_wrapper
    return view_func(request, *args, **kwargs)
           ^^^^^^^^^^^^^^^^^^^^^^^^^^^^^^^^^^^
  File "/root/SPS-Subjects-Presentation-System-/venv/lib/python3.12/site-packages/rest_framework/viewsets.py", line 125, in view
    return self.dispatch(request, *args, **kwargs)
           ^^^^^^^^^^^^^^^^^^^^^^^^^^^^^^^^^^^^^^^
  File "/root/SPS-Subjects-Presentation-System-/venv/lib/python3.12/site-packages/rest_framework/views.py", line 509, in dispatch
    response = self.handle_exception(exc)
               ^^^^^^^^^^^^^^^^^^^^^^^^^^
  File "/root/SPS-Subjects-Presentation-System-/venv/lib/python3.12/site-packages/rest_framework/views.py", line 469, in handle_exception
    self.raise_uncaught_exception(exc)
  File "/root/SPS-Subjects-Presentation-System-/venv/lib/python3.12/site-packages/rest_framework/views.py", line 480, in raise_uncaught_exception
    raise exc
  File "/root/SPS-Subjects-Presentation-System-/venv/lib/python3.12/site-packages/rest_framework/views.py", line 506, in dispatch
    response = handler(request, *args, **kwargs)
               ^^^^^^^^^^^^^^^^^^^^^^^^^^^^^^^^^
  File "/root/SPS-Subjects-Presentation-System-/venv/lib/python3.12/site-packages/rest_framework/mixins.py", line 19, in create
    self.perform_create(serializer)
  File "/root/SPS-Subjects-Presentation-System-/spsapp/views.py", line 151, in perform_create
    topic = serializer.validated_data['topic']
            ~~~~~~~~~~~~~~~~~~~~~~~~~^^^^^^^^^
KeyError: 'topic'
ERROR 2026-04-15 09:26:27,865 basehttp "POST /api/resources/ HTTP/1.0" 500 145
INFO 2026-04-15 09:28:03,941 basehttp "OPTIONS /api/resources/ HTTP/1.0" 200 0
ERROR 2026-04-15 09:28:49,215 log Internal Server Error: /api/resources/
Traceback (most recent call last):
  File "/root/SPS-Subjects-Presentation-System-/venv/lib/python3.12/site-packages/django/core/handlers/exception.py", line 55, in inner
    response = get_response(request)
               ^^^^^^^^^^^^^^^^^^^^^
  File "/root/SPS-Subjects-Presentation-System-/venv/lib/python3.12/site-packages/django/core/handlers/base.py", line 197, in _get_response
    response = wrapped_callback(request, *callback_args, **callback_kwargs)
               ^^^^^^^^^^^^^^^^^^^^^^^^^^^^^^^^^^^^^^^^^^^^^^^^^^^^^^^^^^^^
  File "/root/SPS-Subjects-Presentation-System-/venv/lib/python3.12/site-packages/django/views/decorators/csrf.py", line 65, in _view_wrapper
    return view_func(request, *args, **kwargs)
           ^^^^^^^^^^^^^^^^^^^^^^^^^^^^^^^^^^^
  File "/root/SPS-Subjects-Presentation-System-/venv/lib/python3.12/site-packages/rest_framework/viewsets.py", line 125, in view
    return self.dispatch(request, *args, **kwargs)
           ^^^^^^^^^^^^^^^^^^^^^^^^^^^^^^^^^^^^^^^
  File "/root/SPS-Subjects-Presentation-System-/venv/lib/python3.12/site-packages/rest_framework/views.py", line 509, in dispatch
    response = self.handle_exception(exc)
               ^^^^^^^^^^^^^^^^^^^^^^^^^^
  File "/root/SPS-Subjects-Presentation-System-/venv/lib/python3.12/site-packages/rest_framework/views.py", line 469, in handle_exception
    self.raise_uncaught_exception(exc)
  File "/root/SPS-Subjects-Presentation-System-/venv/lib/python3.12/site-packages/rest_framework/views.py", line 480, in raise_uncaught_exception
    raise exc
  File "/root/SPS-Subjects-Presentation-System-/venv/lib/python3.12/site-packages/rest_framework/views.py", line 506, in dispatch
    response = handler(request, *args, **kwargs)
               ^^^^^^^^^^^^^^^^^^^^^^^^^^^^^^^^^
  File "/root/SPS-Subjects-Presentation-System-/venv/lib/python3.12/site-packages/rest_framework/mixins.py", line 19, in create
    self.perform_create(serializer)
  File "/root/SPS-Subjects-Presentation-System-/spsapp/views.py", line 151, in perform_create
    topic = serializer.validated_data['topic']
            ~~~~~~~~~~~~~~~~~~~~~~~~~^^^^^^^^^
KeyError: 'topic'
ERROR 2026-04-15 09:28:49,217 basehttp "POST /api/resources/ HTTP/1.0" 500 145
INFO 2026-04-15 09:35:02,359 basehttp "OPTIONS /api/resources/ HTTP/1.0" 200 0
ERROR 2026-04-15 09:35:03,104 log Internal Server Error: /api/resources/
Traceback (most recent call last):
  File "/root/SPS-Subjects-Presentation-System-/venv/lib/python3.12/site-packages/django/core/handlers/exception.py", line 55, in inner
    response = get_response(request)
               ^^^^^^^^^^^^^^^^^^^^^
  File "/root/SPS-Subjects-Presentation-System-/venv/lib/python3.12/site-packages/django/core/handlers/base.py", line 197, in _get_response
    response = wrapped_callback(request, *callback_args, **callback_kwargs)
               ^^^^^^^^^^^^^^^^^^^^^^^^^^^^^^^^^^^^^^^^^^^^^^^^^^^^^^^^^^^^
  File "/root/SPS-Subjects-Presentation-System-/venv/lib/python3.12/site-packages/django/views/decorators/csrf.py", line 65, in _view_wrapper
    return view_func(request, *args, **kwargs)
           ^^^^^^^^^^^^^^^^^^^^^^^^^^^^^^^^^^^
  File "/root/SPS-Subjects-Presentation-System-/venv/lib/python3.12/site-packages/rest_framework/viewsets.py", line 125, in view
    return self.dispatch(request, *args, **kwargs)
           ^^^^^^^^^^^^^^^^^^^^^^^^^^^^^^^^^^^^^^^
  File "/root/SPS-Subjects-Presentation-System-/venv/lib/python3.12/site-packages/rest_framework/views.py", line 509, in dispatch
    response = self.handle_exception(exc)
               ^^^^^^^^^^^^^^^^^^^^^^^^^^
  File "/root/SPS-Subjects-Presentation-System-/venv/lib/python3.12/site-packages/rest_framework/views.py", line 469, in handle_exception
    self.raise_uncaught_exception(exc)
  File "/root/SPS-Subjects-Presentation-System-/venv/lib/python3.12/site-packages/rest_framework/views.py", line 480, in raise_uncaught_exception
    raise exc
  File "/root/SPS-Subjects-Presentation-System-/venv/lib/python3.12/site-packages/rest_framework/views.py", line 506, in dispatch
    response = handler(request, *args, **kwargs)
               ^^^^^^^^^^^^^^^^^^^^^^^^^^^^^^^^^
  File "/root/SPS-Subjects-Presentation-System-/venv/lib/python3.12/site-packages/rest_framework/mixins.py", line 19, in create
    self.perform_create(serializer)
  File "/root/SPS-Subjects-Presentation-System-/spsapp/views.py", line 151, in perform_create
    topic = serializer.validated_data['topic']
            ~~~~~~~~~~~~~~~~~~~~~~~~~^^^^^^^^^
KeyError: 'topic'
ERROR 2026-04-15 09:35:03,112 basehttp "POST /api/resources/ HTTP/1.0" 500 145
INFO 2026-04-15 09:39:48,122 autoreload /root/SPS-Subjects-Presentation-System-/spsapp/serializers.py changed, reloading.
INFO 2026-04-15 09:39:48,983 autoreload Watching for file changes with StatReloader
INFO 2026-04-15 09:39:53,061 autoreload Watching for file changes with StatReloader
INFO 2026-04-15 09:40:08,209 basehttp "OPTIONS /api/resources/ HTTP/1.0" 200 0
WARNING 2026-04-15 09:40:08,732 log Bad Request: /api/resources/
WARNING 2026-04-15 09:40:08,733 basehttp "POST /api/resources/ HTTP/1.0" 400 38
INFO 2026-04-15 09:41:25,688 basehttp "OPTIONS /api/subjects/?page_size=100 HTTP/1.0" 200 0
INFO 2026-04-15 09:41:25,890 basehttp "GET /api/subjects/?page_size=100 HTTP/1.0" 200 1851
INFO 2026-04-15 09:41:26,058 basehttp "OPTIONS /api/subjects/?page_size=100 HTTP/1.0" 200 0
INFO 2026-04-15 09:41:26,249 basehttp "GET /api/subjects/?page_size=100 HTTP/1.0" 200 1851
INFO 2026-04-15 09:41:26,450 basehttp "OPTIONS /api/quizzes/?page_size=100 HTTP/1.0" 200 0
INFO 2026-04-15 09:41:26,630 basehttp "GET /api/quizzes/?page_size=100 HTTP/1.0" 200 52
INFO 2026-04-15 09:41:28,170 basehttp "OPTIONS /api/subjects/e25c9638-60d0-462d-8f5d-4f6e50a819b9/stats/ HTTP/1.0" 200 0
ERROR 2026-04-15 09:41:28,335 log Internal Server Error: /api/subjects/e25c9638-60d0-462d-8f5d-4f6e50a819b9/stats/
Traceback (most recent call last):
  File "/root/SPS-Subjects-Presentation-System-/venv/lib/python3.12/site-packages/django/core/handlers/exception.py", line 55, in inner
    response = get_response(request)
               ^^^^^^^^^^^^^^^^^^^^^
  File "/root/SPS-Subjects-Presentation-System-/venv/lib/python3.12/site-packages/django/core/handlers/base.py", line 197, in _get_response
    response = wrapped_callback(request, *callback_args, **callback_kwargs)
               ^^^^^^^^^^^^^^^^^^^^^^^^^^^^^^^^^^^^^^^^^^^^^^^^^^^^^^^^^^^^
  File "/root/SPS-Subjects-Presentation-System-/venv/lib/python3.12/site-packages/django/views/decorators/csrf.py", line 65, in _view_wrapper
    return view_func(request, *args, **kwargs)
           ^^^^^^^^^^^^^^^^^^^^^^^^^^^^^^^^^^^
  File "/root/SPS-Subjects-Presentation-System-/venv/lib/python3.12/site-packages/rest_framework/viewsets.py", line 125, in view
    return self.dispatch(request, *args, **kwargs)
           ^^^^^^^^^^^^^^^^^^^^^^^^^^^^^^^^^^^^^^^
  File "/root/SPS-Subjects-Presentation-System-/venv/lib/python3.12/site-packages/rest_framework/views.py", line 509, in dispatch
    response = self.handle_exception(exc)
               ^^^^^^^^^^^^^^^^^^^^^^^^^^
  File "/root/SPS-Subjects-Presentation-System-/venv/lib/python3.12/site-packages/rest_framework/views.py", line 469, in handle_exception
    self.raise_uncaught_exception(exc)
  File "/root/SPS-Subjects-Presentation-System-/venv/lib/python3.12/site-packages/rest_framework/views.py", line 480, in raise_uncaught_exception
    raise exc
  File "/root/SPS-Subjects-Presentation-System-/venv/lib/python3.12/site-packages/rest_framework/views.py", line 506, in dispatch
    response = handler(request, *args, **kwargs)
               ^^^^^^^^^^^^^^^^^^^^^^^^^^^^^^^^^
TypeError: SubjectViewSet.stats() got an unexpected keyword argument 'subject_uuid'
ERROR 2026-04-15 09:41:28,338 basehttp "GET /api/subjects/e25c9638-60d0-462d-8f5d-4f6e50a819b9/stats/ HTTP/1.0" 500 145
INFO 2026-04-15 09:41:28,470 basehttp "OPTIONS /api/topics/?subject_uuid=e25c9638-60d0-462d-8f5d-4f6e50a819b9&page_size=100 HTTP/1.0" 200 0
INFO 2026-04-15 09:41:28,490 basehttp "OPTIONS /api/topics/?subject_uuid=e25c9638-60d0-462d-8f5d-4f6e50a819b9&page_size=100 HTTP/1.0" 200 0
INFO 2026-04-15 09:41:28,645 basehttp "GET /api/topics/?subject_uuid=e25c9638-60d0-462d-8f5d-4f6e50a819b9&page_size=100 HTTP/1.0" 200 355
INFO 2026-04-15 09:41:28,830 basehttp "GET /api/topics/?subject_uuid=e25c9638-60d0-462d-8f5d-4f6e50a819b9&page_size=100 HTTP/1.0" 200 355
INFO 2026-04-15 09:41:29,010 basehttp "OPTIONS /api/resources/?topic_uuid=510fe6b8-94e6-4a8c-8150-7eb830f5bde2 HTTP/1.0" 200 0
INFO 2026-04-15 09:41:29,175 basehttp "GET /api/resources/?topic_uuid=510fe6b8-94e6-4a8c-8150-7eb830f5bde2 HTTP/1.0" 200 52
INFO 2026-04-15 09:41:40,290 basehttp "OPTIONS /api/resources/ HTTP/1.0" 200 0
WARNING 2026-04-15 09:41:40,792 log Bad Request: /api/resources/
WARNING 2026-04-15 09:41:40,793 basehttp "POST /api/resources/ HTTP/1.0" 400 79
INFO 2026-04-15 09:44:19,846 autoreload /root/SPS-Subjects-Presentation-System-/spsapp/serializers.py changed, reloading.
INFO 2026-04-15 09:44:20,786 autoreload Watching for file changes with StatReloader
WARNING 2026-04-15 10:25:51,823 log Not Found: /
WARNING 2026-04-15 10:25:51,828 basehttp "GET / HTTP/1.0" 404 179
WARNING 2026-04-15 10:25:53,045 log Not Found: /favicon.ico
WARNING 2026-04-15 10:25:53,046 basehttp "GET /favicon.ico HTTP/1.0" 404 179
WARNING 2026-04-15 10:26:04,384 log Not Found: /
WARNING 2026-04-15 10:26:04,385 basehttp "GET / HTTP/1.0" 404 179
WARNING 2026-04-15 10:26:12,080 log Not Found: /
WARNING 2026-04-15 10:26:12,081 basehttp "GET / HTTP/1.0" 404 179
WARNING 2026-04-15 10:26:31,567 log Not Found: /
WARNING 2026-04-15 10:26:31,568 basehttp "GET / HTTP/1.0" 404 179
WARNING 2026-04-15 10:26:32,565 log Not Found: /console/
WARNING 2026-04-15 10:26:32,566 basehttp "GET /console/ HTTP/1.0" 404 179
WARNING 2026-04-15 10:26:33,562 log Not Found: /server
WARNING 2026-04-15 10:26:33,563 basehttp "GET /server HTTP/1.0" 404 179
WARNING 2026-04-15 10:26:34,564 log Not Found: /server-status
WARNING 2026-04-15 10:26:34,565 basehttp "GET /server-status HTTP/1.0" 404 179
WARNING 2026-04-15 10:26:36,565 log Not Found: /about
WARNING 2026-04-15 10:26:36,566 basehttp "GET /about HTTP/1.0" 404 179
WARNING 2026-04-15 10:26:37,605 log Not Found: /login.action
WARNING 2026-04-15 10:26:37,606 basehttp "GET /login.action HTTP/1.0" 404 179
WARNING 2026-04-15 10:26:38,566 log Not Found: /v2/_catalog
WARNING 2026-04-15 10:26:38,566 basehttp "GET /v2/_catalog HTTP/1.0" 404 179
WARNING 2026-04-15 10:26:38,632 log Not Found: /.DS_Store
WARNING 2026-04-15 10:26:38,633 basehttp "GET /.DS_Store HTTP/1.0" 404 179
WARNING 2026-04-15 10:26:39,641 log Not Found: /.env
WARNING 2026-04-15 10:26:39,641 basehttp "GET /.env HTTP/1.0" 404 179
WARNING 2026-04-15 10:26:41,635 log Not Found: /ecp/Current/exporttool/microsoft.exchange.ediscovery.exporttool.application
WARNING 2026-04-15 10:26:41,636 basehttp "GET /ecp/Current/exporttool/microsoft.exchange.ediscovery.exporttool.application HTTP/1.0" 404 179
WARNING 2026-04-15 10:26:43,633 log Not Found: /.git/config
WARNING 2026-04-15 10:26:43,634 basehttp "GET /.git/config HTTP/1.0" 404 179
WARNING 2026-04-15 10:26:44,657 log Not Found: /graphql
WARNING 2026-04-15 10:26:44,658 basehttp "POST /graphql HTTP/1.0" 404 179
WARNING 2026-04-15 10:26:44,684 log Not Found: /api
WARNING 2026-04-15 10:26:44,685 basehttp "POST /api HTTP/1.0" 404 179
WARNING 2026-04-15 10:26:44,699 log Not Found: /api/graphql
WARNING 2026-04-15 10:26:44,700 basehttp "POST /api/graphql HTTP/1.0" 404 179
WARNING 2026-04-15 10:26:44,737 log Not Found: /graphql/api
WARNING 2026-04-15 10:26:44,738 basehttp "POST /graphql/api HTTP/1.0" 404 179
WARNING 2026-04-15 10:26:44,793 log Not Found: /api/gql
WARNING 2026-04-15 10:26:44,794 basehttp "POST /api/gql HTTP/1.0" 404 179
WARNING 2026-04-15 10:26:45,636 log Not Found: /s/8363e23393e2032323e21333/_/;/META-INF/maven/com.atlassian.jira/jira-webapp-dist/pom.properties
WARNING 2026-04-15 10:26:45,637 basehttp "GET /s/8363e23393e2032323e21333/_/;/META-INF/maven/com.atlassian.jira/jira-webapp-dist/pom.properties HTTP/1.0" 404 179
WARNING 2026-04-15 10:26:46,634 log Not Found: /config.json
WARNING 2026-04-15 10:26:46,635 basehttp "GET /config.json HTTP/1.0" 404 179
WARNING 2026-04-15 10:26:48,634 log Not Found: /telescope/requests
WARNING 2026-04-15 10:26:48,635 basehttp "GET /telescope/requests HTTP/1.0" 404 179
WARNING 2026-04-15 10:26:48,673 log Not Found: /version
WARNING 2026-04-15 10:26:48,674 basehttp "GET /version HTTP/1.0" 404 179
WARNING 2026-04-15 10:26:49,655 log Not Found: /info.php
WARNING 2026-04-15 10:26:49,656 basehttp "GET /info.php HTTP/1.0" 404 179
WARNING 2026-04-15 10:26:50,649 log Not Found: /.well-known/security.txt
WARNING 2026-04-15 10:26:50,650 basehttp "GET /.well-known/security.txt HTTP/1.0" 404 179
WARNING 2026-04-15 10:26:51,651 log Not Found: /actuator/env
WARNING 2026-04-15 10:26:51,652 basehttp "GET /actuator/env HTTP/1.0" 404 179
WARNING 2026-04-15 10:26:53,654 log Not Found: /swagger-ui.html
WARNING 2026-04-15 10:26:53,655 basehttp "GET /swagger-ui.html HTTP/1.0" 404 179
WARNING 2026-04-15 10:26:54,657 log Not Found: /swagger/index.html
WARNING 2026-04-15 10:26:54,657 basehttp "GET /swagger/index.html HTTP/1.0" 404 179
WARNING 2026-04-15 10:26:55,676 log Not Found: /swagger/swagger-ui.html
WARNING 2026-04-15 10:26:55,677 basehttp "GET /swagger/swagger-ui.html HTTP/1.0" 404 179
WARNING 2026-04-15 10:26:56,656 log Not Found: /webjars/swagger-ui/index.html
WARNING 2026-04-15 10:26:56,657 basehttp "GET /webjars/swagger-ui/index.html HTTP/1.0" 404 179
WARNING 2026-04-15 10:26:57,657 log Not Found: /swagger.json
WARNING 2026-04-15 10:26:57,658 basehttp "GET /swagger.json HTTP/1.0" 404 179
WARNING 2026-04-15 10:26:58,656 log Not Found: /swagger/v1/swagger.json
WARNING 2026-04-15 10:26:58,658 basehttp "GET /swagger/v1/swagger.json HTTP/1.0" 404 179
WARNING 2026-04-15 10:26:59,656 log Not Found: /v2/api-docs
WARNING 2026-04-15 10:26:59,657 basehttp "GET /v2/api-docs HTTP/1.0" 404 179
WARNING 2026-04-15 10:27:00,663 log Not Found: /v3/api-docs
WARNING 2026-04-15 10:27:00,666 basehttp "GET /v3/api-docs HTTP/1.0" 404 179
WARNING 2026-04-15 10:27:01,666 log Not Found: /api-docs/swagger.json
WARNING 2026-04-15 10:27:01,672 basehttp "GET /api-docs/swagger.json HTTP/1.0" 404 179
WARNING 2026-04-15 10:27:02,661 log Not Found: /api/swagger.json
WARNING 2026-04-15 10:27:02,662 basehttp "GET /api/swagger.json HTTP/1.0" 404 179
WARNING 2026-04-15 10:27:03,659 log Not Found: /trace.axd
WARNING 2026-04-15 10:27:03,660 basehttp "GET /trace.axd HTTP/1.0" 404 179
WARNING 2026-04-15 10:27:04,658 log Not Found: /@vite/env
WARNING 2026-04-15 10:27:04,659 basehttp "GET /@vite/env HTTP/1.0" 404 179
WARNING 2026-04-15 10:27:05,659 log Not Found: /.vscode/sftp.json
WARNING 2026-04-15 10:27:05,660 basehttp "GET /.vscode/sftp.json HTTP/1.0" 404 179
WARNING 2026-04-15 10:27:06,660 log Not Found: /
WARNING 2026-04-15 10:27:06,660 basehttp "OPTIONS / HTTP/1.0" 404 179
WARNING 2026-04-15 10:27:07,663 log Not Found: /
WARNING 2026-04-15 10:27:07,664 basehttp "GET /?rest_route=/wp/v2/users/ HTTP/1.0" 404 179
WARNING 2026-04-15 10:27:08,671 log Not Found: /debug/default/view
WARNING 2026-04-15 10:27:08,672 basehttp "GET /debug/default/view?panel=config HTTP/1.0" 404 179
WARNING 2026-04-15 10:28:54,610 log Not Found: /
WARNING 2026-04-15 10:28:54,611 basehttp "GET / HTTP/1.0" 404 179
WARNING 2026-04-15 10:29:04,804 log Not Found: /
WARNING 2026-04-15 10:29:04,805 basehttp "GET / HTTP/1.0" 404 179
WARNING 2026-04-15 10:30:22,240 log Not Found: /
WARNING 2026-04-15 10:30:22,242 basehttp "GET / HTTP/1.0" 404 179
WARNING 2026-04-15 10:42:03,933 log Not Found: /robots.txt
WARNING 2026-04-15 10:42:03,942 basehttp "GET /robots.txt HTTP/1.0" 404 179
WARNING 2026-04-15 10:42:04,361 log Not Found: /
WARNING 2026-04-15 10:42:04,362 basehttp "GET / HTTP/1.0" 404 179
WARNING 2026-04-15 11:20:23,336 log Not Found: /
WARNING 2026-04-15 11:20:23,347 basehttp "GET / HTTP/1.0" 404 179
WARNING 2026-04-15 11:20:54,886 log Not Found: /
WARNING 2026-04-15 11:20:54,887 basehttp "GET / HTTP/1.0" 404 179
WARNING 2026-04-15 11:47:34,920 log Not Found: /
WARNING 2026-04-15 11:47:34,921 basehttp "GET / HTTP/1.0" 404 179
WARNING 2026-04-15 11:56:57,567 log Not Found: /.git/config
WARNING 2026-04-15 11:56:57,568 basehttp "GET /.git/config HTTP/1.0" 404 179
WARNING 2026-04-15 11:56:57,800 log Not Found: /.git/HEAD
WARNING 2026-04-15 11:56:57,801 basehttp "GET /.git/HEAD HTTP/1.0" 404 179
WARNING 2026-04-15 11:56:57,960 log Not Found: /.git/logs/HEAD
WARNING 2026-04-15 11:56:57,961 basehttp "GET /.git/logs/HEAD HTTP/1.0" 404 179
WARNING 2026-04-15 12:05:46,526 log Not Found: /
WARNING 2026-04-15 12:05:46,527 basehttp "GET / HTTP/1.0" 404 179
WARNING 2026-04-15 14:06:19,795 log Not Found: /
WARNING 2026-04-15 14:06:19,810 basehttp "GET / HTTP/1.0" 404 179
INFO 2026-04-15 15:47:01,899 basehttp "GET /admin/auth/user/ HTTP/1.0" 200 12021
WARNING 2026-04-15 15:47:03,092 log Not Found: /favicon.ico
WARNING 2026-04-15 15:47:03,095 basehttp "GET /favicon.ico HTTP/1.0" 404 179
INFO 2026-04-15 16:13:51,874 basehttp "GET /admin/auth/user/ HTTP/1.0" 200 12021
WARNING 2026-04-15 16:13:52,176 log Not Found: /favicon.ico
WARNING 2026-04-15 16:13:52,177 basehttp "GET /favicon.ico HTTP/1.0" 404 179
WARNING 2026-04-15 18:59:51,395 log Not Found: /actuator/health
WARNING 2026-04-15 18:59:51,406 basehttp "GET /actuator/health HTTP/1.0" 404 179
WARNING 2026-04-15 19:38:01,923 log Not Found: /
WARNING 2026-04-15 19:38:01,928 basehttp "GET / HTTP/1.0" 404 179
WARNING 2026-04-15 20:40:57,389 log Not Found: /robots.txt
WARNING 2026-04-15 20:40:57,397 basehttp "GET /robots.txt HTTP/1.0" 404 179
WARNING 2026-04-16 02:11:16,728 log Not Found: /
WARNING 2026-04-16 02:11:16,737 basehttp "GET / HTTP/1.0" 404 179
WARNING 2026-04-16 02:11:19,139 log Not Found: /
WARNING 2026-04-16 02:11:19,140 basehttp "GET / HTTP/1.0" 404 179
WARNING 2026-04-16 02:11:21,212 log Not Found: /
WARNING 2026-04-16 02:11:21,212 basehttp "GET / HTTP/1.0" 404 179
WARNING 2026-04-16 02:11:21,626 log Not Found: /
WARNING 2026-04-16 02:11:21,629 basehttp "GET / HTTP/1.0" 404 179
WARNING 2026-04-16 02:11:22,115 log Not Found: /
WARNING 2026-04-16 02:11:22,115 basehttp "GET / HTTP/1.0" 404 179
WARNING 2026-04-16 05:53:26,206 log Not Found: /
WARNING 2026-04-16 05:53:26,217 basehttp "GET / HTTP/1.0" 404 179
WARNING 2026-04-16 08:51:29,689 log Not Found: /.git/config
WARNING 2026-04-16 08:51:29,705 basehttp "GET /.git/config HTTP/1.0" 404 179
WARNING 2026-04-16 10:14:26,318 log Not Found: /
WARNING 2026-04-16 10:14:26,320 basehttp "GET / HTTP/1.0" 404 179
WARNING 2026-04-16 11:23:39,744 log Not Found: /.env
WARNING 2026-04-16 11:23:39,749 basehttp "GET /.env HTTP/1.0" 404 179
WARNING 2026-04-16 11:23:39,789 log Not Found: /.aws/credentials
WARNING 2026-04-16 11:23:39,790 basehttp "GET /.aws/credentials HTTP/1.0" 404 179
WARNING 2026-04-16 11:23:39,794 log Not Found: /.env.production
WARNING 2026-04-16 11:23:39,795 basehttp "GET /.env.production HTTP/1.0" 404 179
WARNING 2026-04-16 11:23:41,802 log Not Found: /aws.env
WARNING 2026-04-16 11:23:41,803 basehttp "GET /aws.env HTTP/1.0" 404 179
WARNING 2026-04-16 14:23:58,328 log Not Found: /robots.txt
WARNING 2026-04-16 14:23:58,350 basehttp "GET /robots.txt HTTP/1.0" 404 179
WARNING 2026-04-16 15:22:59,766 log Not Found: /
WARNING 2026-04-16 15:22:59,799 basehttp "GET / HTTP/1.0" 404 179
WARNING 2026-04-16 19:53:21,379 log Not Found: /
WARNING 2026-04-16 19:53:21,384 basehttp "GET / HTTP/1.0" 404 179
WARNING 2026-04-16 20:48:44,629 log Not Found: /.git/config
WARNING 2026-04-16 20:48:44,633 basehttp "GET /.git/config HTTP/1.0" 404 179
WARNING 2026-04-16 21:01:09,678 log Not Found: /xmlrpc.php
WARNING 2026-04-16 21:01:09,685 basehttp "GET //xmlrpc.php?rsd HTTP/1.0" 404 179
WARNING 2026-04-16 21:01:09,691 log Not Found: /xmlrpc.php
WARNING 2026-04-16 21:01:09,691 basehttp "GET //xmlrpc.php?rsd HTTP/1.0" 404 179
WARNING 2026-04-16 21:01:09,810 log Not Found: /blog/robots.txt
WARNING 2026-04-16 21:01:09,819 basehttp "GET //blog/robots.txt HTTP/1.0" 404 179
WARNING 2026-04-16 21:01:09,846 log Not Found: /blog/robots.txt
WARNING 2026-04-16 21:01:09,849 basehttp "GET //blog/robots.txt HTTP/1.0" 404 179
WARNING 2026-04-16 21:01:09,995 log Not Found: /blog/
WARNING 2026-04-16 21:01:10,007 basehttp "GET //blog/ HTTP/1.0" 404 179
WARNING 2026-04-16 21:01:10,051 log Not Found: /blog/
WARNING 2026-04-16 21:01:10,071 basehttp "GET //blog/ HTTP/1.0" 404 179
WARNING 2026-04-16 21:01:10,166 log Not Found: /wordpress/
WARNING 2026-04-16 21:01:10,172 basehttp "GET //wordpress/ HTTP/1.0" 404 179
WARNING 2026-04-16 21:01:10,215 log Not Found: /wordpress/
WARNING 2026-04-16 21:01:10,217 basehttp "GET //wordpress/ HTTP/1.0" 404 179
WARNING 2026-04-16 21:01:10,295 log Not Found: /wp/
WARNING 2026-04-16 21:01:10,296 basehttp "GET //wp/ HTTP/1.0" 404 179
WARNING 2026-04-16 21:01:10,352 log Not Found: /wp/
WARNING 2026-04-16 21:01:10,353 basehttp "GET //wp/ HTTP/1.0" 404 179
WARNING 2026-04-16 23:16:41,962 log Not Found: /.env
WARNING 2026-04-16 23:16:41,975 basehttp "GET /.env HTTP/1.0" 404 179
WARNING 2026-04-16 23:16:42,926 log Not Found: /.env.local
WARNING 2026-04-16 23:16:42,927 basehttp "GET /.env.local HTTP/1.0" 404 179
WARNING 2026-04-16 23:16:44,666 log Not Found: /.env.production
WARNING 2026-04-16 23:16:44,672 basehttp "GET /.env.production HTTP/1.0" 404 179
WARNING 2026-04-16 23:16:45,576 log Not Found: /.env.development
WARNING 2026-04-16 23:16:45,586 basehttp "GET /.env.development HTTP/1.0" 404 179
WARNING 2026-04-16 23:16:47,360 log Not Found: /.env.staging
WARNING 2026-04-16 23:16:47,362 basehttp "GET /.env.staging HTTP/1.0" 404 179
WARNING 2026-04-16 23:16:48,353 log Not Found: /.env.backup
WARNING 2026-04-16 23:16:48,353 basehttp "GET /.env.backup HTTP/1.0" 404 179
WARNING 2026-04-16 23:16:50,160 log Not Found: /.env.bak
WARNING 2026-04-16 23:16:50,162 basehttp "GET /.env.bak HTTP/1.0" 404 179
WARNING 2026-04-16 23:16:50,988 log Not Found: /.env.old
WARNING 2026-04-16 23:16:50,993 basehttp "GET /.env.old HTTP/1.0" 404 179
WARNING 2026-04-16 23:16:51,701 log Not Found: /.env.example
WARNING 2026-04-16 23:16:51,710 basehttp "GET /.env.example HTTP/1.0" 404 179
WARNING 2026-04-16 23:16:53,345 log Not Found: /.env.save
WARNING 2026-04-16 23:16:53,346 basehttp "GET /.env.save HTTP/1.0" 404 179
WARNING 2026-04-16 23:16:54,211 log Not Found: /core/.env
WARNING 2026-04-16 23:16:54,212 basehttp "GET /core/.env HTTP/1.0" 404 179
WARNING 2026-04-16 23:16:56,218 log Not Found: /api/.env
WARNING 2026-04-16 23:16:56,219 basehttp "GET /api/.env HTTP/1.0" 404 23
WARNING 2026-04-16 23:16:57,132 log Not Found: /backend/.env
WARNING 2026-04-16 23:16:57,134 basehttp "GET /backend/.env HTTP/1.0" 404 179
WARNING 2026-04-16 23:16:58,881 log Not Found: /laravel/.env
WARNING 2026-04-16 23:16:58,882 basehttp "GET /laravel/.env HTTP/1.0" 404 179
WARNING 2026-04-16 23:16:59,830 log Not Found: /app/.env
WARNING 2026-04-16 23:16:59,831 basehttp "GET /app/.env HTTP/1.0" 404 179
WARNING 2026-04-16 23:17:01,728 log Not Found: /web/.env
WARNING 2026-04-16 23:17:01,739 basehttp "GET /web/.env HTTP/1.0" 404 179
WARNING 2026-04-16 23:17:02,963 log Not Found: /src/.env
WARNING 2026-04-16 23:17:02,964 basehttp "GET /src/.env HTTP/1.0" 404 179
WARNING 2026-04-16 23:17:05,070 log Not Found: /server/.env
WARNING 2026-04-16 23:17:05,072 basehttp "GET /server/.env HTTP/1.0" 404 179
WARNING 2026-04-16 23:17:06,041 log Not Found: /config/.env
WARNING 2026-04-16 23:17:06,050 basehttp "GET /config/.env HTTP/1.0" 404 179
WARNING 2026-04-16 23:17:07,985 log Not Found: /shared/.env
WARNING 2026-04-16 23:17:07,986 basehttp "GET /shared/.env HTTP/1.0" 404 179
WARNING 2026-04-16 23:17:08,738 log Not Found: /public/.env
WARNING 2026-04-16 23:17:08,741 basehttp "GET /public/.env HTTP/1.0" 404 179
WARNING 2026-04-16 23:17:10,484 log Not Found: /_next/static/env.js
WARNING 2026-04-16 23:17:10,485 basehttp "GET /_next/static/env.js HTTP/1.0" 404 179
WARNING 2026-04-16 23:17:11,280 log Not Found: /.vercel/.env.production.local
WARNING 2026-04-16 23:17:11,281 basehttp "GET /.vercel/.env.production.local HTTP/1.0" 404 179
WARNING 2026-04-16 23:17:13,010 log Not Found: /.git/config
WARNING 2026-04-16 23:17:13,018 basehttp "GET /.git/config HTTP/1.0" 404 179
WARNING 2026-04-16 23:17:13,733 log Not Found: /actuator/env
WARNING 2026-04-16 23:17:13,753 basehttp "GET /actuator/env HTTP/1.0" 404 179
WARNING 2026-04-16 23:17:14,437 log Not Found: /debug/default/view
WARNING 2026-04-16 23:17:14,438 basehttp "GET /debug/default/view HTTP/1.0" 404 179
WARNING 2026-04-17 03:14:15,630 log Not Found: /
WARNING 2026-04-17 03:14:15,638 basehttp "GET / HTTP/1.0" 404 179
WARNING 2026-04-17 09:50:45,772 log Not Found: /
WARNING 2026-04-17 09:50:45,824 basehttp "GET / HTTP/1.0" 404 179
WARNING 2026-04-17 09:50:50,228 log Not Found: /css/support_parent.css
WARNING 2026-04-17 09:50:50,230 basehttp "GET /css/support_parent.css HTTP/1.0" 404 179
WARNING 2026-04-17 09:50:50,263 log Not Found: /assets/js/auth.js
WARNING 2026-04-17 09:50:50,265 basehttp "GET /assets/js/auth.js HTTP/1.0" 404 179
WARNING 2026-04-17 09:50:50,297 log Not Found: /assets/js/message.js
WARNING 2026-04-17 09:50:50,298 basehttp "GET /assets/js/message.js HTTP/1.0" 404 179
WARNING 2026-04-17 09:50:50,419 log Not Found: /bot-connect.js
WARNING 2026-04-17 09:50:50,420 basehttp "GET /bot-connect.js HTTP/1.0" 404 179
WARNING 2026-04-17 09:50:50,449 log Not Found: /js/twint_ch.js
WARNING 2026-04-17 09:50:50,453 basehttp "GET /js/twint_ch.js HTTP/1.0" 404 179
WARNING 2026-04-17 09:50:50,486 log Not Found: /robots.txt
WARNING 2026-04-17 09:50:50,489 basehttp "GET /robots.txt HTTP/1.0" 404 179
WARNING 2026-04-17 09:50:50,524 log Not Found: /js/lkk_ch.js
WARNING 2026-04-17 09:50:50,527 basehttp "GET /js/lkk_ch.js HTTP/1.0" 404 179
WARNING 2026-04-17 10:45:51,496 log Not Found: /
WARNING 2026-04-17 10:45:51,550 basehttp "GET / HTTP/1.0" 404 179
WARNING 2026-04-17 10:45:53,096 log Not Found: /js/lkk_ch.js
WARNING 2026-04-17 10:45:53,150 basehttp "GET /js/lkk_ch.js HTTP/1.0" 404 179
WARNING 2026-04-17 10:45:53,271 log Not Found: /js/twint_ch.js
WARNING 2026-04-17 10:45:53,304 basehttp "GET /js/twint_ch.js HTTP/1.0" 404 179
WARNING 2026-04-17 10:45:53,560 log Not Found: /assets/js/qr_modal.js
WARNING 2026-04-17 10:45:53,595 basehttp "GET /assets/js/qr_modal.js HTTP/1.0" 404 179
WARNING 2026-04-17 10:45:53,679 log Not Found: /css/support_parent.css
WARNING 2026-04-17 10:45:53,693 basehttp "GET /css/support_parent.css HTTP/1.0" 404 179
WARNING 2026-04-17 10:45:53,807 log Not Found: /robots.txt
WARNING 2026-04-17 10:45:53,820 basehttp "GET /robots.txt HTTP/1.0" 404 179
WARNING 2026-04-17 10:45:53,941 log Not Found: /assets/js/auth.js
WARNING 2026-04-17 10:45:53,941 basehttp "GET /assets/js/auth.js HTTP/1.0" 404 179
WARNING 2026-04-17 10:45:53,980 log Not Found: /assets/js/message.js
WARNING 2026-04-17 10:45:53,988 basehttp "GET /assets/js/message.js HTTP/1.0" 404 179
WARNING 2026-04-17 10:45:54,010 log Not Found: /bot-connect.js
WARNING 2026-04-17 10:45:54,013 basehttp "GET /bot-connect.js HTTP/1.0" 404 179
WARNING 2026-04-17 11:07:43,703 log Not Found: /
WARNING 2026-04-17 11:07:43,705 basehttp "GET / HTTP/1.0" 404 179
INFO 2026-04-17 15:53:15,243 basehttp "GET /admin/auth/user/ HTTP/1.0" 200 12021
INFO 2026-04-17 15:53:15,877 basehttp "GET /admin/jsi18n/ HTTP/1.0" 200 6253
INFO 2026-04-17 17:00:25,832 basehttp "OPTIONS /api/auth/login/ HTTP/1.0" 200 0
WARNING 2026-04-17 17:00:26,908 log Unauthorized: /api/auth/login/
WARNING 2026-04-17 17:00:26,911 basehttp "POST /api/auth/login/ HTTP/1.0" 401 63
INFO 2026-04-17 17:00:27,044 basehttp "OPTIONS /api/auth/refresh/ HTTP/1.0" 200 0
INFO 2026-04-17 17:00:27,565 basehttp "POST /api/auth/refresh/ HTTP/1.0" 200 483
INFO 2026-04-17 17:00:27,765 basehttp "OPTIONS /api/auth/login/ HTTP/1.0" 200 0
WARNING 2026-04-17 17:00:28,528 log Unauthorized: /api/auth/login/
WARNING 2026-04-17 17:00:28,528 basehttp "POST /api/auth/login/ HTTP/1.0" 401 63
INFO 2026-04-17 17:00:35,705 basehttp "OPTIONS /api/auth/login/ HTTP/1.0" 200 0
WARNING 2026-04-17 17:00:36,392 log Unauthorized: /api/auth/login/
WARNING 2026-04-17 17:00:36,393 basehttp "POST /api/auth/login/ HTTP/1.0" 401 63
INFO 2026-04-17 17:00:36,567 basehttp "OPTIONS /api/auth/refresh/ HTTP/1.0" 200 0
INFO 2026-04-17 17:00:36,756 basehttp "POST /api/auth/refresh/ HTTP/1.0" 200 483
INFO 2026-04-17 17:00:36,877 basehttp "OPTIONS /api/auth/login/ HTTP/1.0" 200 0
WARNING 2026-04-17 17:00:37,478 log Unauthorized: /api/auth/login/
WARNING 2026-04-17 17:00:37,479 basehttp "POST /api/auth/login/ HTTP/1.0" 401 63
INFO 2026-04-17 17:00:47,556 basehttp "OPTIONS /api/auth/login/ HTTP/1.0" 200 0
INFO 2026-04-17 17:00:48,323 basehttp "POST /api/auth/login/ HTTP/1.0" 200 483
INFO 2026-04-17 17:00:48,589 basehttp "OPTIONS /api/subjects/?page_size=100 HTTP/1.0" 200 0
INFO 2026-04-17 17:00:48,929 basehttp "GET /api/subjects/?page_size=100 HTTP/1.0" 200 1851
INFO 2026-04-17 17:00:49,054 basehttp "OPTIONS /api/subjects/?page_size=100 HTTP/1.0" 200 0
INFO 2026-04-17 17:00:49,333 basehttp "GET /api/subjects/?page_size=100 HTTP/1.0" 200 1851
INFO 2026-04-17 17:00:49,471 basehttp "OPTIONS /api/quizzes/?page_size=100 HTTP/1.0" 200 0
INFO 2026-04-17 17:00:49,847 basehttp "GET /api/quizzes/?page_size=100 HTTP/1.0" 200 52
INFO 2026-04-17 17:00:53,379 basehttp "OPTIONS /api/quizzes/?page_size=100 HTTP/1.0" 200 0
INFO 2026-04-17 17:00:53,556 basehttp "GET /api/quizzes/?page_size=100 HTTP/1.0" 200 52
INFO 2026-04-17 17:00:58,361 basehttp "OPTIONS /api/subjects/e25c9638-60d0-462d-8f5d-4f6e50a819b9/stats/ HTTP/1.0" 200 0
ERROR 2026-04-17 17:00:58,634 log Internal Server Error: /api/subjects/e25c9638-60d0-462d-8f5d-4f6e50a819b9/stats/
Traceback (most recent call last):
  File "/root/SPS-Subjects-Presentation-System-/venv/lib/python3.12/site-packages/django/core/handlers/exception.py", line 55, in inner
    response = get_response(request)
               ^^^^^^^^^^^^^^^^^^^^^
  File "/root/SPS-Subjects-Presentation-System-/venv/lib/python3.12/site-packages/django/core/handlers/base.py", line 197, in _get_response
    response = wrapped_callback(request, *callback_args, **callback_kwargs)
               ^^^^^^^^^^^^^^^^^^^^^^^^^^^^^^^^^^^^^^^^^^^^^^^^^^^^^^^^^^^^
  File "/root/SPS-Subjects-Presentation-System-/venv/lib/python3.12/site-packages/django/views/decorators/csrf.py", line 65, in _view_wrapper
    return view_func(request, *args, **kwargs)
           ^^^^^^^^^^^^^^^^^^^^^^^^^^^^^^^^^^^
  File "/root/SPS-Subjects-Presentation-System-/venv/lib/python3.12/site-packages/rest_framework/viewsets.py", line 125, in view
    return self.dispatch(request, *args, **kwargs)
           ^^^^^^^^^^^^^^^^^^^^^^^^^^^^^^^^^^^^^^^
  File "/root/SPS-Subjects-Presentation-System-/venv/lib/python3.12/site-packages/rest_framework/views.py", line 509, in dispatch
    response = self.handle_exception(exc)
               ^^^^^^^^^^^^^^^^^^^^^^^^^^
  File "/root/SPS-Subjects-Presentation-System-/venv/lib/python3.12/site-packages/rest_framework/views.py", line 469, in handle_exception
    self.raise_uncaught_exception(exc)
  File "/root/SPS-Subjects-Presentation-System-/venv/lib/python3.12/site-packages/rest_framework/views.py", line 480, in raise_uncaught_exception
    raise exc
  File "/root/SPS-Subjects-Presentation-System-/venv/lib/python3.12/site-packages/rest_framework/views.py", line 506, in dispatch
    response = handler(request, *args, **kwargs)
               ^^^^^^^^^^^^^^^^^^^^^^^^^^^^^^^^^
TypeError: SubjectViewSet.stats() got an unexpected keyword argument 'subject_uuid'
ERROR 2026-04-17 17:00:58,728 basehttp "GET /api/subjects/e25c9638-60d0-462d-8f5d-4f6e50a819b9/stats/ HTTP/1.0" 500 145
INFO 2026-04-17 17:00:58,866 basehttp "OPTIONS /api/topics/?subject_uuid=e25c9638-60d0-462d-8f5d-4f6e50a819b9&page_size=100 HTTP/1.0" 200 0
INFO 2026-04-17 17:00:58,903 basehttp "OPTIONS /api/topics/?subject_uuid=e25c9638-60d0-462d-8f5d-4f6e50a819b9&page_size=100 HTTP/1.0" 200 0
INFO 2026-04-17 17:00:59,303 basehttp "GET /api/topics/?subject_uuid=e25c9638-60d0-462d-8f5d-4f6e50a819b9&page_size=100 HTTP/1.0" 200 355
INFO 2026-04-17 17:00:59,515 basehttp "GET /api/topics/?subject_uuid=e25c9638-60d0-462d-8f5d-4f6e50a819b9&page_size=100 HTTP/1.0" 200 355
INFO 2026-04-17 17:00:59,662 basehttp "OPTIONS /api/resources/?topic_uuid=510fe6b8-94e6-4a8c-8150-7eb830f5bde2 HTTP/1.0" 200 0
INFO 2026-04-17 17:00:59,873 basehttp "GET /api/resources/?topic_uuid=510fe6b8-94e6-4a8c-8150-7eb830f5bde2 HTTP/1.0" 200 52
INFO 2026-04-17 17:01:16,308 basehttp "OPTIONS /api/resources/ HTTP/1.0" 200 0
WARNING 2026-04-17 17:01:17,514 log Bad Request: /api/resources/
WARNING 2026-04-17 17:01:17,518 basehttp "POST /api/resources/ HTTP/1.0" 400 38
INFO 2026-04-17 17:02:10,528 basehttp "OPTIONS /api/subjects/?page_size=100 HTTP/1.0" 200 0
INFO 2026-04-17 17:02:10,697 basehttp "GET /api/subjects/?page_size=100 HTTP/1.0" 200 1851
INFO 2026-04-17 17:02:10,821 basehttp "OPTIONS /api/subjects/?page_size=100 HTTP/1.0" 200 0
INFO 2026-04-17 17:02:11,067 basehttp "GET /api/subjects/?page_size=100 HTTP/1.0" 200 1851
INFO 2026-04-17 17:02:11,196 basehttp "OPTIONS /api/quizzes/?page_size=100 HTTP/1.0" 200 0
INFO 2026-04-17 17:02:11,434 basehttp "GET /api/quizzes/?page_size=100 HTTP/1.0" 200 52
INFO 2026-04-17 17:02:12,957 basehttp "OPTIONS /api/subjects/e25c9638-60d0-462d-8f5d-4f6e50a819b9/stats/ HTTP/1.0" 200 0
ERROR 2026-04-17 17:02:13,094 log Internal Server Error: /api/subjects/e25c9638-60d0-462d-8f5d-4f6e50a819b9/stats/
Traceback (most recent call last):
  File "/root/SPS-Subjects-Presentation-System-/venv/lib/python3.12/site-packages/django/core/handlers/exception.py", line 55, in inner
    response = get_response(request)
               ^^^^^^^^^^^^^^^^^^^^^
  File "/root/SPS-Subjects-Presentation-System-/venv/lib/python3.12/site-packages/django/core/handlers/base.py", line 197, in _get_response
    response = wrapped_callback(request, *callback_args, **callback_kwargs)
               ^^^^^^^^^^^^^^^^^^^^^^^^^^^^^^^^^^^^^^^^^^^^^^^^^^^^^^^^^^^^
  File "/root/SPS-Subjects-Presentation-System-/venv/lib/python3.12/site-packages/django/views/decorators/csrf.py", line 65, in _view_wrapper
    return view_func(request, *args, **kwargs)
           ^^^^^^^^^^^^^^^^^^^^^^^^^^^^^^^^^^^
  File "/root/SPS-Subjects-Presentation-System-/venv/lib/python3.12/site-packages/rest_framework/viewsets.py", line 125, in view
    return self.dispatch(request, *args, **kwargs)
           ^^^^^^^^^^^^^^^^^^^^^^^^^^^^^^^^^^^^^^^
  File "/root/SPS-Subjects-Presentation-System-/venv/lib/python3.12/site-packages/rest_framework/views.py", line 509, in dispatch
    response = self.handle_exception(exc)
               ^^^^^^^^^^^^^^^^^^^^^^^^^^
  File "/root/SPS-Subjects-Presentation-System-/venv/lib/python3.12/site-packages/rest_framework/views.py", line 469, in handle_exception
    self.raise_uncaught_exception(exc)
  File "/root/SPS-Subjects-Presentation-System-/venv/lib/python3.12/site-packages/rest_framework/views.py", line 480, in raise_uncaught_exception
    raise exc
  File "/root/SPS-Subjects-Presentation-System-/venv/lib/python3.12/site-packages/rest_framework/views.py", line 506, in dispatch
    response = handler(request, *args, **kwargs)
               ^^^^^^^^^^^^^^^^^^^^^^^^^^^^^^^^^
TypeError: SubjectViewSet.stats() got an unexpected keyword argument 'subject_uuid'
ERROR 2026-04-17 17:02:13,096 basehttp "GET /api/subjects/e25c9638-60d0-462d-8f5d-4f6e50a819b9/stats/ HTTP/1.0" 500 145
INFO 2026-04-17 17:02:13,219 basehttp "OPTIONS /api/topics/?subject_uuid=e25c9638-60d0-462d-8f5d-4f6e50a819b9&page_size=100 HTTP/1.0" 200 0
INFO 2026-04-17 17:02:13,225 basehttp "OPTIONS /api/topics/?subject_uuid=e25c9638-60d0-462d-8f5d-4f6e50a819b9&page_size=100 HTTP/1.0" 200 0
INFO 2026-04-17 17:02:13,405 basehttp "GET /api/topics/?subject_uuid=e25c9638-60d0-462d-8f5d-4f6e50a819b9&page_size=100 HTTP/1.0" 200 355
INFO 2026-04-17 17:02:13,575 basehttp "GET /api/topics/?subject_uuid=e25c9638-60d0-462d-8f5d-4f6e50a819b9&page_size=100 HTTP/1.0" 200 355
INFO 2026-04-17 17:02:13,696 basehttp "OPTIONS /api/resources/?topic_uuid=510fe6b8-94e6-4a8c-8150-7eb830f5bde2 HTTP/1.0" 200 0
INFO 2026-04-17 17:02:13,840 basehttp "GET /api/resources/?topic_uuid=510fe6b8-94e6-4a8c-8150-7eb830f5bde2 HTTP/1.0" 200 52
INFO 2026-04-17 17:02:21,295 basehttp "OPTIONS /api/resources/ HTTP/1.0" 200 0
WARNING 2026-04-17 17:02:21,767 log Bad Request: /api/resources/
WARNING 2026-04-17 17:02:21,767 basehttp "POST /api/resources/ HTTP/1.0" 400 38
INFO 2026-04-17 17:03:06,202 basehttp "OPTIONS /api/resources/ HTTP/1.0" 200 0
WARNING 2026-04-17 17:03:06,785 log Bad Request: /api/resources/
WARNING 2026-04-17 17:03:06,785 basehttp "POST /api/resources/ HTTP/1.0" 400 38
WARNING 2026-04-17 17:05:21,890 log Not Found: /
WARNING 2026-04-17 17:05:21,891 basehttp "GET / HTTP/1.0" 404 179
WARNING 2026-04-17 17:05:21,908 log Not Found: /wp-includes/wlwmanifest.xml
WARNING 2026-04-17 17:05:21,909 basehttp "GET //wp-includes/wlwmanifest.xml HTTP/1.0" 404 179
WARNING 2026-04-17 17:05:21,926 log Not Found: /xmlrpc.php
WARNING 2026-04-17 17:05:21,927 basehttp "GET //xmlrpc.php?rsd HTTP/1.0" 404 179
WARNING 2026-04-17 17:05:21,944 log Not Found: /
WARNING 2026-04-17 17:05:21,945 basehttp "GET / HTTP/1.0" 404 179
WARNING 2026-04-17 17:05:21,962 log Not Found: /blog/wp-includes/wlwmanifest.xml
WARNING 2026-04-17 17:05:21,963 basehttp "GET //blog/wp-includes/wlwmanifest.xml HTTP/1.0" 404 179
WARNING 2026-04-17 17:05:21,981 log Not Found: /web/wp-includes/wlwmanifest.xml
WARNING 2026-04-17 17:05:21,982 basehttp "GET //web/wp-includes/wlwmanifest.xml HTTP/1.0" 404 179
WARNING 2026-04-17 17:05:21,999 log Not Found: /wordpress/wp-includes/wlwmanifest.xml
WARNING 2026-04-17 17:05:21,999 basehttp "GET //wordpress/wp-includes/wlwmanifest.xml HTTP/1.0" 404 179
WARNING 2026-04-17 17:05:22,016 log Not Found: /website/wp-includes/wlwmanifest.xml
WARNING 2026-04-17 17:05:22,017 basehttp "GET //website/wp-includes/wlwmanifest.xml HTTP/1.0" 404 179
WARNING 2026-04-17 17:05:22,033 log Not Found: /wp/wp-includes/wlwmanifest.xml
WARNING 2026-04-17 17:05:22,034 basehttp "GET //wp/wp-includes/wlwmanifest.xml HTTP/1.0" 404 179
WARNING 2026-04-17 17:05:22,051 log Not Found: /news/wp-includes/wlwmanifest.xml
WARNING 2026-04-17 17:05:22,052 basehttp "GET //news/wp-includes/wlwmanifest.xml HTTP/1.0" 404 179
WARNING 2026-04-17 17:05:22,096 log Not Found: /2018/wp-includes/wlwmanifest.xml
WARNING 2026-04-17 17:05:22,097 basehttp "GET //2018/wp-includes/wlwmanifest.xml HTTP/1.0" 404 179
WARNING 2026-04-17 17:05:22,114 log Not Found: /2019/wp-includes/wlwmanifest.xml
WARNING 2026-04-17 17:05:22,115 basehttp "GET //2019/wp-includes/wlwmanifest.xml HTTP/1.0" 404 179
WARNING 2026-04-17 17:05:22,132 log Not Found: /shop/wp-includes/wlwmanifest.xml
WARNING 2026-04-17 17:05:22,133 basehttp "GET //shop/wp-includes/wlwmanifest.xml HTTP/1.0" 404 179
WARNING 2026-04-17 17:05:22,151 log Not Found: /wp1/wp-includes/wlwmanifest.xml
WARNING 2026-04-17 17:05:22,151 basehttp "GET //wp1/wp-includes/wlwmanifest.xml HTTP/1.0" 404 179
WARNING 2026-04-17 17:05:22,169 log Not Found: /test/wp-includes/wlwmanifest.xml
WARNING 2026-04-17 17:05:22,170 basehttp "GET //test/wp-includes/wlwmanifest.xml HTTP/1.0" 404 179
WARNING 2026-04-17 17:05:22,202 log Not Found: /wp2/wp-includes/wlwmanifest.xml
WARNING 2026-04-17 17:05:22,203 basehttp "GET //wp2/wp-includes/wlwmanifest.xml HTTP/1.0" 404 179
WARNING 2026-04-17 17:05:22,222 log Not Found: /site/wp-includes/wlwmanifest.xml
WARNING 2026-04-17 17:05:22,222 basehttp "GET //site/wp-includes/wlwmanifest.xml HTTP/1.0" 404 179
WARNING 2026-04-17 17:05:22,239 log Not Found: /cms/wp-includes/wlwmanifest.xml
WARNING 2026-04-17 17:05:22,240 basehttp "GET //cms/wp-includes/wlwmanifest.xml HTTP/1.0" 404 179
WARNING 2026-04-17 17:05:22,257 log Not Found: /sito/wp-includes/wlwmanifest.xml
WARNING 2026-04-17 17:05:22,258 basehttp "GET //sito/wp-includes/wlwmanifest.xml HTTP/1.0" 404 179
INFO 2026-04-17 17:06:19,849 autoreload Watching for file changes with StatReloader
INFO 2026-04-17 17:06:22,407 basehttp "OPTIONS /api/resources/ HTTP/1.0" 200 0
WARNING 2026-04-17 17:06:23,529 log Bad Request: /api/resources/
WARNING 2026-04-17 17:06:23,530 basehttp "POST /api/resources/ HTTP/1.0" 400 38
INFO 2026-04-17 17:06:47,932 basehttp "OPTIONS /api/subjects/1c991b13-0009-478b-bf7b-e53b27479f26/ HTTP/1.0" 200 0
INFO 2026-04-17 17:06:48,113 basehttp "PUT /api/subjects/1c991b13-0009-478b-bf7b-e53b27479f26/ HTTP/1.0" 200 361
INFO 2026-04-17 17:06:48,249 basehttp "OPTIONS /api/subjects/?page_size=100 HTTP/1.0" 200 0
INFO 2026-04-17 17:06:48,452 basehttp "GET /api/subjects/?page_size=100 HTTP/1.0" 200 1860
INFO 2026-04-17 17:06:48,588 basehttp "OPTIONS /api/subjects/?page_size=100 HTTP/1.0" 200 0
INFO 2026-04-17 17:06:48,754 basehttp "GET /api/subjects/?page_size=100 HTTP/1.0" 200 1860
INFO 2026-04-17 17:06:48,891 basehttp "OPTIONS /api/quizzes/?page_size=100 HTTP/1.0" 200 0
INFO 2026-04-17 17:06:49,056 basehttp "GET /api/quizzes/?page_size=100 HTTP/1.0" 200 52
INFO 2026-04-17 17:10:00,092 basehttp "OPTIONS /api/resources/ HTTP/1.0" 200 0
WARNING 2026-04-17 17:10:00,269 log Bad Request: /api/resources/
WARNING 2026-04-17 17:10:00,270 basehttp "POST /api/resources/ HTTP/1.0" 400 97
INFO 2026-04-17 17:11:22,026 basehttp "OPTIONS /api/topics/ HTTP/1.0" 200 0
INFO 2026-04-17 17:11:22,197 basehttp "GET /api/topics/ HTTP/1.0" 200 355
INFO 2026-04-17 17:12:04,823 basehttp "OPTIONS /api/resources/ HTTP/1.0" 200 0
WARNING 2026-04-17 17:12:05,636 log Bad Request: /api/resources/
WARNING 2026-04-17 17:12:05,637 basehttp "POST /api/resources/ HTTP/1.0" 400 80
INFO 2026-04-17 17:15:23,272 basehttp "OPTIONS /api/resources/ HTTP/1.0" 200 0
INFO 2026-04-17 17:15:24,235 basehttp "POST /api/resources/ HTTP/1.0" 201 383
INFO 2026-04-17 17:20:56,041 basehttp "OPTIONS /api/subjects/?page_size=100 HTTP/1.0" 200 0
INFO 2026-04-17 17:20:56,204 basehttp "GET /api/subjects/?page_size=100 HTTP/1.0" 200 1860
INFO 2026-04-17 17:20:56,321 basehttp "OPTIONS /api/subjects/?page_size=100 HTTP/1.0" 200 0
INFO 2026-04-17 17:20:56,474 basehttp "GET /api/subjects/?page_size=100 HTTP/1.0" 200 1860
INFO 2026-04-17 17:20:56,592 basehttp "OPTIONS /api/quizzes/?page_size=100 HTTP/1.0" 200 0
INFO 2026-04-17 17:20:56,739 basehttp "GET /api/quizzes/?page_size=100 HTTP/1.0" 200 52
INFO 2026-04-17 17:20:58,155 basehttp "OPTIONS /api/subjects/e25c9638-60d0-462d-8f5d-4f6e50a819b9/stats/ HTTP/1.0" 200 0
ERROR 2026-04-17 17:20:58,289 log Internal Server Error: /api/subjects/e25c9638-60d0-462d-8f5d-4f6e50a819b9/stats/
Traceback (most recent call last):
  File "/root/SPS-Subjects-Presentation-System-/venv/lib/python3.12/site-packages/django/core/handlers/exception.py", line 55, in inner
    response = get_response(request)
               ^^^^^^^^^^^^^^^^^^^^^
  File "/root/SPS-Subjects-Presentation-System-/venv/lib/python3.12/site-packages/django/core/handlers/base.py", line 197, in _get_response
    response = wrapped_callback(request, *callback_args, **callback_kwargs)
               ^^^^^^^^^^^^^^^^^^^^^^^^^^^^^^^^^^^^^^^^^^^^^^^^^^^^^^^^^^^^
  File "/root/SPS-Subjects-Presentation-System-/venv/lib/python3.12/site-packages/django/views/decorators/csrf.py", line 65, in _view_wrapper
    return view_func(request, *args, **kwargs)
           ^^^^^^^^^^^^^^^^^^^^^^^^^^^^^^^^^^^
  File "/root/SPS-Subjects-Presentation-System-/venv/lib/python3.12/site-packages/rest_framework/viewsets.py", line 125, in view
    return self.dispatch(request, *args, **kwargs)
           ^^^^^^^^^^^^^^^^^^^^^^^^^^^^^^^^^^^^^^^
  File "/root/SPS-Subjects-Presentation-System-/venv/lib/python3.12/site-packages/rest_framework/views.py", line 509, in dispatch
    response = self.handle_exception(exc)
               ^^^^^^^^^^^^^^^^^^^^^^^^^^
  File "/root/SPS-Subjects-Presentation-System-/venv/lib/python3.12/site-packages/rest_framework/views.py", line 469, in handle_exception
    self.raise_uncaught_exception(exc)
  File "/root/SPS-Subjects-Presentation-System-/venv/lib/python3.12/site-packages/rest_framework/views.py", line 480, in raise_uncaught_exception
    raise exc
  File "/root/SPS-Subjects-Presentation-System-/venv/lib/python3.12/site-packages/rest_framework/views.py", line 506, in dispatch
    response = handler(request, *args, **kwargs)
               ^^^^^^^^^^^^^^^^^^^^^^^^^^^^^^^^^
TypeError: SubjectViewSet.stats() got an unexpected keyword argument 'subject_uuid'
ERROR 2026-04-17 17:20:58,297 basehttp "GET /api/subjects/e25c9638-60d0-462d-8f5d-4f6e50a819b9/stats/ HTTP/1.0" 500 145
INFO 2026-04-17 17:20:58,414 basehttp "OPTIONS /api/topics/?subject_uuid=e25c9638-60d0-462d-8f5d-4f6e50a819b9&page_size=100 HTTP/1.0" 200 0
INFO 2026-04-17 17:20:58,416 basehttp "OPTIONS /api/topics/?subject_uuid=e25c9638-60d0-462d-8f5d-4f6e50a819b9&page_size=100 HTTP/1.0" 200 0
INFO 2026-04-17 17:20:58,566 basehttp "GET /api/topics/?subject_uuid=e25c9638-60d0-462d-8f5d-4f6e50a819b9&page_size=100 HTTP/1.0" 200 738
INFO 2026-04-17 17:20:58,712 basehttp "GET /api/topics/?subject_uuid=e25c9638-60d0-462d-8f5d-4f6e50a819b9&page_size=100 HTTP/1.0" 200 738
INFO 2026-04-17 17:20:58,828 basehttp "OPTIONS /api/resources/?topic_uuid=510fe6b8-94e6-4a8c-8150-7eb830f5bde2 HTTP/1.0" 200 0
INFO 2026-04-17 17:20:58,975 basehttp "GET /api/resources/?topic_uuid=510fe6b8-94e6-4a8c-8150-7eb830f5bde2 HTTP/1.0" 200 435
INFO 2026-04-17 17:21:21,498 basehttp "OPTIONS /api/resources/ HTTP/1.0" 200 0
INFO 2026-04-17 17:21:22,222 basehttp "POST /api/resources/ HTTP/1.0" 201 392
INFO 2026-04-17 17:21:22,340 basehttp "OPTIONS /api/topics/?subject_uuid=e25c9638-60d0-462d-8f5d-4f6e50a819b9&page_size=100 HTTP/1.0" 200 0
INFO 2026-04-17 17:21:22,485 basehttp "GET /api/topics/?subject_uuid=e25c9638-60d0-462d-8f5d-4f6e50a819b9&page_size=100 HTTP/1.0" 200 1131
INFO 2026-04-17 17:21:22,603 basehttp "OPTIONS /api/resources/?topic_uuid=510fe6b8-94e6-4a8c-8150-7eb830f5bde2 HTTP/1.0" 200 0
INFO 2026-04-17 17:21:22,747 basehttp "GET /api/resources/?topic_uuid=510fe6b8-94e6-4a8c-8150-7eb830f5bde2 HTTP/1.0" 200 828
INFO 2026-04-17 17:22:01,515 basehttp "OPTIONS /api/quizzes/?page_size=100 HTTP/1.0" 200 0
INFO 2026-04-17 17:22:01,696 basehttp "GET /api/quizzes/?page_size=100 HTTP/1.0" 200 52
INFO 2026-04-17 17:22:03,556 basehttp "OPTIONS /api/topics/?subject_uuid=e25c9638-60d0-462d-8f5d-4f6e50a819b9&page_size=100 HTTP/1.0" 200 0
INFO 2026-04-17 17:22:03,720 basehttp "GET /api/topics/?subject_uuid=e25c9638-60d0-462d-8f5d-4f6e50a819b9&page_size=100 HTTP/1.0" 200 1131
INFO 2026-04-17 17:22:08,048 basehttp "OPTIONS /api/topics/?subject_uuid=1c991b13-0009-478b-bf7b-e53b27479f26&page_size=100 HTTP/1.0" 200 0
INFO 2026-04-17 17:22:08,196 basehttp "GET /api/topics/?subject_uuid=1c991b13-0009-478b-bf7b-e53b27479f26&page_size=100 HTTP/1.0" 200 52
INFO 2026-04-17 17:22:10,529 basehttp "OPTIONS /api/topics/?subject_uuid=e25c9638-60d0-462d-8f5d-4f6e50a819b9&page_size=100 HTTP/1.0" 200 0
INFO 2026-04-17 17:22:10,676 basehttp "GET /api/topics/?subject_uuid=e25c9638-60d0-462d-8f5d-4f6e50a819b9&page_size=100 HTTP/1.0" 200 1131
INFO 2026-04-17 17:23:32,262 basehttp "OPTIONS /api/quizzes/ HTTP/1.0" 200 0
INFO 2026-04-17 17:23:32,487 basehttp "POST /api/quizzes/ HTTP/1.0" 201 1746
INFO 2026-04-17 17:23:32,615 basehttp "OPTIONS /api/quizzes/?page_size=100 HTTP/1.0" 200 0
INFO 2026-04-17 17:23:32,786 basehttp "GET /api/quizzes/?page_size=100 HTTP/1.0" 200 1833
INFO 2026-04-17 17:23:36,853 basehttp "OPTIONS /api/public/quiz/01ee9e55-426e-4035-a0e8-dd7db59bbe5e/ HTTP/1.0" 200 0
INFO 2026-04-17 17:23:37,001 basehttp "GET /api/public/quiz/01ee9e55-426e-4035-a0e8-dd7db59bbe5e/ HTTP/1.0" 200 1271
INFO 2026-04-17 17:23:50,491 basehttp "OPTIONS /api/public/quiz/01ee9e55-426e-4035-a0e8-dd7db59bbe5e/submit/ HTTP/1.0" 200 0
WARNING 2026-04-17 17:23:50,660 log Bad Request: /api/public/quiz/01ee9e55-426e-4035-a0e8-dd7db59bbe5e/submit/
WARNING 2026-04-17 17:23:50,660 basehttp "POST /api/public/quiz/01ee9e55-426e-4035-a0e8-dd7db59bbe5e/submit/ HTTP/1.0" 400 155
INFO 2026-04-17 17:24:37,762 basehttp "OPTIONS /api/public/quiz/01ee9e55-426e-4035-a0e8-dd7db59bbe5e/submit/ HTTP/1.0" 200 0
INFO 2026-04-17 17:24:37,978 basehttp "POST /api/public/quiz/01ee9e55-426e-4035-a0e8-dd7db59bbe5e/submit/ HTTP/1.0" 201 747
INFO 2026-04-17 17:27:41,756 basehttp "OPTIONS /api/public/quiz/01ee9e55-426e-4035-a0e8-dd7db59bbe5e/ HTTP/1.0" 200 0
INFO 2026-04-17 17:27:41,949 basehttp "GET /api/public/quiz/01ee9e55-426e-4035-a0e8-dd7db59bbe5e/ HTTP/1.0" 200 1271
INFO 2026-04-17 17:27:49,054 basehttp "OPTIONS /api/public/quiz/01ee9e55-426e-4035-a0e8-dd7db59bbe5e/submit/ HTTP/1.0" 200 0
WARNING 2026-04-17 17:27:49,234 log Bad Request: /api/public/quiz/01ee9e55-426e-4035-a0e8-dd7db59bbe5e/submit/
WARNING 2026-04-17 17:27:49,240 basehttp "POST /api/public/quiz/01ee9e55-426e-4035-a0e8-dd7db59bbe5e/submit/ HTTP/1.0" 400 137
INFO 2026-04-17 17:29:27,624 basehttp "OPTIONS /api/public/quiz/01ee9e55-426e-4035-a0e8-dd7db59bbe5e/ HTTP/1.0" 200 0
INFO 2026-04-17 17:29:27,818 basehttp "GET /api/public/quiz/01ee9e55-426e-4035-a0e8-dd7db59bbe5e/ HTTP/1.0" 200 1271
INFO 2026-04-17 17:29:38,805 basehttp "OPTIONS /api/public/quiz/01ee9e55-426e-4035-a0e8-dd7db59bbe5e/submit/ HTTP/1.0" 200 0
WARNING 2026-04-17 17:29:38,971 log Bad Request: /api/public/quiz/01ee9e55-426e-4035-a0e8-dd7db59bbe5e/submit/
WARNING 2026-04-17 17:29:38,973 basehttp "POST /api/public/quiz/01ee9e55-426e-4035-a0e8-dd7db59bbe5e/submit/ HTTP/1.0" 400 155
INFO 2026-04-17 17:33:44,911 basehttp "OPTIONS /api/public/quiz/01ee9e55-426e-4035-a0e8-dd7db59bbe5e/ HTTP/1.0" 200 0
INFO 2026-04-17 17:33:45,119 basehttp "GET /api/public/quiz/01ee9e55-426e-4035-a0e8-dd7db59bbe5e/ HTTP/1.0" 200 1271
INFO 2026-04-17 17:33:52,507 basehttp "OPTIONS /api/public/quiz/01ee9e55-426e-4035-a0e8-dd7db59bbe5e/submit/ HTTP/1.0" 200 0
WARNING 2026-04-17 17:33:52,668 log Bad Request: /api/public/quiz/01ee9e55-426e-4035-a0e8-dd7db59bbe5e/submit/
WARNING 2026-04-17 17:33:52,669 basehttp "POST /api/public/quiz/01ee9e55-426e-4035-a0e8-dd7db59bbe5e/submit/ HTTP/1.0" 400 155
INFO 2026-04-17 17:34:54,967 basehttp "OPTIONS /api/public/quiz/01ee9e55-426e-4035-a0e8-dd7db59bbe5e/ HTTP/1.0" 200 0
INFO 2026-04-17 17:34:55,172 basehttp "GET /api/public/quiz/01ee9e55-426e-4035-a0e8-dd7db59bbe5e/ HTTP/1.0" 200 1271
INFO 2026-04-17 17:35:02,060 basehttp "OPTIONS /api/public/quiz/01ee9e55-426e-4035-a0e8-dd7db59bbe5e/submit/ HTTP/1.0" 200 0
WARNING 2026-04-17 17:35:03,195 log Bad Request: /api/public/quiz/01ee9e55-426e-4035-a0e8-dd7db59bbe5e/submit/
WARNING 2026-04-17 17:35:03,203 basehttp "POST /api/public/quiz/01ee9e55-426e-4035-a0e8-dd7db59bbe5e/submit/ HTTP/1.0" 400 137
INFO 2026-04-17 17:36:06,237 basehttp "OPTIONS /api/public/quiz/01ee9e55-426e-4035-a0e8-dd7db59bbe5e/ HTTP/1.0" 200 0
INFO 2026-04-17 17:36:06,418 basehttp "GET /api/public/quiz/01ee9e55-426e-4035-a0e8-dd7db59bbe5e/ HTTP/1.0" 200 1271
INFO 2026-04-17 17:36:13,554 basehttp "OPTIONS /api/public/quiz/01ee9e55-426e-4035-a0e8-dd7db59bbe5e/submit/ HTTP/1.0" 200 0
WARNING 2026-04-17 17:36:13,715 log Bad Request: /api/public/quiz/01ee9e55-426e-4035-a0e8-dd7db59bbe5e/submit/
WARNING 2026-04-17 17:36:13,716 basehttp "POST /api/public/quiz/01ee9e55-426e-4035-a0e8-dd7db59bbe5e/submit/ HTTP/1.0" 400 63
INFO 2026-04-17 17:40:02,880 basehttp "OPTIONS /api/public/quiz/01ee9e55-426e-4035-a0e8-dd7db59bbe5e/ HTTP/1.0" 200 0
INFO 2026-04-17 17:40:03,121 basehttp "GET /api/public/quiz/01ee9e55-426e-4035-a0e8-dd7db59bbe5e/ HTTP/1.0" 200 1271
INFO 2026-04-17 17:40:11,638 basehttp "OPTIONS /api/public/quiz/01ee9e55-426e-4035-a0e8-dd7db59bbe5e/submit/ HTTP/1.0" 200 0
WARNING 2026-04-17 17:40:11,790 log Bad Request: /api/public/quiz/01ee9e55-426e-4035-a0e8-dd7db59bbe5e/submit/
WARNING 2026-04-17 17:40:11,791 basehttp "POST /api/public/quiz/01ee9e55-426e-4035-a0e8-dd7db59bbe5e/submit/ HTTP/1.0" 400 155
INFO 2026-04-17 17:40:21,955 basehttp "OPTIONS /api/public/quiz/01ee9e55-426e-4035-a0e8-dd7db59bbe5e/ HTTP/1.0" 200 0
INFO 2026-04-17 17:40:22,177 basehttp "GET /api/public/quiz/01ee9e55-426e-4035-a0e8-dd7db59bbe5e/ HTTP/1.0" 200 1271
INFO 2026-04-17 17:40:27,242 basehttp "OPTIONS /api/public/quiz/01ee9e55-426e-4035-a0e8-dd7db59bbe5e/submit/ HTTP/1.0" 200 0
WARNING 2026-04-17 17:40:27,612 log Bad Request: /api/public/quiz/01ee9e55-426e-4035-a0e8-dd7db59bbe5e/submit/
WARNING 2026-04-17 17:40:27,612 basehttp "POST /api/public/quiz/01ee9e55-426e-4035-a0e8-dd7db59bbe5e/submit/ HTTP/1.0" 400 155
INFO 2026-04-17 17:44:32,346 autoreload /root/SPS-Subjects-Presentation-System-/spsapp/serializers.py changed, reloading.
INFO 2026-04-17 17:44:34,575 autoreload Watching for file changes with StatReloader
INFO 2026-04-17 17:44:37,346 autoreload Watching for file changes with StatReloader
INFO 2026-04-17 17:44:46,242 autoreload Watching for file changes with StatReloader
INFO 2026-04-17 17:48:07,020 autoreload Watching for file changes with StatReloader
INFO 2026-04-17 17:48:19,484 basehttp "OPTIONS /api/public/quiz/01ee9e55-426e-4035-a0e8-dd7db59bbe5e/ HTTP/1.0" 200 0
INFO 2026-04-17 17:48:19,908 basehttp "GET /api/public/quiz/01ee9e55-426e-4035-a0e8-dd7db59bbe5e/ HTTP/1.0" 200 1271
INFO 2026-04-17 17:48:25,445 basehttp "OPTIONS /api/public/quiz/01ee9e55-426e-4035-a0e8-dd7db59bbe5e/submit/ HTTP/1.0" 200 0
INFO 2026-04-17 17:48:25,881 basehttp "POST /api/public/quiz/01ee9e55-426e-4035-a0e8-dd7db59bbe5e/submit/ HTTP/1.0" 201 783
INFO 2026-04-17 17:48:37,028 basehttp "OPTIONS /api/public/quiz/01ee9e55-426e-4035-a0e8-dd7db59bbe5e/ HTTP/1.0" 200 0
INFO 2026-04-17 17:48:37,203 basehttp "GET /api/public/quiz/01ee9e55-426e-4035-a0e8-dd7db59bbe5e/ HTTP/1.0" 200 1271
INFO 2026-04-17 17:48:45,823 basehttp "OPTIONS /api/public/quiz/01ee9e55-426e-4035-a0e8-dd7db59bbe5e/submit/ HTTP/1.0" 200 0
INFO 2026-04-17 17:48:46,076 basehttp "POST /api/public/quiz/01ee9e55-426e-4035-a0e8-dd7db59bbe5e/submit/ HTTP/1.0" 201 776
INFO 2026-04-17 17:49:00,320 basehttp "OPTIONS /api/public/quiz/01ee9e55-426e-4035-a0e8-dd7db59bbe5e/leaderboard/ HTTP/1.0" 200 0
INFO 2026-04-17 17:49:00,571 basehttp "GET /api/public/quiz/01ee9e55-426e-4035-a0e8-dd7db59bbe5e/leaderboard/ HTTP/1.0" 200 438
INFO 2026-04-17 17:49:04,892 basehttp "OPTIONS /api/public/quiz/01ee9e55-426e-4035-a0e8-dd7db59bbe5e/leaderboard/ HTTP/1.0" 200 0
INFO 2026-04-17 17:49:05,035 basehttp "OPTIONS /api/public/quiz/01ee9e55-426e-4035-a0e8-dd7db59bbe5e/leaderboard/ HTTP/1.0" 200 0
INFO 2026-04-17 17:49:05,085 basehttp "GET /api/public/quiz/01ee9e55-426e-4035-a0e8-dd7db59bbe5e/leaderboard/ HTTP/1.0" 200 438
INFO 2026-04-17 17:49:05,147 basehttp "OPTIONS /api/public/quiz/01ee9e55-426e-4035-a0e8-dd7db59bbe5e/leaderboard/ HTTP/1.0" 200 0
INFO 2026-04-17 17:49:05,203 basehttp "GET /api/public/quiz/01ee9e55-426e-4035-a0e8-dd7db59bbe5e/leaderboard/ HTTP/1.0" 200 438
INFO 2026-04-17 17:49:05,337 basehttp "GET /api/public/quiz/01ee9e55-426e-4035-a0e8-dd7db59bbe5e/leaderboard/ HTTP/1.0" 200 438
INFO 2026-04-17 17:50:06,943 basehttp "OPTIONS /api/quizzes/01ee9e55-426e-4035-a0e8-dd7db59bbe5e/regenerate-code/ HTTP/1.0" 200 0
WARNING 2026-04-17 17:50:07,059 log Not Found: /api/quizzes/01ee9e55-426e-4035-a0e8-dd7db59bbe5e/regenerate-code/
WARNING 2026-04-17 17:50:07,060 basehttp "POST /api/quizzes/01ee9e55-426e-4035-a0e8-dd7db59bbe5e/regenerate-code/ HTTP/1.0" 404 179
INFO 2026-04-17 17:50:31,489 basehttp "OPTIONS /api/quizzes/01ee9e55-426e-4035-a0e8-dd7db59bbe5e/results/ HTTP/1.0" 200 0
INFO 2026-04-17 17:50:31,892 basehttp "GET /api/quizzes/01ee9e55-426e-4035-a0e8-dd7db59bbe5e/results/ HTTP/1.0" 200 4233
INFO 2026-04-17 17:50:41,187 basehttp "OPTIONS /api/quizzes/?page_size=100 HTTP/1.0" 200 0
INFO 2026-04-17 17:50:41,413 basehttp "GET /api/quizzes/?page_size=100 HTTP/1.0" 200 1847
INFO 2026-04-17 17:50:44,868 basehttp "OPTIONS /api/quizzes/01ee9e55-426e-4035-a0e8-dd7db59bbe5e/end-session/ HTTP/1.0" 200 0
WARNING 2026-04-17 17:50:44,988 log Not Found: /api/quizzes/01ee9e55-426e-4035-a0e8-dd7db59bbe5e/end-session/
WARNING 2026-04-17 17:50:44,993 basehttp "POST /api/quizzes/01ee9e55-426e-4035-a0e8-dd7db59bbe5e/end-session/ HTTP/1.0" 404 179
INFO 2026-04-17 17:51:03,327 basehttp "OPTIONS /api/quizzes/01ee9e55-426e-4035-a0e8-dd7db59bbe5e/end-session/ HTTP/1.0" 200 0
WARNING 2026-04-17 17:51:03,444 log Not Found: /api/quizzes/01ee9e55-426e-4035-a0e8-dd7db59bbe5e/end-session/
WARNING 2026-04-17 17:51:03,444 basehttp "POST /api/quizzes/01ee9e55-426e-4035-a0e8-dd7db59bbe5e/end-session/ HTTP/1.0" 404 179
INFO 2026-04-17 17:51:09,123 basehttp "OPTIONS /api/quizzes/01ee9e55-426e-4035-a0e8-dd7db59bbe5e/end-session/ HTTP/1.0" 200 0
WARNING 2026-04-17 17:51:09,244 log Not Found: /api/quizzes/01ee9e55-426e-4035-a0e8-dd7db59bbe5e/end-session/
WARNING 2026-04-17 17:51:09,245 basehttp "POST /api/quizzes/01ee9e55-426e-4035-a0e8-dd7db59bbe5e/end-session/ HTTP/1.0" 404 179
INFO 2026-04-17 18:01:10,975 autoreload /root/SPS-Subjects-Presentation-System-/spsapp/views.py changed, reloading.
INFO 2026-04-17 18:01:12,507 autoreload Watching for file changes with StatReloader
INFO 2026-04-17 18:01:22,095 autoreload Watching for file changes with StatReloader
INFO 2026-04-17 18:01:32,108 basehttp "OPTIONS /api/auth/login/ HTTP/1.0" 200 0
INFO 2026-04-17 18:01:33,012 basehttp "POST /api/auth/login/ HTTP/1.0" 200 483
INFO 2026-04-17 18:01:33,332 basehttp "OPTIONS /api/subjects/?page_size=100 HTTP/1.0" 200 0
INFO 2026-04-17 18:01:33,619 basehttp "GET /api/subjects/?page_size=100 HTTP/1.0" 200 1860
INFO 2026-04-17 18:01:33,738 basehttp "OPTIONS /api/subjects/?page_size=100 HTTP/1.0" 200 0
INFO 2026-04-17 18:01:33,979 basehttp "GET /api/subjects/?page_size=100 HTTP/1.0" 200 1860
INFO 2026-04-17 18:01:34,097 basehttp "OPTIONS /api/quizzes/?page_size=100 HTTP/1.0" 200 0
INFO 2026-04-17 18:01:34,549 basehttp "GET /api/quizzes/?page_size=100 HTTP/1.0" 200 1847
INFO 2026-04-17 18:01:36,834 basehttp "OPTIONS /api/subjects/e25c9638-60d0-462d-8f5d-4f6e50a819b9/stats/ HTTP/1.0" 200 0
ERROR 2026-04-17 18:01:37,025 log Internal Server Error: /api/subjects/e25c9638-60d0-462d-8f5d-4f6e50a819b9/stats/
Traceback (most recent call last):
  File "/root/SPS-Subjects-Presentation-System-/venv/lib/python3.12/site-packages/django/core/handlers/exception.py", line 55, in inner
    response = get_response(request)
               ^^^^^^^^^^^^^^^^^^^^^
  File "/root/SPS-Subjects-Presentation-System-/venv/lib/python3.12/site-packages/django/core/handlers/base.py", line 197, in _get_response
    response = wrapped_callback(request, *callback_args, **callback_kwargs)
               ^^^^^^^^^^^^^^^^^^^^^^^^^^^^^^^^^^^^^^^^^^^^^^^^^^^^^^^^^^^^
  File "/root/SPS-Subjects-Presentation-System-/venv/lib/python3.12/site-packages/django/views/decorators/csrf.py", line 65, in _view_wrapper
    return view_func(request, *args, **kwargs)
           ^^^^^^^^^^^^^^^^^^^^^^^^^^^^^^^^^^^
  File "/root/SPS-Subjects-Presentation-System-/venv/lib/python3.12/site-packages/rest_framework/viewsets.py", line 125, in view
    return self.dispatch(request, *args, **kwargs)
           ^^^^^^^^^^^^^^^^^^^^^^^^^^^^^^^^^^^^^^^
  File "/root/SPS-Subjects-Presentation-System-/venv/lib/python3.12/site-packages/rest_framework/views.py", line 509, in dispatch
    response = self.handle_exception(exc)
               ^^^^^^^^^^^^^^^^^^^^^^^^^^
  File "/root/SPS-Subjects-Presentation-System-/venv/lib/python3.12/site-packages/rest_framework/views.py", line 469, in handle_exception
    self.raise_uncaught_exception(exc)
  File "/root/SPS-Subjects-Presentation-System-/venv/lib/python3.12/site-packages/rest_framework/views.py", line 480, in raise_uncaught_exception
    raise exc
  File "/root/SPS-Subjects-Presentation-System-/venv/lib/python3.12/site-packages/rest_framework/views.py", line 506, in dispatch
    response = handler(request, *args, **kwargs)
               ^^^^^^^^^^^^^^^^^^^^^^^^^^^^^^^^^
TypeError: SubjectViewSet.stats() got an unexpected keyword argument 'subject_uuid'
ERROR 2026-04-17 18:01:37,043 basehttp "GET /api/subjects/e25c9638-60d0-462d-8f5d-4f6e50a819b9/stats/ HTTP/1.0" 500 145
INFO 2026-04-17 18:01:37,184 basehttp "OPTIONS /api/topics/?subject_uuid=e25c9638-60d0-462d-8f5d-4f6e50a819b9&page_size=100 HTTP/1.0" 200 0
INFO 2026-04-17 18:01:37,212 basehttp "OPTIONS /api/topics/?subject_uuid=e25c9638-60d0-462d-8f5d-4f6e50a819b9&page_size=100 HTTP/1.0" 200 0
INFO 2026-04-17 18:01:37,437 basehttp "GET /api/topics/?subject_uuid=e25c9638-60d0-462d-8f5d-4f6e50a819b9&page_size=100 HTTP/1.0" 200 1131
INFO 2026-04-17 18:01:37,612 basehttp "GET /api/topics/?subject_uuid=e25c9638-60d0-462d-8f5d-4f6e50a819b9&page_size=100 HTTP/1.0" 200 1131
INFO 2026-04-17 18:01:37,733 basehttp "OPTIONS /api/resources/?topic_uuid=510fe6b8-94e6-4a8c-8150-7eb830f5bde2 HTTP/1.0" 200 0
INFO 2026-04-17 18:01:38,075 basehttp "GET /api/resources/?topic_uuid=510fe6b8-94e6-4a8c-8150-7eb830f5bde2 HTTP/1.0" 200 828
INFO 2026-04-17 18:01:40,839 basehttp "OPTIONS /api/quizzes/?page_size=100 HTTP/1.0" 200 0
INFO 2026-04-17 18:01:41,101 basehttp "GET /api/quizzes/?page_size=100 HTTP/1.0" 200 1847
INFO 2026-04-17 18:01:45,792 basehttp "OPTIONS /api/quizzes/01ee9e55-426e-4035-a0e8-dd7db59bbe5e/end-session/ HTTP/1.0" 200 0
WARNING 2026-04-17 18:01:45,912 log Not Found: /api/quizzes/01ee9e55-426e-4035-a0e8-dd7db59bbe5e/end-session/
WARNING 2026-04-17 18:01:45,919 basehttp "POST /api/quizzes/01ee9e55-426e-4035-a0e8-dd7db59bbe5e/end-session/ HTTP/1.0" 404 179
INFO 2026-04-17 18:03:09,843 autoreload /root/SPS-Subjects-Presentation-System-/spsapp/views.py changed, reloading.
INFO 2026-04-17 18:03:10,867 autoreload Watching for file changes with StatReloader
INFO 2026-04-17 18:03:20,801 autoreload Watching for file changes with StatReloader
INFO 2026-04-17 18:03:24,811 basehttp "OPTIONS /api/subjects/?page_size=100 HTTP/1.0" 200 0
INFO 2026-04-17 18:03:25,176 basehttp "GET /api/subjects/?page_size=100 HTTP/1.0" 200 1860
INFO 2026-04-17 18:03:25,363 basehttp "OPTIONS /api/subjects/?page_size=100 HTTP/1.0" 200 0
INFO 2026-04-17 18:03:25,707 basehttp "GET /api/subjects/?page_size=100 HTTP/1.0" 200 1860
INFO 2026-04-17 18:03:25,899 basehttp "OPTIONS /api/quizzes/?page_size=100 HTTP/1.0" 200 0
INFO 2026-04-17 18:03:26,213 basehttp "GET /api/quizzes/?page_size=100 HTTP/1.0" 200 1847
INFO 2026-04-17 18:03:30,404 basehttp "OPTIONS /api/subjects/e25c9638-60d0-462d-8f5d-4f6e50a819b9/stats/ HTTP/1.0" 200 0
ERROR 2026-04-17 18:03:30,629 log Internal Server Error: /api/subjects/e25c9638-60d0-462d-8f5d-4f6e50a819b9/stats/
Traceback (most recent call last):
  File "/root/SPS-Subjects-Presentation-System-/venv/lib/python3.12/site-packages/django/core/handlers/exception.py", line 55, in inner
    response = get_response(request)
               ^^^^^^^^^^^^^^^^^^^^^
  File "/root/SPS-Subjects-Presentation-System-/venv/lib/python3.12/site-packages/django/core/handlers/base.py", line 197, in _get_response
    response = wrapped_callback(request, *callback_args, **callback_kwargs)
               ^^^^^^^^^^^^^^^^^^^^^^^^^^^^^^^^^^^^^^^^^^^^^^^^^^^^^^^^^^^^
  File "/root/SPS-Subjects-Presentation-System-/venv/lib/python3.12/site-packages/django/views/decorators/csrf.py", line 65, in _view_wrapper
    return view_func(request, *args, **kwargs)
           ^^^^^^^^^^^^^^^^^^^^^^^^^^^^^^^^^^^
  File "/root/SPS-Subjects-Presentation-System-/venv/lib/python3.12/site-packages/rest_framework/viewsets.py", line 125, in view
    return self.dispatch(request, *args, **kwargs)
           ^^^^^^^^^^^^^^^^^^^^^^^^^^^^^^^^^^^^^^^
  File "/root/SPS-Subjects-Presentation-System-/venv/lib/python3.12/site-packages/rest_framework/views.py", line 509, in dispatch
    response = self.handle_exception(exc)
               ^^^^^^^^^^^^^^^^^^^^^^^^^^
  File "/root/SPS-Subjects-Presentation-System-/venv/lib/python3.12/site-packages/rest_framework/views.py", line 469, in handle_exception
    self.raise_uncaught_exception(exc)
  File "/root/SPS-Subjects-Presentation-System-/venv/lib/python3.12/site-packages/rest_framework/views.py", line 480, in raise_uncaught_exception
    raise exc
  File "/root/SPS-Subjects-Presentation-System-/venv/lib/python3.12/site-packages/rest_framework/views.py", line 506, in dispatch
    response = handler(request, *args, **kwargs)
               ^^^^^^^^^^^^^^^^^^^^^^^^^^^^^^^^^
TypeError: SubjectViewSet.stats() got an unexpected keyword argument 'subject_uuid'
ERROR 2026-04-17 18:03:30,638 basehttp "GET /api/subjects/e25c9638-60d0-462d-8f5d-4f6e50a819b9/stats/ HTTP/1.0" 500 145
INFO 2026-04-17 18:03:30,832 basehttp "OPTIONS /api/topics/?subject_uuid=e25c9638-60d0-462d-8f5d-4f6e50a819b9&page_size=100 HTTP/1.0" 200 0
INFO 2026-04-17 18:03:30,835 basehttp "OPTIONS /api/topics/?subject_uuid=e25c9638-60d0-462d-8f5d-4f6e50a819b9&page_size=100 HTTP/1.0" 200 0
INFO 2026-04-17 18:03:31,114 basehttp "GET /api/topics/?subject_uuid=e25c9638-60d0-462d-8f5d-4f6e50a819b9&page_size=100 HTTP/1.0" 200 1131
INFO 2026-04-17 18:03:31,368 basehttp "GET /api/topics/?subject_uuid=e25c9638-60d0-462d-8f5d-4f6e50a819b9&page_size=100 HTTP/1.0" 200 1131
INFO 2026-04-17 18:03:31,576 basehttp "OPTIONS /api/resources/?topic_uuid=510fe6b8-94e6-4a8c-8150-7eb830f5bde2 HTTP/1.0" 200 0
INFO 2026-04-17 18:03:31,834 basehttp "GET /api/resources/?topic_uuid=510fe6b8-94e6-4a8c-8150-7eb830f5bde2 HTTP/1.0" 200 828
INFO 2026-04-17 18:07:12,817 autoreload /root/SPS-Subjects-Presentation-System-/spsapp/views.py changed, reloading.
INFO 2026-04-17 18:07:13,866 autoreload Watching for file changes with StatReloader
INFO 2026-04-17 18:07:23,296 autoreload Watching for file changes with StatReloader
INFO 2026-04-17 18:07:27,151 basehttp "OPTIONS /api/subjects/?page_size=100 HTTP/1.0" 200 0
INFO 2026-04-17 18:07:27,370 basehttp "GET /api/subjects/?page_size=100 HTTP/1.0" 200 1860
INFO 2026-04-17 18:07:27,493 basehttp "OPTIONS /api/subjects/?page_size=100 HTTP/1.0" 200 0
INFO 2026-04-17 18:07:27,705 basehttp "GET /api/subjects/?page_size=100 HTTP/1.0" 200 1860
INFO 2026-04-17 18:07:27,834 basehttp "OPTIONS /api/quizzes/?page_size=100 HTTP/1.0" 200 0
INFO 2026-04-17 18:07:28,106 basehttp "GET /api/quizzes/?page_size=100 HTTP/1.0" 200 1847
INFO 2026-04-17 18:07:30,001 basehttp "OPTIONS /api/subjects/e25c9638-60d0-462d-8f5d-4f6e50a819b9/stats/ HTTP/1.0" 200 0
INFO 2026-04-17 18:07:30,218 basehttp "GET /api/subjects/e25c9638-60d0-462d-8f5d-4f6e50a819b9/stats/ HTTP/1.0" 200 89
INFO 2026-04-17 18:07:30,345 basehttp "OPTIONS /api/topics/?subject_uuid=e25c9638-60d0-462d-8f5d-4f6e50a819b9&page_size=100 HTTP/1.0" 200 0
INFO 2026-04-17 18:07:30,360 basehttp "OPTIONS /api/topics/?subject_uuid=e25c9638-60d0-462d-8f5d-4f6e50a819b9&page_size=100 HTTP/1.0" 200 0
INFO 2026-04-17 18:07:30,508 basehttp "GET /api/topics/?subject_uuid=e25c9638-60d0-462d-8f5d-4f6e50a819b9&page_size=100 HTTP/1.0" 200 1131
INFO 2026-04-17 18:07:30,674 basehttp "GET /api/topics/?subject_uuid=e25c9638-60d0-462d-8f5d-4f6e50a819b9&page_size=100 HTTP/1.0" 200 1131
INFO 2026-04-17 18:07:30,793 basehttp "OPTIONS /api/resources/?topic_uuid=510fe6b8-94e6-4a8c-8150-7eb830f5bde2 HTTP/1.0" 200 0
INFO 2026-04-17 18:07:30,976 basehttp "GET /api/resources/?topic_uuid=510fe6b8-94e6-4a8c-8150-7eb830f5bde2 HTTP/1.0" 200 828
INFO 2026-04-17 18:07:32,706 basehttp "OPTIONS /api/quizzes/?page_size=100 HTTP/1.0" 200 0
INFO 2026-04-17 18:07:32,919 basehttp "GET /api/quizzes/?page_size=100 HTTP/1.0" 200 1847
INFO 2026-04-17 18:07:37,116 basehttp "OPTIONS /api/quizzes/01ee9e55-426e-4035-a0e8-dd7db59bbe5e/regenerate-code/ HTTP/1.0" 200 0
WARNING 2026-04-17 18:07:37,255 log Not Found: /api/quizzes/01ee9e55-426e-4035-a0e8-dd7db59bbe5e/regenerate-code/
WARNING 2026-04-17 18:07:37,258 basehttp "POST /api/quizzes/01ee9e55-426e-4035-a0e8-dd7db59bbe5e/regenerate-code/ HTTP/1.0" 404 179
INFO 2026-04-17 18:07:42,151 basehttp "OPTIONS /api/quizzes/01ee9e55-426e-4035-a0e8-dd7db59bbe5e/end-session/ HTTP/1.0" 200 0
WARNING 2026-04-17 18:07:42,277 log Not Found: /api/quizzes/01ee9e55-426e-4035-a0e8-dd7db59bbe5e/end-session/
WARNING 2026-04-17 18:07:42,278 basehttp "POST /api/quizzes/01ee9e55-426e-4035-a0e8-dd7db59bbe5e/end-session/ HTTP/1.0" 404 179
INFO 2026-04-17 18:23:51,374 autoreload /root/SPS-Subjects-Presentation-System-/spsapp/views.py changed, reloading.
INFO 2026-04-17 18:23:53,451 autoreload Watching for file changes with StatReloader
INFO 2026-04-17 18:23:57,356 autoreload Watching for file changes with StatReloader
INFO 2026-04-17 18:24:00,433 basehttp "OPTIONS /api/subjects/?page_size=100 HTTP/1.0" 200 0
INFO 2026-04-17 18:24:00,889 basehttp "GET /api/subjects/?page_size=100 HTTP/1.0" 200 1860
INFO 2026-04-17 18:24:01,010 basehttp "OPTIONS /api/subjects/?page_size=100 HTTP/1.0" 200 0
INFO 2026-04-17 18:24:01,196 basehttp "GET /api/subjects/?page_size=100 HTTP/1.0" 200 1860
INFO 2026-04-17 18:24:01,316 basehttp "OPTIONS /api/quizzes/?page_size=100 HTTP/1.0" 200 0
INFO 2026-04-17 18:24:01,644 basehttp "GET /api/quizzes/?page_size=100 HTTP/1.0" 200 1847
INFO 2026-04-17 18:24:02,789 basehttp "OPTIONS /api/quizzes/?page_size=100 HTTP/1.0" 200 0
INFO 2026-04-17 18:24:02,994 basehttp "GET /api/quizzes/?page_size=100 HTTP/1.0" 200 1847
INFO 2026-04-17 18:24:05,539 basehttp "OPTIONS /api/quizzes/01ee9e55-426e-4035-a0e8-dd7db59bbe5e/end-session/ HTTP/1.0" 200 0
WARNING 2026-04-17 18:24:05,666 log Not Found: /api/quizzes/01ee9e55-426e-4035-a0e8-dd7db59bbe5e/end-session/
WARNING 2026-04-17 18:24:05,688 basehttp "POST /api/quizzes/01ee9e55-426e-4035-a0e8-dd7db59bbe5e/end-session/ HTTP/1.0" 404 179
INFO 2026-04-17 18:27:27,679 autoreload /root/SPS-Subjects-Presentation-System-/spsapp/views.py changed, reloading.
INFO 2026-04-17 18:27:28,740 autoreload Watching for file changes with StatReloader
INFO 2026-04-17 18:27:32,548 autoreload Watching for file changes with StatReloader
INFO 2026-04-17 18:27:34,779 basehttp "OPTIONS /api/subjects/?page_size=100 HTTP/1.0" 200 0
INFO 2026-04-17 18:27:35,021 basehttp "GET /api/subjects/?page_size=100 HTTP/1.0" 200 1860
INFO 2026-04-17 18:27:35,142 basehttp "OPTIONS /api/subjects/?page_size=100 HTTP/1.0" 200 0
INFO 2026-04-17 18:27:35,382 basehttp "GET /api/subjects/?page_size=100 HTTP/1.0" 200 1860
INFO 2026-04-17 18:27:35,502 basehttp "OPTIONS /api/quizzes/?page_size=100 HTTP/1.0" 200 0
INFO 2026-04-17 18:27:35,780 basehttp "GET /api/quizzes/?page_size=100 HTTP/1.0" 200 1847
INFO 2026-04-17 18:27:36,715 basehttp "OPTIONS /api/quizzes/?page_size=100 HTTP/1.0" 200 0
INFO 2026-04-17 18:27:36,924 basehttp "GET /api/quizzes/?page_size=100 HTTP/1.0" 200 1847
INFO 2026-04-17 18:27:39,886 basehttp "OPTIONS /api/quizzes/01ee9e55-426e-4035-a0e8-dd7db59bbe5e/regenerate-code/ HTTP/1.0" 200 0
INFO 2026-04-17 18:27:40,076 basehttp "POST /api/quizzes/01ee9e55-426e-4035-a0e8-dd7db59bbe5e/regenerate-code/ HTTP/1.0" 200 25
INFO 2026-04-17 18:27:40,207 basehttp "OPTIONS /api/quizzes/?page_size=100 HTTP/1.0" 200 0
INFO 2026-04-17 18:27:40,478 basehttp "GET /api/quizzes/?page_size=100 HTTP/1.0" 200 1847
INFO 2026-04-17 18:27:42,740 basehttp "OPTIONS /api/quizzes/01ee9e55-426e-4035-a0e8-dd7db59bbe5e/end-session/ HTTP/1.0" 200 0
INFO 2026-04-17 18:27:42,985 basehttp "POST /api/quizzes/01ee9e55-426e-4035-a0e8-dd7db59bbe5e/end-session/ HTTP/1.0" 200 26
INFO 2026-04-17 18:27:43,111 basehttp "OPTIONS /api/quizzes/?page_size=100 HTTP/1.0" 200 0
INFO 2026-04-17 18:27:43,343 basehttp "GET /api/quizzes/?page_size=100 HTTP/1.0" 200 1846
INFO 2026-04-17 18:27:48,318 basehttp "OPTIONS /api/public/quiz/01ee9e55-426e-4035-a0e8-dd7db59bbe5e/ HTTP/1.0" 200 0
WARNING 2026-04-17 18:27:48,509 log Gone: /api/public/quiz/01ee9e55-426e-4035-a0e8-dd7db59bbe5e/
WARNING 2026-04-17 18:27:48,516 basehttp "GET /api/public/quiz/01ee9e55-426e-4035-a0e8-dd7db59bbe5e/ HTTP/1.0" 410 34
INFO 2026-04-17 18:27:52,540 basehttp "OPTIONS /api/subjects/?page_size=100 HTTP/1.0" 200 0
INFO 2026-04-17 18:27:52,708 basehttp "GET /api/subjects/?page_size=100 HTTP/1.0" 200 1860
INFO 2026-04-17 18:27:52,831 basehttp "OPTIONS /api/subjects/?page_size=100 HTTP/1.0" 200 0
INFO 2026-04-17 18:27:53,035 basehttp "GET /api/subjects/?page_size=100 HTTP/1.0" 200 1860
INFO 2026-04-17 18:27:53,156 basehttp "OPTIONS /api/quizzes/?page_size=100 HTTP/1.0" 200 0
INFO 2026-04-17 18:27:53,368 basehttp "GET /api/quizzes/?page_size=100 HTTP/1.0" 200 1846
INFO 2026-04-17 18:27:54,147 basehttp "OPTIONS /api/quizzes/?page_size=100 HTTP/1.0" 200 0
INFO 2026-04-17 18:27:54,345 basehttp "GET /api/quizzes/?page_size=100 HTTP/1.0" 200 1846
WARNING 2026-04-17 18:59:05,133 log Not Found: /
WARNING 2026-04-17 18:59:05,136 basehttp "GET / HTTP/1.0" 404 179
INFO 2026-04-17 19:03:17,644 basehttp "OPTIONS /api/auth/login/ HTTP/1.0" 200 0
INFO 2026-04-17 19:03:18,292 basehttp "POST /api/auth/login/ HTTP/1.0" 200 483
INFO 2026-04-17 19:03:18,985 basehttp "OPTIONS /api/quizzes/ HTTP/1.0" 200 0
INFO 2026-04-17 19:03:19,167 basehttp "GET /api/quizzes/ HTTP/1.0" 200 1846
INFO 2026-04-17 19:03:42,737 basehttp "OPTIONS /api/quizzes/ HTTP/1.0" 200 0
INFO 2026-04-17 19:03:45,634 basehttp "OPTIONS /api/quizzes/undefined/ HTTP/1.0" 200 0
WARNING 2026-04-17 19:03:45,752 log Not Found: /api/quizzes/undefined/
WARNING 2026-04-17 19:03:45,753 basehttp "GET /api/quizzes/undefined/ HTTP/1.0" 404 179
INFO 2026-04-17 19:06:44,137 basehttp "OPTIONS /api/quizzes/ HTTP/1.0" 200 0
INFO 2026-04-17 19:06:44,361 basehttp "GET /api/quizzes/ HTTP/1.0" 200 1846
INFO 2026-04-17 19:06:47,172 basehttp "OPTIONS /api/topics/ HTTP/1.0" 200 0
INFO 2026-04-17 19:06:47,440 basehttp "GET /api/topics/ HTTP/1.0" 200 1131
INFO 2026-04-17 19:06:55,444 basehttp "OPTIONS /api/topics/1/ HTTP/1.0" 200 0
WARNING 2026-04-17 19:06:55,622 log Not Found: /api/topics/1/
WARNING 2026-04-17 19:06:55,626 basehttp "GET /api/topics/1/ HTTP/1.0" 404 179
INFO 2026-04-17 19:08:14,333 basehttp "OPTIONS /api/topics/1/ HTTP/1.0" 200 0
WARNING 2026-04-17 19:08:14,536 log Not Found: /api/topics/1/
WARNING 2026-04-17 19:08:14,537 basehttp "GET /api/topics/1/ HTTP/1.0" 404 179
INFO 2026-04-17 19:08:29,756 basehttp "OPTIONS /api/topics/1/ HTTP/1.0" 200 0
WARNING 2026-04-17 19:08:29,920 log Not Found: /api/topics/1/
WARNING 2026-04-17 19:08:29,924 basehttp "GET /api/topics/1/ HTTP/1.0" 404 179
INFO 2026-04-17 19:08:30,507 basehttp "OPTIONS /api/topics/1/ HTTP/1.0" 200 0
WARNING 2026-04-17 19:08:30,678 log Not Found: /api/topics/1/
WARNING 2026-04-17 19:08:30,679 basehttp "GET /api/topics/1/ HTTP/1.0" 404 179
INFO 2026-04-17 19:08:31,083 basehttp "OPTIONS /api/topics/1/ HTTP/1.0" 200 0
WARNING 2026-04-17 19:08:31,273 log Not Found: /api/topics/1/
WARNING 2026-04-17 19:08:31,275 basehttp "GET /api/topics/1/ HTTP/1.0" 404 179
INFO 2026-04-17 19:08:39,153 basehttp "OPTIONS /api/topics/ HTTP/1.0" 200 0
INFO 2026-04-17 19:08:40,600 basehttp "OPTIONS /api/topics/510fe6b8-94e6-4a8c-8150-7eb830f5bde2/ HTTP/1.0" 200 0
INFO 2026-04-17 19:08:40,820 basehttp "GET /api/topics/510fe6b8-94e6-4a8c-8150-7eb830f5bde2/ HTTP/1.0" 200 1079
INFO 2026-04-17 19:08:52,160 basehttp "OPTIONS /api/topics/ HTTP/1.0" 200 0
INFO 2026-04-17 19:08:58,278 basehttp "OPTIONS /api/quizzes/ HTTP/1.0" 200 0
INFO 2026-04-17 19:08:58,519 basehttp "GET /api/quizzes/ HTTP/1.0" 200 1846
INFO 2026-04-17 19:09:00,171 basehttp "OPTIONS /api/quizzes/1/ HTTP/1.0" 200 0
WARNING 2026-04-17 19:09:00,356 log Not Found: /api/quizzes/1/
WARNING 2026-04-17 19:09:00,357 basehttp "GET /api/quizzes/1/ HTTP/1.0" 404 179
INFO 2026-04-17 19:13:00,625 basehttp "OPTIONS /api/quizzes/ HTTP/1.0" 200 0
INFO 2026-04-17 19:13:00,867 basehttp "GET /api/quizzes/ HTTP/1.0" 200 1846
INFO 2026-04-17 19:13:02,264 basehttp "OPTIONS /api/quizzes/01ee9e55-426e-4035-a0e8-dd7db59bbe5e/ HTTP/1.0" 200 0
INFO 2026-04-17 19:13:02,491 basehttp "GET /api/quizzes/01ee9e55-426e-4035-a0e8-dd7db59bbe5e/ HTTP/1.0" 200 1794
INFO 2026-04-17 19:13:02,669 basehttp "OPTIONS /api/quizzes/01ee9e55-426e-4035-a0e8-dd7db59bbe5e/ HTTP/1.0" 200 0
INFO 2026-04-17 19:13:02,912 basehttp "GET /api/quizzes/01ee9e55-426e-4035-a0e8-dd7db59bbe5e/ HTTP/1.0" 200 1794
INFO 2026-04-17 19:13:03,099 basehttp "GET /api/public/quiz/01ee9e55-426e-4035-a0e8-dd7db59bbe5e/leaderboard/ HTTP/1.0" 200 437
INFO 2026-04-17 19:15:54,797 basehttp "OPTIONS /api/quizzes/01ee9e55-426e-4035-a0e8-dd7db59bbe5e/ HTTP/1.0" 200 0
INFO 2026-04-17 19:15:54,996 basehttp "GET /api/quizzes/01ee9e55-426e-4035-a0e8-dd7db59bbe5e/ HTTP/1.0" 200 1794
INFO 2026-04-17 19:15:55,117 basehttp "OPTIONS /api/quizzes/01ee9e55-426e-4035-a0e8-dd7db59bbe5e/results/ HTTP/1.0" 200 0
INFO 2026-04-17 19:15:55,161 basehttp "GET /api/public/quiz/01ee9e55-426e-4035-a0e8-dd7db59bbe5e/leaderboard/ HTTP/1.0" 200 437
INFO 2026-04-17 19:15:55,456 basehttp "GET /api/quizzes/01ee9e55-426e-4035-a0e8-dd7db59bbe5e/results/ HTTP/1.0" 200 4232
INFO 2026-04-17 19:17:27,344 basehttp "OPTIONS /api/quizzes/01ee9e55-426e-4035-a0e8-dd7db59bbe5e/ HTTP/1.0" 200 0
INFO 2026-04-17 19:17:27,539 basehttp "GET /api/quizzes/01ee9e55-426e-4035-a0e8-dd7db59bbe5e/ HTTP/1.0" 200 1794
INFO 2026-04-17 19:17:27,662 basehttp "OPTIONS /api/quizzes/01ee9e55-426e-4035-a0e8-dd7db59bbe5e/results/ HTTP/1.0" 200 0
INFO 2026-04-17 19:17:27,702 basehttp "GET /api/public/quiz/01ee9e55-426e-4035-a0e8-dd7db59bbe5e/leaderboard/ HTTP/1.0" 200 437
INFO 2026-04-17 19:17:27,995 basehttp "GET /api/quizzes/01ee9e55-426e-4035-a0e8-dd7db59bbe5e/results/ HTTP/1.0" 200 4232
INFO 2026-04-17 19:17:41,890 basehttp "OPTIONS /api/quizzes/01ee9e55-426e-4035-a0e8-dd7db59bbe5e/ HTTP/1.0" 200 0
INFO 2026-04-17 19:17:42,023 basehttp "OPTIONS /api/quizzes/01ee9e55-426e-4035-a0e8-dd7db59bbe5e/results/ HTTP/1.0" 200 0
INFO 2026-04-17 19:17:42,085 basehttp "GET /api/public/quiz/01ee9e55-426e-4035-a0e8-dd7db59bbe5e/leaderboard/ HTTP/1.0" 200 437
INFO 2026-04-17 19:17:42,294 basehttp "GET /api/quizzes/01ee9e55-426e-4035-a0e8-dd7db59bbe5e/results/ HTTP/1.0" 200 4232
INFO 2026-04-17 19:17:43,359 basehttp "OPTIONS /api/quizzes/ HTTP/1.0" 200 0
INFO 2026-04-17 19:35:28,107 basehttp "OPTIONS /api/quizzes/ HTTP/1.0" 200 0
INFO 2026-04-17 19:35:28,330 basehttp "GET /api/quizzes/ HTTP/1.0" 200 1846
INFO 2026-04-17 19:35:45,673 basehttp "OPTIONS /api/auth/login/ HTTP/1.0" 200 0
INFO 2026-04-17 19:35:46,197 basehttp "POST /api/auth/login/ HTTP/1.0" 200 483
INFO 2026-04-17 19:35:46,884 basehttp "OPTIONS /api/quizzes/ HTTP/1.0" 200 0
INFO 2026-04-17 19:35:47,094 basehttp "GET /api/quizzes/ HTTP/1.0" 200 1846
INFO 2026-04-17 19:35:48,370 basehttp "OPTIONS /api/quizzes/01ee9e55-426e-4035-a0e8-dd7db59bbe5e/ HTTP/1.0" 200 0
INFO 2026-04-17 19:35:48,538 basehttp "GET /api/quizzes/01ee9e55-426e-4035-a0e8-dd7db59bbe5e/ HTTP/1.0" 200 1794
INFO 2026-04-17 19:35:48,695 basehttp "OPTIONS /api/quizzes/01ee9e55-426e-4035-a0e8-dd7db59bbe5e/ HTTP/1.0" 200 0
INFO 2026-04-17 19:35:48,873 basehttp "GET /api/quizzes/01ee9e55-426e-4035-a0e8-dd7db59bbe5e/ HTTP/1.0" 200 1794
INFO 2026-04-17 19:35:49,003 basehttp "OPTIONS /api/quizzes/01ee9e55-426e-4035-a0e8-dd7db59bbe5e/results/ HTTP/1.0" 200 0
INFO 2026-04-17 19:35:49,078 basehttp "GET /api/public/quiz/01ee9e55-426e-4035-a0e8-dd7db59bbe5e/leaderboard/ HTTP/1.0" 200 437
INFO 2026-04-17 19:35:49,344 basehttp "GET /api/quizzes/01ee9e55-426e-4035-a0e8-dd7db59bbe5e/results/ HTTP/1.0" 200 4232
INFO 2026-04-17 19:35:58,208 basehttp "OPTIONS /api/quizzes/01ee9e55-426e-4035-a0e8-dd7db59bbe5e/ HTTP/1.0" 200 0
INFO 2026-04-17 19:35:58,340 basehttp "OPTIONS /api/quizzes/01ee9e55-426e-4035-a0e8-dd7db59bbe5e/results/ HTTP/1.0" 200 0
INFO 2026-04-17 19:35:58,395 basehttp "GET /api/public/quiz/01ee9e55-426e-4035-a0e8-dd7db59bbe5e/leaderboard/ HTTP/1.0" 200 437
INFO 2026-04-17 19:35:58,614 basehttp "GET /api/quizzes/01ee9e55-426e-4035-a0e8-dd7db59bbe5e/results/ HTTP/1.0" 200 4232
INFO 2026-04-17 19:36:04,518 basehttp "OPTIONS /api/quizzes/ HTTP/1.0" 200 0
INFO 2026-04-17 19:36:11,899 basehttp "OPTIONS /api/topics/ HTTP/1.0" 200 0
INFO 2026-04-17 19:36:12,048 basehttp "GET /api/topics/ HTTP/1.0" 200 1131
INFO 2026-04-17 19:36:14,711 basehttp "OPTIONS /api/topics/null/ HTTP/1.0" 200 0
WARNING 2026-04-17 19:36:14,831 log Not Found: /api/topics/null/
WARNING 2026-04-17 19:36:14,832 basehttp "GET /api/topics/null/ HTTP/1.0" 404 179
INFO 2026-04-17 19:38:54,574 basehttp "OPTIONS /api/topics/510fe6b8-94e6-4a8c-8150-7eb830f5bde2/ HTTP/1.0" 200 0
INFO 2026-04-17 19:38:54,794 basehttp "GET /api/topics/510fe6b8-94e6-4a8c-8150-7eb830f5bde2/ HTTP/1.0" 200 1079
INFO 2026-04-17 19:38:54,958 basehttp "OPTIONS /api/quizzes/?topic_uuid=510fe6b8-94e6-4a8c-8150-7eb830f5bde2 HTTP/1.0" 200 0
INFO 2026-04-17 19:38:55,200 basehttp "GET /api/quizzes/?topic_uuid=510fe6b8-94e6-4a8c-8150-7eb830f5bde2 HTTP/1.0" 200 1846
INFO 2026-04-17 19:38:55,367 basehttp "OPTIONS /api/resources/?topic_uuid=510fe6b8-94e6-4a8c-8150-7eb830f5bde2 HTTP/1.0" 200 0
INFO 2026-04-17 19:38:55,597 basehttp "GET /api/resources/?topic_uuid=510fe6b8-94e6-4a8c-8150-7eb830f5bde2 HTTP/1.0" 200 828
INFO 2026-04-17 19:38:59,797 basehttp "OPTIONS /api/topics/510fe6b8-94e6-4a8c-8150-7eb830f5bde2/ HTTP/1.0" 200 0
INFO 2026-04-17 19:38:59,968 basehttp "OPTIONS /api/quizzes/?topic_uuid=510fe6b8-94e6-4a8c-8150-7eb830f5bde2 HTTP/1.0" 200 0
INFO 2026-04-17 19:39:00,292 basehttp "GET /api/quizzes/?topic_uuid=510fe6b8-94e6-4a8c-8150-7eb830f5bde2 HTTP/1.0" 200 1846
INFO 2026-04-17 19:39:00,463 basehttp "OPTIONS /api/resources/?topic_uuid=510fe6b8-94e6-4a8c-8150-7eb830f5bde2 HTTP/1.0" 200 0
INFO 2026-04-17 19:39:01,059 basehttp "GET /api/resources/?topic_uuid=510fe6b8-94e6-4a8c-8150-7eb830f5bde2 HTTP/1.0" 200 828
INFO 2026-04-17 19:39:06,593 basehttp "OPTIONS /api/resources/3577a4de-b27e-4f54-9338-9658aa604b8d/ HTTP/1.0" 200 0
INFO 2026-04-17 19:39:06,842 basehttp "DELETE /api/resources/3577a4de-b27e-4f54-9338-9658aa604b8d/ HTTP/1.0" 204 0
INFO 2026-04-17 19:39:09,862 basehttp "OPTIONS /api/topics/510fe6b8-94e6-4a8c-8150-7eb830f5bde2/ HTTP/1.0" 200 0
INFO 2026-04-17 19:39:10,197 basehttp "GET /api/topics/510fe6b8-94e6-4a8c-8150-7eb830f5bde2/ HTTP/1.0" 200 686
INFO 2026-04-17 19:39:10,373 basehttp "OPTIONS /api/quizzes/?topic_uuid=510fe6b8-94e6-4a8c-8150-7eb830f5bde2 HTTP/1.0" 200 0
INFO 2026-04-17 19:39:10,959 basehttp "GET /api/quizzes/?topic_uuid=510fe6b8-94e6-4a8c-8150-7eb830f5bde2 HTTP/1.0" 200 1846
INFO 2026-04-17 19:39:11,129 basehttp "OPTIONS /api/resources/?topic_uuid=510fe6b8-94e6-4a8c-8150-7eb830f5bde2 HTTP/1.0" 200 0
INFO 2026-04-17 19:39:11,388 basehttp "GET /api/resources/?topic_uuid=510fe6b8-94e6-4a8c-8150-7eb830f5bde2 HTTP/1.0" 200 435
INFO 2026-04-17 19:39:22,029 basehttp "OPTIONS /api/topics/ HTTP/1.0" 200 0
INFO 2026-04-17 19:39:23,663 basehttp "OPTIONS /api/quizzes/ HTTP/1.0" 200 0
INFO 2026-04-17 19:39:23,888 basehttp "GET /api/quizzes/ HTTP/1.0" 200 1846
INFO 2026-04-17 19:39:26,170 basehttp "OPTIONS /api/quizzes/01ee9e55-426e-4035-a0e8-dd7db59bbe5e/ HTTP/1.0" 200 0
INFO 2026-04-17 19:39:26,367 basehttp "GET /api/quizzes/01ee9e55-426e-4035-a0e8-dd7db59bbe5e/ HTTP/1.0" 200 1794
INFO 2026-04-17 19:39:26,566 basehttp "OPTIONS /api/quizzes/01ee9e55-426e-4035-a0e8-dd7db59bbe5e/ HTTP/1.0" 200 0
INFO 2026-04-17 19:39:26,779 basehttp "GET /api/quizzes/01ee9e55-426e-4035-a0e8-dd7db59bbe5e/ HTTP/1.0" 200 1794
INFO 2026-04-17 19:39:26,944 basehttp "OPTIONS /api/quizzes/01ee9e55-426e-4035-a0e8-dd7db59bbe5e/results/ HTTP/1.0" 200 0
INFO 2026-04-17 19:39:26,975 basehttp "GET /api/public/quiz/01ee9e55-426e-4035-a0e8-dd7db59bbe5e/leaderboard/ HTTP/1.0" 200 437
INFO 2026-04-17 19:39:27,269 basehttp "GET /api/quizzes/01ee9e55-426e-4035-a0e8-dd7db59bbe5e/results/ HTTP/1.0" 200 4232
INFO 2026-04-17 19:39:30,928 basehttp "OPTIONS /api/quizzes/ HTTP/1.0" 200 0
INFO 2026-04-17 19:39:34,634 basehttp "OPTIONS /api/topics/ HTTP/1.0" 200 0
INFO 2026-04-17 19:39:39,205 basehttp "OPTIONS /api/topics/510fe6b8-94e6-4a8c-8150-7eb830f5bde2/ HTTP/1.0" 200 0
INFO 2026-04-17 19:39:39,425 basehttp "GET /api/topics/510fe6b8-94e6-4a8c-8150-7eb830f5bde2/ HTTP/1.0" 200 686
INFO 2026-04-17 19:39:39,597 basehttp "OPTIONS /api/quizzes/?topic_uuid=510fe6b8-94e6-4a8c-8150-7eb830f5bde2 HTTP/1.0" 200 0
INFO 2026-04-17 19:39:39,830 basehttp "GET /api/quizzes/?topic_uuid=510fe6b8-94e6-4a8c-8150-7eb830f5bde2 HTTP/1.0" 200 1846
INFO 2026-04-17 19:39:39,997 basehttp "OPTIONS /api/resources/?topic_uuid=510fe6b8-94e6-4a8c-8150-7eb830f5bde2 HTTP/1.0" 200 0
INFO 2026-04-17 19:39:40,238 basehttp "GET /api/resources/?topic_uuid=510fe6b8-94e6-4a8c-8150-7eb830f5bde2 HTTP/1.0" 200 435
INFO 2026-04-17 19:39:40,652 basehttp "OPTIONS /api/subjects/?page=1 HTTP/1.0" 200 0
INFO 2026-04-17 19:39:40,883 basehttp "GET /api/subjects/?page=1 HTTP/1.0" 200 1860
INFO 2026-04-17 19:39:48,475 basehttp "OPTIONS /api/topics/?subject_uuid=c4032405-46dd-4e9d-b035-d353d6994f37 HTTP/1.0" 200 0
INFO 2026-04-17 19:39:48,741 basehttp "GET /api/topics/?subject_uuid=c4032405-46dd-4e9d-b035-d353d6994f37 HTTP/1.0" 200 52
INFO 2026-04-17 19:39:50,982 basehttp "OPTIONS /api/topics/?subject_uuid=e25c9638-60d0-462d-8f5d-4f6e50a819b9 HTTP/1.0" 200 0
INFO 2026-04-17 19:39:51,265 basehttp "GET /api/topics/?subject_uuid=e25c9638-60d0-462d-8f5d-4f6e50a819b9 HTTP/1.0" 200 738
INFO 2026-04-17 19:48:14,346 basehttp "OPTIONS /api/subjects/?page=1 HTTP/1.0" 200 0
INFO 2026-04-17 19:48:14,598 basehttp "GET /api/subjects/?page=1 HTTP/1.0" 200 1860
INFO 2026-04-17 19:48:16,535 basehttp "OPTIONS /api/subjects/?page=1 HTTP/1.0" 200 0
INFO 2026-04-17 19:48:16,745 basehttp "OPTIONS /api/subjects/?page=1 HTTP/1.0" 200 0
INFO 2026-04-17 19:48:16,816 basehttp "OPTIONS /api/subjects/?page=1 HTTP/1.0" 200 0
INFO 2026-04-17 19:48:16,944 basehttp "OPTIONS /api/subjects/?page=1 HTTP/1.0" 200 0
INFO 2026-04-17 19:48:17,124 basehttp "OPTIONS /api/subjects/?page=1 HTTP/1.0" 200 0
INFO 2026-04-17 19:48:17,257 basehttp "OPTIONS /api/subjects/?page=1 HTTP/1.0" 200 0
INFO 2026-04-17 19:48:17,345 basehttp "OPTIONS /api/subjects/?page=1 HTTP/1.0" 200 0
INFO 2026-04-17 19:48:17,610 basehttp "GET /api/subjects/?page=1 HTTP/1.0" 200 1860
INFO 2026-04-17 19:48:48,046 basehttp "OPTIONS /api/auth/me/ HTTP/1.0" 200 0
WARNING 2026-04-17 19:48:48,251 log Not Found: /api/auth/me/
WARNING 2026-04-17 19:48:48,252 basehttp "GET /api/auth/me/ HTTP/1.0" 404 179
INFO 2026-04-17 19:48:50,694 basehttp "OPTIONS /api/subjects/ HTTP/1.0" 200 0
INFO 2026-04-17 19:48:50,974 basehttp "GET /api/subjects/ HTTP/1.0" 200 1860
INFO 2026-04-17 19:48:58,431 basehttp "OPTIONS /api/auth/me/ HTTP/1.0" 200 0
INFO 2026-04-17 19:49:00,960 basehttp "OPTIONS /api/statistics/quiz-reports/ HTTP/1.0" 200 0
WARNING 2026-04-17 19:49:01,132 log Not Found: /api/statistics/quiz-reports/
WARNING 2026-04-17 19:49:01,138 basehttp "GET /api/statistics/quiz-reports/ HTTP/1.0" 404 179
INFO 2026-04-17 19:49:05,538 basehttp "OPTIONS /api/subjects/ HTTP/1.0" 200 0
INFO 2026-04-17 19:49:05,824 basehttp "GET /api/subjects/ HTTP/1.0" 200 1860
INFO 2026-04-17 19:49:10,114 basehttp "OPTIONS /api/auth/me/ HTTP/1.0" 200 0
INFO 2026-04-17 19:49:15,332 basehttp "OPTIONS /api/auth/me/ HTTP/1.0" 200 0
WARNING 2026-04-17 19:49:15,542 log Not Found: /api/auth/me/
WARNING 2026-04-17 19:49:15,543 basehttp "GET /api/auth/me/ HTTP/1.0" 404 179
INFO 2026-04-17 19:49:29,145 basehttp "OPTIONS /api/auth/login/ HTTP/1.0" 200 0
INFO 2026-04-17 19:49:29,890 basehttp "POST /api/auth/login/ HTTP/1.0" 200 483
INFO 2026-04-17 19:49:30,656 basehttp "OPTIONS /api/quizzes/ HTTP/1.0" 200 0
INFO 2026-04-17 19:49:30,929 basehttp "GET /api/quizzes/ HTTP/1.0" 200 1846
INFO 2026-04-17 19:49:32,218 basehttp "OPTIONS /api/quizzes/01ee9e55-426e-4035-a0e8-dd7db59bbe5e/ HTTP/1.0" 200 0
INFO 2026-04-17 19:49:32,481 basehttp "GET /api/quizzes/01ee9e55-426e-4035-a0e8-dd7db59bbe5e/ HTTP/1.0" 200 1794
INFO 2026-04-17 19:49:32,728 basehttp "OPTIONS /api/quizzes/01ee9e55-426e-4035-a0e8-dd7db59bbe5e/ HTTP/1.0" 200 0
INFO 2026-04-17 19:49:32,931 basehttp "GET /api/quizzes/01ee9e55-426e-4035-a0e8-dd7db59bbe5e/ HTTP/1.0" 200 1794
INFO 2026-04-17 19:49:33,080 basehttp "OPTIONS /api/quizzes/01ee9e55-426e-4035-a0e8-dd7db59bbe5e/results/ HTTP/1.0" 200 0
INFO 2026-04-17 19:49:33,134 basehttp "GET /api/public/quiz/01ee9e55-426e-4035-a0e8-dd7db59bbe5e/leaderboard/ HTTP/1.0" 200 437
INFO 2026-04-17 19:49:33,421 basehttp "GET /api/quizzes/01ee9e55-426e-4035-a0e8-dd7db59bbe5e/results/ HTTP/1.0" 200 4232
INFO 2026-04-17 19:49:36,868 basehttp "OPTIONS /api/quizzes/ HTTP/1.0" 200 0
INFO 2026-04-17 19:49:44,212 basehttp "OPTIONS /api/topics/ HTTP/1.0" 200 0
INFO 2026-04-17 19:49:44,446 basehttp "GET /api/topics/ HTTP/1.0" 200 738
INFO 2026-04-17 19:49:45,396 basehttp "OPTIONS /api/topics/510fe6b8-94e6-4a8c-8150-7eb830f5bde2/ HTTP/1.0" 200 0
INFO 2026-04-17 19:49:45,640 basehttp "GET /api/topics/510fe6b8-94e6-4a8c-8150-7eb830f5bde2/ HTTP/1.0" 200 686
INFO 2026-04-17 19:49:45,839 basehttp "OPTIONS /api/quizzes/?topic_uuid=510fe6b8-94e6-4a8c-8150-7eb830f5bde2 HTTP/1.0" 200 0
INFO 2026-04-17 19:49:46,093 basehttp "GET /api/quizzes/?topic_uuid=510fe6b8-94e6-4a8c-8150-7eb830f5bde2 HTTP/1.0" 200 1846
INFO 2026-04-17 19:49:46,295 basehttp "OPTIONS /api/resources/?topic_uuid=510fe6b8-94e6-4a8c-8150-7eb830f5bde2 HTTP/1.0" 200 0
INFO 2026-04-17 19:49:46,545 basehttp "GET /api/resources/?topic_uuid=510fe6b8-94e6-4a8c-8150-7eb830f5bde2 HTTP/1.0" 200 435
INFO 2026-04-17 19:49:50,157 basehttp "OPTIONS /api/subjects/?page=1 HTTP/1.0" 200 0
INFO 2026-04-17 19:49:50,422 basehttp "GET /api/subjects/?page=1 HTTP/1.0" 200 1860
INFO 2026-04-17 19:49:58,718 basehttp "OPTIONS /api/topics/?subject_uuid=e25c9638-60d0-462d-8f5d-4f6e50a819b9 HTTP/1.0" 200 0
INFO 2026-04-17 19:49:58,988 basehttp "GET /api/topics/?subject_uuid=e25c9638-60d0-462d-8f5d-4f6e50a819b9 HTTP/1.0" 200 738
INFO 2026-04-17 19:55:56,624 basehttp "OPTIONS /api/auth/login/ HTTP/1.0" 200 0
INFO 2026-04-17 19:55:57,554 basehttp "POST /api/auth/login/ HTTP/1.0" 200 483
INFO 2026-04-17 19:55:58,254 basehttp "OPTIONS /api/quizzes/ HTTP/1.0" 200 0
INFO 2026-04-17 19:55:58,483 basehttp "GET /api/quizzes/ HTTP/1.0" 200 1846
INFO 2026-04-17 19:55:59,762 basehttp "OPTIONS /api/quizzes/01ee9e55-426e-4035-a0e8-dd7db59bbe5e/ HTTP/1.0" 200 0
INFO 2026-04-17 19:55:59,966 basehttp "GET /api/quizzes/01ee9e55-426e-4035-a0e8-dd7db59bbe5e/ HTTP/1.0" 200 1794
INFO 2026-04-17 19:56:00,163 basehttp "OPTIONS /api/quizzes/01ee9e55-426e-4035-a0e8-dd7db59bbe5e/ HTTP/1.0" 200 0
INFO 2026-04-17 19:56:00,431 basehttp "GET /api/quizzes/01ee9e55-426e-4035-a0e8-dd7db59bbe5e/ HTTP/1.0" 200 1794
INFO 2026-04-17 19:56:00,568 basehttp "OPTIONS /api/quizzes/01ee9e55-426e-4035-a0e8-dd7db59bbe5e/results/ HTTP/1.0" 200 0
INFO 2026-04-17 19:56:00,754 basehttp "GET /api/public/quiz/01ee9e55-426e-4035-a0e8-dd7db59bbe5e/leaderboard/ HTTP/1.0" 200 437
INFO 2026-04-17 19:56:01,016 basehttp "GET /api/quizzes/01ee9e55-426e-4035-a0e8-dd7db59bbe5e/results/ HTTP/1.0" 200 4232
INFO 2026-04-17 19:56:02,869 basehttp "OPTIONS /api/quizzes/ HTTP/1.0" 200 0
INFO 2026-04-17 19:56:03,940 basehttp "OPTIONS /api/topics/ HTTP/1.0" 200 0
INFO 2026-04-17 19:56:04,171 basehttp "GET /api/topics/ HTTP/1.0" 200 738
INFO 2026-04-17 19:56:04,933 basehttp "OPTIONS /api/topics/510fe6b8-94e6-4a8c-8150-7eb830f5bde2/ HTTP/1.0" 200 0
INFO 2026-04-17 19:56:05,129 basehttp "GET /api/topics/510fe6b8-94e6-4a8c-8150-7eb830f5bde2/ HTTP/1.0" 200 686
INFO 2026-04-17 19:56:05,249 basehttp "OPTIONS /api/quizzes/?topic_uuid=510fe6b8-94e6-4a8c-8150-7eb830f5bde2 HTTP/1.0" 200 0
INFO 2026-04-17 19:56:05,440 basehttp "GET /api/quizzes/?topic_uuid=510fe6b8-94e6-4a8c-8150-7eb830f5bde2 HTTP/1.0" 200 1846
INFO 2026-04-17 19:56:05,562 basehttp "OPTIONS /api/resources/?topic_uuid=510fe6b8-94e6-4a8c-8150-7eb830f5bde2 HTTP/1.0" 200 0
INFO 2026-04-17 19:56:05,734 basehttp "GET /api/resources/?topic_uuid=510fe6b8-94e6-4a8c-8150-7eb830f5bde2 HTTP/1.0" 200 435
INFO 2026-04-17 19:56:08,989 basehttp "OPTIONS /api/quizzes/01ee9e55-426e-4035-a0e8-dd7db59bbe5e/ HTTP/1.0" 200 0
INFO 2026-04-17 19:56:09,200 basehttp "GET /api/quizzes/01ee9e55-426e-4035-a0e8-dd7db59bbe5e/ HTTP/1.0" 200 1794
INFO 2026-04-17 19:56:09,333 basehttp "OPTIONS /api/subjects/?page=1 HTTP/1.0" 200 0
INFO 2026-04-17 19:56:09,574 basehttp "GET /api/subjects/?page=1 HTTP/1.0" 200 1860
INFO 2026-04-17 19:56:16,459 basehttp "OPTIONS /api/auth/me/ HTTP/1.0" 200 0
WARNING 2026-04-17 19:56:16,578 log Not Found: /api/auth/me/
WARNING 2026-04-17 19:56:16,579 basehttp "GET /api/auth/me/ HTTP/1.0" 404 179
INFO 2026-04-17 19:56:18,224 basehttp "OPTIONS /api/subjects/ HTTP/1.0" 200 0
INFO 2026-04-17 19:56:18,403 basehttp "GET /api/subjects/ HTTP/1.0" 200 1860
INFO 2026-04-17 20:06:27,308 basehttp "OPTIONS /api/auth/login/ HTTP/1.0" 200 0
INFO 2026-04-17 20:06:27,871 basehttp "POST /api/auth/login/ HTTP/1.0" 200 483
INFO 2026-04-17 20:06:27,994 basehttp "OPTIONS /api/subjects/?limit=50 HTTP/1.0" 200 0
INFO 2026-04-17 20:06:28,277 basehttp "GET /api/subjects/?limit=50 HTTP/1.0" 200 1860
INFO 2026-04-17 20:06:30,886 basehttp "OPTIONS /api/topics/?subject_uuid=e25c9638-60d0-462d-8f5d-4f6e50a819b9&ordering=order&limit=100 HTTP/1.0" 200 0
INFO 2026-04-17 20:06:31,077 basehttp "GET /api/topics/?subject_uuid=e25c9638-60d0-462d-8f5d-4f6e50a819b9&ordering=order&limit=100 HTTP/1.0" 200 738
INFO 2026-04-17 20:06:34,839 basehttp "OPTIONS /api/subjects/?limit=100 HTTP/1.0" 200 0
INFO 2026-04-17 20:06:35,019 basehttp "GET /api/subjects/?limit=100 HTTP/1.0" 200 1860
INFO 2026-04-17 20:06:35,141 basehttp "OPTIONS /api/topics/?limit=200 HTTP/1.0" 200 0
INFO 2026-04-17 20:06:35,335 basehttp "GET /api/topics/?limit=200 HTTP/1.0" 200 738
INFO 2026-04-17 20:06:35,454 basehttp "OPTIONS /api/quizzes/?topic_uuid=510fe6b8-94e6-4a8c-8150-7eb830f5bde2&limit=50 HTTP/1.0" 200 0
INFO 2026-04-17 20:06:35,683 basehttp "GET /api/quizzes/?topic_uuid=510fe6b8-94e6-4a8c-8150-7eb830f5bde2&limit=50 HTTP/1.0" 200 1846
INFO 2026-04-17 20:06:47,864 basehttp "OPTIONS /api/topics/?limit=200 HTTP/1.0" 200 0
INFO 2026-04-17 20:06:48,144 basehttp "GET /api/topics/?limit=200 HTTP/1.0" 200 738
INFO 2026-04-17 20:06:48,270 basehttp "OPTIONS /api/quizzes/?topic_uuid=510fe6b8-94e6-4a8c-8150-7eb830f5bde2&limit=50 HTTP/1.0" 200 0
INFO 2026-04-17 20:06:48,472 basehttp "GET /api/quizzes/?topic_uuid=510fe6b8-94e6-4a8c-8150-7eb830f5bde2&limit=50 HTTP/1.0" 200 1846
WARNING 2026-04-17 20:06:50,835 log Not Found: /ws/leaderboard/01ee9e55-426e-4035-a0e8-dd7db59bbe5e/
WARNING 2026-04-17 20:06:50,837 basehttp "GET /ws/leaderboard/01ee9e55-426e-4035-a0e8-dd7db59bbe5e/ HTTP/1.1" 404 179
INFO 2026-04-17 20:06:57,931 basehttp "OPTIONS /api/topics/?subject_uuid=e25c9638-60d0-462d-8f5d-4f6e50a819b9&ordering=order&limit=100 HTTP/1.0" 200 0
INFO 2026-04-17 20:06:58,108 basehttp "GET /api/topics/?subject_uuid=e25c9638-60d0-462d-8f5d-4f6e50a819b9&ordering=order&limit=100 HTTP/1.0" 200 738
INFO 2026-04-17 20:07:09,904 basehttp "OPTIONS /api/topics/ HTTP/1.0" 200 0
WARNING 2026-04-17 20:07:10,052 log Bad Request: /api/topics/
WARNING 2026-04-17 20:07:10,053 basehttp "POST /api/topics/ HTTP/1.0" 400 64
WARNING 2026-04-17 21:40:21,964 log Not Found: /
WARNING 2026-04-17 21:40:21,970 basehttp "GET / HTTP/1.0" 404 179
WARNING 2026-04-18 02:22:17,768 log Not Found: /.env
WARNING 2026-04-18 02:22:17,774 basehttp "GET /.env HTTP/1.0" 404 179
WARNING 2026-04-18 13:03:25,062 log Not Found: /
WARNING 2026-04-18 13:03:25,077 basehttp "GET / HTTP/1.0" 404 179
WARNING 2026-04-18 13:03:29,114 log Not Found: /favicon.ico
WARNING 2026-04-18 13:03:29,129 basehttp "GET /favicon.ico HTTP/1.0" 404 179
WARNING 2026-04-18 13:09:36,545 log Not Found: /
WARNING 2026-04-18 13:09:36,548 basehttp "GET / HTTP/1.0" 404 179
WARNING 2026-04-18 13:09:36,662 log Not Found: /wp-includes/wlwmanifest.xml
WARNING 2026-04-18 13:09:36,664 basehttp "GET //wp-includes/wlwmanifest.xml HTTP/1.0" 404 179
WARNING 2026-04-18 13:09:36,773 log Not Found: /xmlrpc.php
WARNING 2026-04-18 13:09:36,775 basehttp "GET //xmlrpc.php?rsd HTTP/1.0" 404 179
WARNING 2026-04-18 13:09:36,923 log Not Found: /
WARNING 2026-04-18 13:09:36,929 basehttp "GET / HTTP/1.0" 404 179
WARNING 2026-04-18 13:09:37,037 log Not Found: /blog/wp-includes/wlwmanifest.xml
WARNING 2026-04-18 13:09:37,039 basehttp "GET //blog/wp-includes/wlwmanifest.xml HTTP/1.0" 404 179
WARNING 2026-04-18 13:09:37,155 log Not Found: /web/wp-includes/wlwmanifest.xml
WARNING 2026-04-18 13:09:37,156 basehttp "GET //web/wp-includes/wlwmanifest.xml HTTP/1.0" 404 179
WARNING 2026-04-18 13:09:37,267 log Not Found: /wordpress/wp-includes/wlwmanifest.xml
WARNING 2026-04-18 13:09:37,268 basehttp "GET //wordpress/wp-includes/wlwmanifest.xml HTTP/1.0" 404 179
WARNING 2026-04-18 13:09:37,379 log Not Found: /website/wp-includes/wlwmanifest.xml
WARNING 2026-04-18 13:09:37,381 basehttp "GET //website/wp-includes/wlwmanifest.xml HTTP/1.0" 404 179
WARNING 2026-04-18 13:09:37,492 log Not Found: /wp/wp-includes/wlwmanifest.xml
WARNING 2026-04-18 13:09:37,493 basehttp "GET //wp/wp-includes/wlwmanifest.xml HTTP/1.0" 404 179
WARNING 2026-04-18 13:09:37,603 log Not Found: /news/wp-includes/wlwmanifest.xml
WARNING 2026-04-18 13:09:37,605 basehttp "GET //news/wp-includes/wlwmanifest.xml HTTP/1.0" 404 179
WARNING 2026-04-18 13:09:37,714 log Not Found: /2018/wp-includes/wlwmanifest.xml
WARNING 2026-04-18 13:09:37,716 basehttp "GET //2018/wp-includes/wlwmanifest.xml HTTP/1.0" 404 179
WARNING 2026-04-18 13:09:37,825 log Not Found: /2019/wp-includes/wlwmanifest.xml
WARNING 2026-04-18 13:09:37,826 basehttp "GET //2019/wp-includes/wlwmanifest.xml HTTP/1.0" 404 179
WARNING 2026-04-18 13:09:37,933 log Not Found: /shop/wp-includes/wlwmanifest.xml
WARNING 2026-04-18 13:09:37,934 basehttp "GET //shop/wp-includes/wlwmanifest.xml HTTP/1.0" 404 179
WARNING 2026-04-18 13:09:38,046 log Not Found: /wp1/wp-includes/wlwmanifest.xml
WARNING 2026-04-18 13:09:38,047 basehttp "GET //wp1/wp-includes/wlwmanifest.xml HTTP/1.0" 404 179
WARNING 2026-04-18 13:09:38,155 log Not Found: /test/wp-includes/wlwmanifest.xml
WARNING 2026-04-18 13:09:38,156 basehttp "GET //test/wp-includes/wlwmanifest.xml HTTP/1.0" 404 179
WARNING 2026-04-18 13:09:38,387 log Not Found: /wp2/wp-includes/wlwmanifest.xml
WARNING 2026-04-18 13:09:38,388 basehttp "GET //wp2/wp-includes/wlwmanifest.xml HTTP/1.0" 404 179
WARNING 2026-04-18 13:09:38,498 log Not Found: /site/wp-includes/wlwmanifest.xml
WARNING 2026-04-18 13:09:38,499 basehttp "GET //site/wp-includes/wlwmanifest.xml HTTP/1.0" 404 179
WARNING 2026-04-18 13:09:38,608 log Not Found: /cms/wp-includes/wlwmanifest.xml
WARNING 2026-04-18 13:09:38,609 basehttp "GET //cms/wp-includes/wlwmanifest.xml HTTP/1.0" 404 179
WARNING 2026-04-18 13:09:38,718 log Not Found: /sito/wp-includes/wlwmanifest.xml
WARNING 2026-04-18 13:09:38,719 basehttp "GET //sito/wp-includes/wlwmanifest.xml HTTP/1.0" 404 179
INFO 2026-04-18 16:45:13,551 basehttp "GET /admin/auth/user/ HTTP/1.0" 200 12021
WARNING 2026-04-18 16:45:14,227 log Not Found: /favicon.ico
WARNING 2026-04-18 16:45:14,228 basehttp "GET /favicon.ico HTTP/1.0" 404 179
INFO 2026-04-18 16:57:47,216 basehttp "POST /api/auth/login/ HTTP/1.0" 200 483
INFO 2026-04-18 16:59:23,725 basehttp "POST /api/auth/refresh/ HTTP/1.0" 200 483
INFO 2026-04-18 17:03:13,218 basehttp "GET /api/subjects/ HTTP/1.0" 200 1860
WARNING 2026-04-18 17:07:05,665 log Unauthorized: /api/subjects/
WARNING 2026-04-18 17:07:05,665 basehttp "POST /api/subjects/ HTTP/1.0" 401 58
WARNING 2026-04-18 17:07:15,547 log Bad Request: /api/subjects/
WARNING 2026-04-18 17:07:15,547 basehttp "POST /api/subjects/ HTTP/1.0" 400 54
INFO 2026-04-18 17:07:26,140 basehttp "POST /api/subjects/ HTTP/1.0" 201 337
INFO 2026-04-18 17:42:10,530 basehttp "GET /api/subjects/f4eff948-fc72-49c5-bb14-c13e919845c6/ HTTP/1.0" 200 372
INFO 2026-04-18 17:50:12,584 basehttp "OPTIONS /api/auth/login/ HTTP/1.0" 200 0
INFO 2026-04-18 17:50:13,186 basehttp "POST /api/auth/login/ HTTP/1.0" 200 483
INFO 2026-04-18 17:50:21,290 basehttp "OPTIONS /api/subjects/ HTTP/1.0" 200 0
INFO 2026-04-18 17:50:21,469 basehttp "GET /api/subjects/ HTTP/1.0" 200 2233
INFO 2026-04-18 17:50:37,619 basehttp "POST /api/subjects/ HTTP/1.0" 201 314
INFO 2026-04-18 17:51:03,728 basehttp "GET /api/subjects/ HTTP/1.0" 200 2583
INFO 2026-04-18 17:54:31,554 basehttp "PUT /api/subjects/f4eff948-fc72-49c5-bb14-c13e919845c6/ HTTP/1.0" 200 378
INFO 2026-04-18 17:55:42,389 basehttp "DELETE /api/subjects/8b3dfd96-66f2-4b1a-91a3-93484294498e/ HTTP/1.0" 204 0
WARNING 2026-04-18 17:56:55,239 log Not Found: /api/subjects/f4eff948-fc72-49c5-bb14-c13e919845c6/stats
WARNING 2026-04-18 17:56:55,240 basehttp "GET /api/subjects/f4eff948-fc72-49c5-bb14-c13e919845c6/stats HTTP/1.0" 404 179
INFO 2026-04-18 17:57:41,345 basehttp "GET /api/subjects/f4eff948-fc72-49c5-bb14-c13e919845c6/stats/ HTTP/1.0" 200 89
INFO 2026-04-18 18:02:52,641 basehttp "GET /api/subjects/ HTTP/1.0" 200 2239
INFO 2026-04-18 18:02:59,612 basehttp "GET /api/subjects/ HTTP/1.0" 200 2239
INFO 2026-04-18 18:04:48,801 basehttp "GET /api/subjects/ HTTP/1.0" 200 2239
INFO 2026-04-18 18:05:04,112 basehttp "OPTIONS /api/subjects/f4eff948-fc72-49c5-bb14-c13e919845c6/ HTTP/1.0" 200 0
INFO 2026-04-18 18:05:04,120 basehttp "OPTIONS /api/subjects/f4eff948-fc72-49c5-bb14-c13e919845c6/stats/ HTTP/1.0" 200 0
INFO 2026-04-18 18:05:04,127 basehttp "OPTIONS /api/subjects/f4eff948-fc72-49c5-bb14-c13e919845c6/ HTTP/1.0" 200 0
INFO 2026-04-18 18:05:04,136 basehttp "OPTIONS /api/subjects/f4eff948-fc72-49c5-bb14-c13e919845c6/stats/ HTTP/1.0" 200 0
INFO 2026-04-18 18:05:04,363 basehttp "GET /api/subjects/f4eff948-fc72-49c5-bb14-c13e919845c6/ HTTP/1.0" 200 378
INFO 2026-04-18 18:05:04,379 basehttp "GET /api/subjects/f4eff948-fc72-49c5-bb14-c13e919845c6/stats/ HTTP/1.0" 200 89
INFO 2026-04-18 18:05:04,534 basehttp "GET /api/subjects/f4eff948-fc72-49c5-bb14-c13e919845c6/ HTTP/1.0" 200 378
INFO 2026-04-18 18:05:04,578 basehttp "GET /api/subjects/f4eff948-fc72-49c5-bb14-c13e919845c6/stats/ HTTP/1.0" 200 89
INFO 2026-04-18 18:05:09,376 basehttp "GET /api/subjects/ HTTP/1.0" 200 2239
INFO 2026-04-18 18:05:09,572 basehttp "GET /api/subjects/ HTTP/1.0" 200 2239
INFO 2026-04-18 18:05:37,611 basehttp "OPTIONS /api/subjects/e25c9638-60d0-462d-8f5d-4f6e50a819b9/ HTTP/1.0" 200 0
INFO 2026-04-18 18:05:37,862 basehttp "DELETE /api/subjects/e25c9638-60d0-462d-8f5d-4f6e50a819b9/ HTTP/1.0" 204 0
INFO 2026-04-18 18:05:48,142 basehttp "PUT /api/subjects/f4eff948-fc72-49c5-bb14-c13e919845c6/ HTTP/1.0" 200 384
INFO 2026-04-18 18:07:41,424 basehttp "OPTIONS /api/subjects/1c991b13-0009-478b-bf7b-e53b27479f26/ HTTP/1.0" 200 0
INFO 2026-04-18 18:07:41,427 basehttp "OPTIONS /api/subjects/1c991b13-0009-478b-bf7b-e53b27479f26/ HTTP/1.0" 200 0
INFO 2026-04-18 18:07:41,432 basehttp "OPTIONS /api/subjects/1c991b13-0009-478b-bf7b-e53b27479f26/stats/ HTTP/1.0" 200 0
INFO 2026-04-18 18:07:41,434 basehttp "OPTIONS /api/subjects/1c991b13-0009-478b-bf7b-e53b27479f26/stats/ HTTP/1.0" 200 0
INFO 2026-04-18 18:07:41,584 basehttp "GET /api/subjects/1c991b13-0009-478b-bf7b-e53b27479f26/ HTTP/1.0" 200 361
INFO 2026-04-18 18:07:41,598 basehttp "GET /api/subjects/1c991b13-0009-478b-bf7b-e53b27479f26/stats/ HTTP/1.0" 200 89
INFO 2026-04-18 18:07:41,735 basehttp "GET /api/subjects/1c991b13-0009-478b-bf7b-e53b27479f26/ HTTP/1.0" 200 361
INFO 2026-04-18 18:07:41,755 basehttp "GET /api/subjects/1c991b13-0009-478b-bf7b-e53b27479f26/stats/ HTTP/1.0" 200 89
INFO 2026-04-18 18:07:43,471 basehttp "GET /api/subjects/ HTTP/1.0" 200 1880
INFO 2026-04-18 18:07:43,632 basehttp "GET /api/subjects/ HTTP/1.0" 200 1880
INFO 2026-04-18 18:07:44,972 basehttp "OPTIONS /api/subjects/720ed935-5421-468c-97ac-36ca37f81c7f/ HTTP/1.0" 200 0
INFO 2026-04-18 18:07:44,972 basehttp "OPTIONS /api/subjects/720ed935-5421-468c-97ac-36ca37f81c7f/stats/ HTTP/1.0" 200 0
INFO 2026-04-18 18:07:44,974 basehttp "OPTIONS /api/subjects/720ed935-5421-468c-97ac-36ca37f81c7f/ HTTP/1.0" 200 0
INFO 2026-04-18 18:07:44,976 basehttp "OPTIONS /api/subjects/720ed935-5421-468c-97ac-36ca37f81c7f/stats/ HTTP/1.0" 200 0
INFO 2026-04-18 18:07:45,127 basehttp "GET /api/subjects/720ed935-5421-468c-97ac-36ca37f81c7f/ HTTP/1.0" 200 353
INFO 2026-04-18 18:07:45,136 basehttp "GET /api/subjects/720ed935-5421-468c-97ac-36ca37f81c7f/stats/ HTTP/1.0" 200 89
INFO 2026-04-18 18:07:45,280 basehttp "GET /api/subjects/720ed935-5421-468c-97ac-36ca37f81c7f/ HTTP/1.0" 200 353
INFO 2026-04-18 18:07:45,301 basehttp "GET /api/subjects/720ed935-5421-468c-97ac-36ca37f81c7f/stats/ HTTP/1.0" 200 89
INFO 2026-04-18 18:07:46,390 basehttp "GET /api/subjects/ HTTP/1.0" 200 1880
INFO 2026-04-18 18:07:46,560 basehttp "GET /api/subjects/ HTTP/1.0" 200 1880
INFO 2026-04-18 18:07:49,341 basehttp "OPTIONS /api/subjects/c4032405-46dd-4e9d-b035-d353d6994f37/ HTTP/1.0" 200 0
INFO 2026-04-18 18:07:49,354 basehttp "OPTIONS /api/subjects/c4032405-46dd-4e9d-b035-d353d6994f37/ HTTP/1.0" 200 0
INFO 2026-04-18 18:07:49,354 basehttp "OPTIONS /api/subjects/c4032405-46dd-4e9d-b035-d353d6994f37/stats/ HTTP/1.0" 200 0
INFO 2026-04-18 18:07:49,355 basehttp "OPTIONS /api/subjects/c4032405-46dd-4e9d-b035-d353d6994f37/stats/ HTTP/1.0" 200 0
INFO 2026-04-18 18:07:49,496 basehttp "GET /api/subjects/c4032405-46dd-4e9d-b035-d353d6994f37/ HTTP/1.0" 200 356
INFO 2026-04-18 18:07:49,533 basehttp "GET /api/subjects/c4032405-46dd-4e9d-b035-d353d6994f37/stats/ HTTP/1.0" 200 89
INFO 2026-04-18 18:07:49,649 basehttp "GET /api/subjects/c4032405-46dd-4e9d-b035-d353d6994f37/ HTTP/1.0" 200 356
INFO 2026-04-18 18:07:49,690 basehttp "GET /api/subjects/c4032405-46dd-4e9d-b035-d353d6994f37/stats/ HTTP/1.0" 200 89
INFO 2026-04-18 18:07:51,192 basehttp "GET /api/subjects/ HTTP/1.0" 200 1880
INFO 2026-04-18 18:07:51,365 basehttp "GET /api/subjects/ HTTP/1.0" 200 1880
INFO 2026-04-18 18:07:52,764 basehttp "GET /api/subjects/f4eff948-fc72-49c5-bb14-c13e919845c6/ HTTP/1.0" 200 384
INFO 2026-04-18 18:07:52,771 basehttp "GET /api/subjects/f4eff948-fc72-49c5-bb14-c13e919845c6/stats/ HTTP/1.0" 200 89
INFO 2026-04-18 18:07:52,952 basehttp "GET /api/subjects/f4eff948-fc72-49c5-bb14-c13e919845c6/ HTTP/1.0" 200 384
INFO 2026-04-18 18:07:52,959 basehttp "GET /api/subjects/f4eff948-fc72-49c5-bb14-c13e919845c6/stats/ HTTP/1.0" 200 89
INFO 2026-04-18 18:07:56,178 basehttp "GET /api/subjects/ HTTP/1.0" 200 1880
INFO 2026-04-18 18:07:56,340 basehttp "GET /api/subjects/ HTTP/1.0" 200 1880
INFO 2026-04-18 18:08:38,129 basehttp "GET /api/subjects/f4eff948-fc72-49c5-bb14-c13e919845c6/ HTTP/1.0" 200 384
INFO 2026-04-18 18:08:38,140 basehttp "GET /api/subjects/f4eff948-fc72-49c5-bb14-c13e919845c6/stats/ HTTP/1.0" 200 89
INFO 2026-04-18 18:08:38,287 basehttp "GET /api/subjects/f4eff948-fc72-49c5-bb14-c13e919845c6/ HTTP/1.0" 200 384
INFO 2026-04-18 18:08:38,302 basehttp "GET /api/subjects/f4eff948-fc72-49c5-bb14-c13e919845c6/stats/ HTTP/1.0" 200 89
INFO 2026-04-18 18:08:40,240 basehttp "GET /api/subjects/ HTTP/1.0" 200 1880
INFO 2026-04-18 18:08:40,387 basehttp "GET /api/subjects/ HTTP/1.0" 200 1880
INFO 2026-04-18 18:09:59,051 basehttp "GET /api/subjects/ HTTP/1.0" 200 1880
WARNING 2026-04-18 18:14:56,287 log Unauthorized: /api/topics/
WARNING 2026-04-18 18:14:56,288 basehttp "POST /api/topics/ HTTP/1.0" 401 183
INFO 2026-04-18 18:15:10,805 basehttp "POST /api/auth/refresh/ HTTP/1.0" 200 483
WARNING 2026-04-18 18:15:24,266 log Bad Request: /api/topics/
WARNING 2026-04-18 18:15:24,269 basehttp "POST /api/topics/ HTTP/1.0" 400 64
INFO 2026-04-18 18:18:47,394 autoreload /root/SPS-Subjects-Presentation-System-/spsapp/views.py changed, reloading.
INFO 2026-04-18 18:18:49,704 autoreload Watching for file changes with StatReloader
INFO 2026-04-18 18:19:23,073 autoreload Watching for file changes with StatReloader
WARNING 2026-04-18 18:19:27,119 log Bad Request: /api/topics/
WARNING 2026-04-18 18:19:27,120 basehttp "POST /api/topics/ HTTP/1.0" 400 64
WARNING 2026-04-18 18:19:28,336 log Bad Request: /api/topics/
WARNING 2026-04-18 18:19:28,337 basehttp "POST /api/topics/ HTTP/1.0" 400 64
INFO 2026-04-18 18:21:11,099 autoreload /root/SPS-Subjects-Presentation-System-/spsapp/views.py changed, reloading.
INFO 2026-04-18 18:21:11,949 autoreload Watching for file changes with StatReloader
INFO 2026-04-18 18:21:15,028 autoreload Watching for file changes with StatReloader
WARNING 2026-04-18 18:21:18,355 log Bad Request: /api/topics/
WARNING 2026-04-18 18:21:18,356 basehttp "POST /api/topics/ HTTP/1.0" 400 64
INFO 2026-04-18 18:21:50,877 autoreload /root/SPS-Subjects-Presentation-System-/spsapp/views.py changed, reloading.
INFO 2026-04-18 18:21:53,193 autoreload Watching for file changes with StatReloader
WARNING 2026-04-18 18:21:55,717 log Bad Request: /api/topics/
WARNING 2026-04-18 18:21:55,718 basehttp "POST /api/topics/ HTTP/1.0" 400 64
INFO 2026-04-18 18:22:22,857 autoreload /root/SPS-Subjects-Presentation-System-/spsapp/views.py changed, reloading.
INFO 2026-04-18 18:22:23,786 autoreload Watching for file changes with StatReloader
INFO 2026-04-18 18:23:20,140 autoreload /root/SPS-Subjects-Presentation-System-/spsapp/serializers.py changed, reloading.
INFO 2026-04-18 18:23:21,033 autoreload Watching for file changes with StatReloader
INFO 2026-04-18 18:24:18,358 autoreload /root/SPS-Subjects-Presentation-System-/spsapp/views.py changed, reloading.
INFO 2026-04-18 18:24:19,184 autoreload Watching for file changes with StatReloader
INFO 2026-04-18 18:24:23,404 autoreload Watching for file changes with StatReloader
WARNING 2026-04-18 18:24:27,182 log Bad Request: /api/topics/
WARNING 2026-04-18 18:24:27,183 basehttp "POST /api/topics/ HTTP/1.0" 400 64
INFO 2026-04-18 18:27:44,300 autoreload /root/SPS-Subjects-Presentation-System-/spsapp/serializers.py changed, reloading.
INFO 2026-04-18 18:27:45,198 autoreload Watching for file changes with StatReloader
INFO 2026-04-18 18:28:20,992 autoreload /root/SPS-Subjects-Presentation-System-/spsapp/serializers.py changed, reloading.
INFO 2026-04-18 18:28:21,837 autoreload Watching for file changes with StatReloader
INFO 2026-04-18 18:29:29,422 autoreload /root/SPS-Subjects-Presentation-System-/spsapp/views.py changed, reloading.
INFO 2026-04-18 18:29:30,285 autoreload Watching for file changes with StatReloader
INFO 2026-04-18 18:29:33,905 autoreload Watching for file changes with StatReloader
WARNING 2026-04-18 18:29:37,940 log Bad Request: /api/topics/
WARNING 2026-04-18 18:29:37,941 basehttp "POST /api/topics/ HTTP/1.0" 400 54
INFO 2026-04-18 18:29:46,380 basehttp "POST /api/topics/ HTTP/1.0" 201 307
INFO 2026-04-18 18:30:12,097 basehttp "POST /api/topics/ HTTP/1.0" 201 316
INFO 2026-04-18 18:32:08,379 basehttp "GET /api/topics/?subject_uuid=f4eff948-fc72-49c5-bb14-c13e919845c6 HTTP/1.0" 200 752
INFO 2026-04-18 18:33:02,735 basehttp "GET /api/topics/?subject_uuid=f4eff948-fc72-49c5-bb14-c13e919845c6&search=Onto HTTP/1.0" 200 752
INFO 2026-04-18 18:33:16,928 basehttp "GET /api/topics/?subject_uuid=f4eff948-fc72-49c5-bb14-c13e919845c6&search=Ontologiya%20falsafasi%202 HTTP/1.0" 200 406
INFO 2026-04-18 18:33:39,326 basehttp "GET /api/topics/?subject_uuid=f4eff948-fc72-49c5-bb14-c13e919845c6&odering=2 HTTP/1.0" 200 752
INFO 2026-04-18 18:34:05,215 basehttp "GET /api/topics/?subject_uuid=f4eff948-fc72-49c5-bb14-c13e919845c6&odering=2026-04-18T18:30:12.087079+05:00 HTTP/1.0" 200 752
INFO 2026-04-18 18:34:14,315 basehttp "GET /api/topics/?subject_uuid=f4eff948-fc72-49c5-bb14-c13e919845c6 HTTP/1.0" 200 752
INFO 2026-04-18 18:38:25,279 basehttp "POST /api/topics/reorder/ HTTP/1.0" 200 20
INFO 2026-04-18 18:38:30,032 basehttp "GET /api/topics/?subject_uuid=f4eff948-fc72-49c5-bb14-c13e919845c6 HTTP/1.0" 200 752
INFO 2026-04-18 18:45:19,126 basehttp "GET /api/subjects/ HTTP/1.0" 200 1880
INFO 2026-04-18 18:45:50,036 basehttp "GET /api/subjects/ HTTP/1.0" 200 1880
INFO 2026-04-18 18:46:52,234 basehttp "GET /api/subjects/ HTTP/1.0" 200 1880
WARNING 2026-04-18 19:30:34,473 log Not Found: /
WARNING 2026-04-18 19:30:34,482 basehttp "GET / HTTP/1.0" 404 179
INFO 2026-04-18 19:45:37,187 basehttp "OPTIONS /api/auth/login/ HTTP/1.0" 200 0
INFO 2026-04-18 19:45:37,775 basehttp "POST /api/auth/login/ HTTP/1.0" 200 483
INFO 2026-04-18 19:45:37,928 basehttp "OPTIONS /api/subjects/ HTTP/1.0" 200 0
INFO 2026-04-18 19:45:38,134 basehttp "GET /api/subjects/ HTTP/1.0" 200 1880
INFO 2026-04-18 19:45:41,181 basehttp "OPTIONS /api/subjects/f4eff948-fc72-49c5-bb14-c13e919845c6/ HTTP/1.0" 200 0
INFO 2026-04-18 19:45:41,184 basehttp "OPTIONS /api/subjects/f4eff948-fc72-49c5-bb14-c13e919845c6/stats/ HTTP/1.0" 200 0
INFO 2026-04-18 19:45:41,352 basehttp "GET /api/subjects/f4eff948-fc72-49c5-bb14-c13e919845c6/ HTTP/1.0" 200 384
INFO 2026-04-18 19:45:41,381 basehttp "GET /api/subjects/f4eff948-fc72-49c5-bb14-c13e919845c6/stats/ HTTP/1.0" 200 89
INFO 2026-04-18 19:45:41,512 basehttp "OPTIONS /api/topics/?subject_uuid=f4eff948-fc72-49c5-bb14-c13e919845c6&ordering=order HTTP/1.0" 200 0
INFO 2026-04-18 19:45:41,679 basehttp "GET /api/topics/?subject_uuid=f4eff948-fc72-49c5-bb14-c13e919845c6&ordering=order HTTP/1.0" 200 752
INFO 2026-04-18 19:45:47,668 basehttp "OPTIONS /api/topics/?subject_uuid=f4eff948-fc72-49c5-bb14-c13e919845c6&search=onto&ordering=order HTTP/1.0" 200 0
INFO 2026-04-18 19:45:47,840 basehttp "GET /api/topics/?subject_uuid=f4eff948-fc72-49c5-bb14-c13e919845c6&search=onto&ordering=order HTTP/1.0" 200 752
INFO 2026-04-18 19:45:49,390 basehttp "GET /api/topics/?subject_uuid=f4eff948-fc72-49c5-bb14-c13e919845c6&ordering=order HTTP/1.0" 200 752
INFO 2026-04-18 19:45:49,683 basehttp "OPTIONS /api/topics/?subject_uuid=f4eff948-fc72-49c5-bb14-c13e919845c6&search=2&ordering=order HTTP/1.0" 200 0
INFO 2026-04-18 19:45:49,845 basehttp "GET /api/topics/?subject_uuid=f4eff948-fc72-49c5-bb14-c13e919845c6&search=2&ordering=order HTTP/1.0" 200 406
INFO 2026-04-18 19:45:50,653 basehttp "GET /api/topics/?subject_uuid=f4eff948-fc72-49c5-bb14-c13e919845c6&ordering=order HTTP/1.0" 200 752
INFO 2026-04-18 19:46:15,714 basehttp "OPTIONS /api/topics/reorder/ HTTP/1.0" 200 0
INFO 2026-04-18 19:46:15,868 basehttp "POST /api/topics/reorder/ HTTP/1.0" 200 20
INFO 2026-04-18 19:46:18,462 basehttp "POST /api/topics/reorder/ HTTP/1.0" 200 20
INFO 2026-04-18 19:46:23,002 basehttp "GET /api/subjects/ HTTP/1.0" 200 1880
INFO 2026-04-18 19:46:24,386 basehttp "GET /api/subjects/f4eff948-fc72-49c5-bb14-c13e919845c6/ HTTP/1.0" 200 384
INFO 2026-04-18 19:46:24,398 basehttp "GET /api/subjects/f4eff948-fc72-49c5-bb14-c13e919845c6/stats/ HTTP/1.0" 200 89
INFO 2026-04-18 19:46:24,570 basehttp "GET /api/topics/?subject_uuid=f4eff948-fc72-49c5-bb14-c13e919845c6&ordering=order HTTP/1.0" 200 752
INFO 2026-04-18 19:46:28,255 basehttp "POST /api/topics/reorder/ HTTP/1.0" 200 20
INFO 2026-04-18 19:46:30,845 basehttp "GET /api/subjects/ HTTP/1.0" 200 1880
INFO 2026-04-18 19:46:32,371 basehttp "GET /api/subjects/f4eff948-fc72-49c5-bb14-c13e919845c6/ HTTP/1.0" 200 384
INFO 2026-04-18 19:46:32,378 basehttp "GET /api/subjects/f4eff948-fc72-49c5-bb14-c13e919845c6/stats/ HTTP/1.0" 200 89
INFO 2026-04-18 19:46:32,550 basehttp "GET /api/topics/?subject_uuid=f4eff948-fc72-49c5-bb14-c13e919845c6&ordering=order HTTP/1.0" 200 752
INFO 2026-04-18 19:46:44,972 basehttp "GET /api/subjects/ HTTP/1.0" 200 1880
WARNING 2026-04-19 00:19:15,537 log Not Found: /
WARNING 2026-04-19 00:19:15,543 basehttp "GET / HTTP/1.0" 404 179
WARNING 2026-04-19 01:49:36,462 log Not Found: /
WARNING 2026-04-19 01:49:36,466 basehttp "GET / HTTP/1.0" 404 179
WARNING 2026-04-19 01:49:36,704 log Not Found: /
WARNING 2026-04-19 01:49:36,706 basehttp "POST / HTTP/1.0" 404 179
WARNING 2026-04-19 01:49:36,942 log Not Found: /
WARNING 2026-04-19 01:49:36,943 basehttp "POST / HTTP/1.0" 404 179
WARNING 2026-04-19 01:49:37,182 log Not Found: /
WARNING 2026-04-19 01:49:37,182 basehttp "POST / HTTP/1.0" 404 179
WARNING 2026-04-19 01:49:37,427 log Not Found: /.git/config
WARNING 2026-04-19 01:49:37,432 basehttp "GET /.git/config HTTP/1.0" 404 179
WARNING 2026-04-19 01:49:37,670 log Not Found: /
WARNING 2026-04-19 01:49:37,671 basehttp "POST / HTTP/1.0" 404 179
WARNING 2026-04-19 01:49:37,908 log Not Found: /.env
WARNING 2026-04-19 01:49:37,910 basehttp "GET /.env HTTP/1.0" 404 179
WARNING 2026-04-19 01:49:38,147 log Not Found: /.env.local
WARNING 2026-04-19 01:49:38,149 basehttp "GET /.env.local HTTP/1.0" 404 179
WARNING 2026-04-19 01:49:38,385 log Not Found: /.env.production
WARNING 2026-04-19 01:49:38,386 basehttp "GET /.env.production HTTP/1.0" 404 179
WARNING 2026-04-19 01:49:38,622 log Not Found: /.env.staging
WARNING 2026-04-19 01:49:38,622 basehttp "GET /.env.staging HTTP/1.0" 404 179
WARNING 2026-04-19 01:49:38,859 log Not Found: /.env.development
WARNING 2026-04-19 01:49:38,860 basehttp "GET /.env.development HTTP/1.0" 404 179
WARNING 2026-04-19 01:49:39,095 log Not Found: /.env.test
WARNING 2026-04-19 01:49:39,096 basehttp "GET /.env.test HTTP/1.0" 404 179
WARNING 2026-04-19 01:49:39,332 log Not Found: /.env.remote
WARNING 2026-04-19 01:49:39,333 basehttp "GET /.env.remote HTTP/1.0" 404 179
WARNING 2026-04-19 01:49:39,569 log Not Found: /.env.bak
WARNING 2026-04-19 01:49:39,570 basehttp "GET /.env.bak HTTP/1.0" 404 179
WARNING 2026-04-19 01:49:39,806 log Not Found: /.env.backup
WARNING 2026-04-19 01:49:39,808 basehttp "GET /.env.backup HTTP/1.0" 404 179
WARNING 2026-04-19 01:49:40,044 log Not Found: /.env.save
WARNING 2026-04-19 01:49:40,047 basehttp "GET /.env.save HTTP/1.0" 404 179
WARNING 2026-04-19 01:49:40,282 log Not Found: /.env.old
WARNING 2026-04-19 01:49:40,284 basehttp "GET /.env.old HTTP/1.0" 404 179
WARNING 2026-04-19 01:49:40,521 log Not Found: /.env.sample
WARNING 2026-04-19 01:49:40,522 basehttp "GET /.env.sample HTTP/1.0" 404 179
WARNING 2026-04-19 01:49:40,759 log Not Found: /.env.example
WARNING 2026-04-19 01:49:40,760 basehttp "GET /.env.example HTTP/1.0" 404 179
WARNING 2026-04-19 01:49:40,999 log Not Found: /.env.dev
WARNING 2026-04-19 01:49:41,001 basehttp "GET /.env.dev HTTP/1.0" 404 179
WARNING 2026-04-19 01:49:41,238 log Not Found: /.env.prod
WARNING 2026-04-19 01:49:41,239 basehttp "GET /.env.prod HTTP/1.0" 404 179
WARNING 2026-04-19 01:49:41,476 log Not Found: /.env.stage
WARNING 2026-04-19 01:49:41,477 basehttp "GET /.env.stage HTTP/1.0" 404 179
WARNING 2026-04-19 01:49:41,713 log Not Found: /.env.ci
WARNING 2026-04-19 01:49:41,714 basehttp "GET /.env.ci HTTP/1.0" 404 179
WARNING 2026-04-19 01:49:41,951 log Not Found: /.env.docker
WARNING 2026-04-19 01:49:41,952 basehttp "GET /.env.docker HTTP/1.0" 404 179
WARNING 2026-04-19 01:49:42,189 log Not Found: /.env.live
WARNING 2026-04-19 01:49:42,189 basehttp "GET /.env.live HTTP/1.0" 404 179
WARNING 2026-04-19 01:49:42,427 log Not Found: /.env.preprod
WARNING 2026-04-19 01:49:42,429 basehttp "GET /.env.preprod HTTP/1.0" 404 179
WARNING 2026-04-19 01:49:42,666 log Not Found: /.env.uat
WARNING 2026-04-19 01:49:42,667 basehttp "GET /.env.uat HTTP/1.0" 404 179
WARNING 2026-04-19 01:49:42,903 log Not Found: /.env.dist
WARNING 2026-04-19 01:49:42,905 basehttp "GET /.env.dist HTTP/1.0" 404 179
WARNING 2026-04-19 01:49:43,141 log Not Found: /.env.swp
WARNING 2026-04-19 01:49:43,143 basehttp "GET /.env.swp HTTP/1.0" 404 179
WARNING 2026-04-19 01:49:43,379 log Not Found: /.env~
WARNING 2026-04-19 01:49:43,380 basehttp "GET /.env~ HTTP/1.0" 404 179
WARNING 2026-04-19 01:49:43,616 log Not Found: /app/.env
WARNING 2026-04-19 01:49:43,617 basehttp "GET /app/.env HTTP/1.0" 404 179
WARNING 2026-04-19 01:49:43,852 log Not Found: /apps/.env
WARNING 2026-04-19 01:49:43,853 basehttp "GET /apps/.env HTTP/1.0" 404 179
WARNING 2026-04-19 01:49:44,090 log Not Found: /api/.env
WARNING 2026-04-19 01:49:44,091 basehttp "GET /api/.env HTTP/1.0" 404 23
WARNING 2026-04-19 01:49:44,327 log Not Found: /web/.env
WARNING 2026-04-19 01:49:44,328 basehttp "GET /web/.env HTTP/1.0" 404 179
WARNING 2026-04-19 01:49:44,565 log Not Found: /site/.env
WARNING 2026-04-19 01:49:44,566 basehttp "GET /site/.env HTTP/1.0" 404 179
WARNING 2026-04-19 01:49:44,802 log Not Found: /public/.env
WARNING 2026-04-19 01:49:44,803 basehttp "GET /public/.env HTTP/1.0" 404 179
INFO 2026-04-19 01:49:45,060 basehttp "GET /admin/.env HTTP/1.0" 302 0
INFO 2026-04-19 01:49:45,347 basehttp "GET /admin/login/?next=/admin/.env HTTP/1.0" 200 4167
WARNING 2026-04-19 01:49:45,583 log Not Found: /backend/.env
WARNING 2026-04-19 01:49:45,584 basehttp "GET /backend/.env HTTP/1.0" 404 179
WARNING 2026-04-19 01:49:45,820 log Not Found: /server/.env
WARNING 2026-04-19 01:49:45,821 basehttp "GET /server/.env HTTP/1.0" 404 179
WARNING 2026-04-19 01:49:46,057 log Not Found: /frontend/.env
WARNING 2026-04-19 01:49:46,059 basehttp "GET /frontend/.env HTTP/1.0" 404 179
WARNING 2026-04-19 01:49:46,296 log Not Found: /src/.env
WARNING 2026-04-19 01:49:46,297 basehttp "GET /src/.env HTTP/1.0" 404 179
WARNING 2026-04-19 01:49:46,533 log Not Found: /core/.env
WARNING 2026-04-19 01:49:46,534 basehttp "GET /core/.env HTTP/1.0" 404 179
WARNING 2026-04-19 01:49:46,770 log Not Found: /core/app/.env
WARNING 2026-04-19 01:49:46,771 basehttp "GET /core/app/.env HTTP/1.0" 404 179
WARNING 2026-04-19 01:49:47,008 log Not Found: /core/Database/.env
WARNING 2026-04-19 01:49:47,009 basehttp "GET /core/Database/.env HTTP/1.0" 404 179
WARNING 2026-04-19 01:49:47,246 log Not Found: /config/.env
WARNING 2026-04-19 01:49:47,250 basehttp "GET /config/.env HTTP/1.0" 404 179
WARNING 2026-04-19 01:49:47,486 log Not Found: /private/.env
WARNING 2026-04-19 01:49:47,487 basehttp "GET /private/.env HTTP/1.0" 404 179
WARNING 2026-04-19 01:49:47,724 log Not Found: /current/.env
WARNING 2026-04-19 01:49:47,725 basehttp "GET /current/.env HTTP/1.0" 404 179
WARNING 2026-04-19 01:49:47,961 log Not Found: /release/.env
WARNING 2026-04-19 01:49:47,963 basehttp "GET /release/.env HTTP/1.0" 404 179
WARNING 2026-04-19 01:49:48,200 log Not Found: /releases/.env
WARNING 2026-04-19 01:49:48,202 basehttp "GET /releases/.env HTTP/1.0" 404 179
WARNING 2026-04-19 01:49:48,438 log Not Found: /shared/.env
WARNING 2026-04-19 01:49:48,438 basehttp "GET /shared/.env HTTP/1.0" 404 179
WARNING 2026-04-19 01:49:48,675 log Not Found: /deploy/.env
WARNING 2026-04-19 01:49:48,676 basehttp "GET /deploy/.env HTTP/1.0" 404 179
WARNING 2026-04-19 01:49:48,913 log Not Found: /build/.env
WARNING 2026-04-19 01:49:48,913 basehttp "GET /build/.env HTTP/1.0" 404 179
WARNING 2026-04-19 01:49:49,151 log Not Found: /dist/.env
WARNING 2026-04-19 01:49:49,152 basehttp "GET /dist/.env HTTP/1.0" 404 179
WARNING 2026-04-19 01:49:49,388 log Not Found: /public_html/.env
WARNING 2026-04-19 01:49:49,389 basehttp "GET /public_html/.env HTTP/1.0" 404 179
WARNING 2026-04-19 01:49:49,627 log Not Found: /htdocs/.env
WARNING 2026-04-19 01:49:49,628 basehttp "GET /htdocs/.env HTTP/1.0" 404 179
WARNING 2026-04-19 01:49:49,864 log Not Found: /www/.env
WARNING 2026-04-19 01:49:49,865 basehttp "GET /www/.env HTTP/1.0" 404 179
WARNING 2026-04-19 01:49:50,101 log Not Found: /html/.env
WARNING 2026-04-19 01:49:50,102 basehttp "GET /html/.env HTTP/1.0" 404 179
WARNING 2026-04-19 01:49:50,339 log Not Found: /live/.env
WARNING 2026-04-19 01:49:50,340 basehttp "GET /live/.env HTTP/1.0" 404 179
WARNING 2026-04-19 01:49:50,577 log Not Found: /prod/.env
WARNING 2026-04-19 01:49:50,579 basehttp "GET /prod/.env HTTP/1.0" 404 179
WARNING 2026-04-19 01:49:50,815 log Not Found: /dev/.env
WARNING 2026-04-19 01:49:50,817 basehttp "GET /dev/.env HTTP/1.0" 404 179
WARNING 2026-04-19 01:49:51,054 log Not Found: /staging/.env
WARNING 2026-04-19 01:49:51,055 basehttp "GET /staging/.env HTTP/1.0" 404 179
WARNING 2026-04-19 01:49:51,295 log Not Found: /laravel/.env
WARNING 2026-04-19 01:49:51,297 basehttp "GET /laravel/.env HTTP/1.0" 404 179
WARNING 2026-04-19 01:49:51,535 log Not Found: /symfony/.env
WARNING 2026-04-19 01:49:51,535 basehttp "GET /symfony/.env HTTP/1.0" 404 179
WARNING 2026-04-19 01:49:51,772 log Not Found: /wordpress/.env
WARNING 2026-04-19 01:49:51,773 basehttp "GET /wordpress/.env HTTP/1.0" 404 179
WARNING 2026-04-19 01:49:52,011 log Not Found: /wp/.env
WARNING 2026-04-19 01:49:52,012 basehttp "GET /wp/.env HTTP/1.0" 404 179
WARNING 2026-04-19 01:49:52,248 log Not Found: /cms/.env
WARNING 2026-04-19 01:49:52,249 basehttp "GET /cms/.env HTTP/1.0" 404 179
WARNING 2026-04-19 01:49:52,486 log Not Found: /drupal/.env
WARNING 2026-04-19 01:49:52,486 basehttp "GET /drupal/.env HTTP/1.0" 404 179
WARNING 2026-04-19 01:49:52,724 log Not Found: /joomla/.env
WARNING 2026-04-19 01:49:52,725 basehttp "GET /joomla/.env HTTP/1.0" 404 179
WARNING 2026-04-19 01:49:52,962 log Not Found: /magento/.env
WARNING 2026-04-19 01:49:52,963 basehttp "GET /magento/.env HTTP/1.0" 404 179
WARNING 2026-04-19 01:49:53,200 log Not Found: /shopify/.env
WARNING 2026-04-19 01:49:53,200 basehttp "GET /shopify/.env HTTP/1.0" 404 179
WARNING 2026-04-19 01:49:53,437 log Not Found: /prestashop/.env
WARNING 2026-04-19 01:49:53,438 basehttp "GET /prestashop/.env HTTP/1.0" 404 179
WARNING 2026-04-19 01:49:53,674 log Not Found: /v1/.env
WARNING 2026-04-19 01:49:53,676 basehttp "GET /v1/.env HTTP/1.0" 404 179
WARNING 2026-04-19 01:49:53,912 log Not Found: /v2/.env
WARNING 2026-04-19 01:49:53,913 basehttp "GET /v2/.env HTTP/1.0" 404 179
WARNING 2026-04-19 01:49:54,149 log Not Found: /v3/.env
WARNING 2026-04-19 01:49:54,150 basehttp "GET /v3/.env HTTP/1.0" 404 179
WARNING 2026-04-19 01:49:54,388 log Not Found: /api/v1/.env
WARNING 2026-04-19 01:49:54,389 basehttp "GET /api/v1/.env HTTP/1.0" 404 179
WARNING 2026-04-19 01:49:54,626 log Not Found: /api/v2/.env
WARNING 2026-04-19 01:49:54,627 basehttp "GET /api/v2/.env HTTP/1.0" 404 179
WARNING 2026-04-19 01:49:54,866 log Not Found: /rest/.env
WARNING 2026-04-19 01:49:54,867 basehttp "GET /rest/.env HTTP/1.0" 404 179
WARNING 2026-04-19 01:49:55,103 log Not Found: /graphql/.env
WARNING 2026-04-19 01:49:55,104 basehttp "GET /graphql/.env HTTP/1.0" 404 179
WARNING 2026-04-19 01:49:55,341 log Not Found: /gateway/.env
WARNING 2026-04-19 01:49:55,342 basehttp "GET /gateway/.env HTTP/1.0" 404 179
WARNING 2026-04-19 01:49:55,578 log Not Found: /microservice/.env
WARNING 2026-04-19 01:49:55,579 basehttp "GET /microservice/.env HTTP/1.0" 404 179
WARNING 2026-04-19 01:49:55,817 log Not Found: /service/.env
WARNING 2026-04-19 01:49:55,817 basehttp "GET /service/.env HTTP/1.0" 404 179
WARNING 2026-04-19 01:49:56,054 log Not Found: /vendor/.env
WARNING 2026-04-19 01:49:56,055 basehttp "GET /vendor/.env HTTP/1.0" 404 179
WARNING 2026-04-19 01:49:56,291 log Not Found: /lib/.env
WARNING 2026-04-19 01:49:56,291 basehttp "GET /lib/.env HTTP/1.0" 404 179
WARNING 2026-04-19 01:49:56,530 log Not Found: /database/.env
WARNING 2026-04-19 01:49:56,531 basehttp "GET /database/.env HTTP/1.0" 404 179
WARNING 2026-04-19 01:49:56,768 log Not Found: /resources/.env
WARNING 2026-04-19 01:49:56,769 basehttp "GET /resources/.env HTTP/1.0" 404 179
WARNING 2026-04-19 01:49:57,007 log Not Found: /storage/.env
WARNING 2026-04-19 01:49:57,008 basehttp "GET /storage/.env HTTP/1.0" 404 179
WARNING 2026-04-19 01:49:57,244 log Not Found: /assets/.env
WARNING 2026-04-19 01:49:57,246 basehttp "GET /assets/.env HTTP/1.0" 404 179
WARNING 2026-04-19 01:49:57,483 log Not Found: /uploads/.env
WARNING 2026-04-19 01:49:57,484 basehttp "GET /uploads/.env HTTP/1.0" 404 179
WARNING 2026-04-19 01:49:57,721 log Not Found: /internal/.env
WARNING 2026-04-19 01:49:57,721 basehttp "GET /internal/.env HTTP/1.0" 404 179
WARNING 2026-04-19 01:49:57,958 log Not Found: /tools/.env
WARNING 2026-04-19 01:49:57,959 basehttp "GET /tools/.env HTTP/1.0" 404 179
WARNING 2026-04-19 01:49:58,196 log Not Found: /scripts/.env
WARNING 2026-04-19 01:49:58,197 basehttp "GET /scripts/.env HTTP/1.0" 404 179
WARNING 2026-04-19 01:49:58,434 log Not Found: /portal/.env
WARNING 2026-04-19 01:49:58,435 basehttp "GET /portal/.env HTTP/1.0" 404 179
WARNING 2026-04-19 01:49:58,672 log Not Found: /dashboard/.env
WARNING 2026-04-19 01:49:58,673 basehttp "GET /dashboard/.env HTTP/1.0" 404 179
WARNING 2026-04-19 01:49:58,910 log Not Found: /panel/.env
WARNING 2026-04-19 01:49:58,912 basehttp "GET /panel/.env HTTP/1.0" 404 179
WARNING 2026-04-19 01:49:59,149 log Not Found: /crm/.env
WARNING 2026-04-19 01:49:59,150 basehttp "GET /crm/.env HTTP/1.0" 404 179
WARNING 2026-04-19 01:49:59,387 log Not Found: /erp/.env
WARNING 2026-04-19 01:49:59,388 basehttp "GET /erp/.env HTTP/1.0" 404 179
WARNING 2026-04-19 01:49:59,626 log Not Found: /shop/.env
WARNING 2026-04-19 01:49:59,627 basehttp "GET /shop/.env HTTP/1.0" 404 179
WARNING 2026-04-19 01:49:59,863 log Not Found: /store/.env
WARNING 2026-04-19 01:49:59,864 basehttp "GET /store/.env HTTP/1.0" 404 179
WARNING 2026-04-19 01:50:00,105 log Not Found: /saas/.env
WARNING 2026-04-19 01:50:00,106 basehttp "GET /saas/.env HTTP/1.0" 404 179
WARNING 2026-04-19 01:50:00,346 log Not Found: /client/.env
WARNING 2026-04-19 01:50:00,347 basehttp "GET /client/.env HTTP/1.0" 404 179
WARNING 2026-04-19 01:50:00,599 log Not Found: /project/.env
WARNING 2026-04-19 01:50:00,600 basehttp "GET /project/.env HTTP/1.0" 404 179
WARNING 2026-04-19 01:50:00,847 log Not Found: /node/.env
WARNING 2026-04-19 01:50:00,850 basehttp "GET /node/.env HTTP/1.0" 404 179
WARNING 2026-04-19 01:50:01,092 log Not Found: /express/.env
WARNING 2026-04-19 01:50:01,093 basehttp "GET /express/.env HTTP/1.0" 404 179
WARNING 2026-04-19 01:50:01,330 log Not Found: /next/.env
WARNING 2026-04-19 01:50:01,332 basehttp "GET /next/.env HTTP/1.0" 404 179
WARNING 2026-04-19 01:50:01,576 log Not Found: /nuxt/.env
WARNING 2026-04-19 01:50:01,577 basehttp "GET /nuxt/.env HTTP/1.0" 404 179
WARNING 2026-04-19 01:50:01,816 log Not Found: /nest/.env
WARNING 2026-04-19 01:50:01,816 basehttp "GET /nest/.env HTTP/1.0" 404 179
WARNING 2026-04-19 01:50:02,063 log Not Found: /backup/.env
WARNING 2026-04-19 01:50:02,073 basehttp "GET /backup/.env HTTP/1.0" 404 179
WARNING 2026-04-19 01:50:02,406 log Not Found: /backups/.env
WARNING 2026-04-19 01:50:02,436 basehttp "GET /backups/.env HTTP/1.0" 404 179
WARNING 2026-04-19 01:50:02,687 log Not Found: /old/.env
WARNING 2026-04-19 01:50:02,689 basehttp "GET /old/.env HTTP/1.0" 404 179
WARNING 2026-04-19 01:50:02,929 log Not Found: /tmp/.env
WARNING 2026-04-19 01:50:02,930 basehttp "GET /tmp/.env HTTP/1.0" 404 179
WARNING 2026-04-19 01:50:03,175 log Not Found: /temp/.env
WARNING 2026-04-19 01:50:03,184 basehttp "GET /temp/.env HTTP/1.0" 404 179
WARNING 2026-04-19 01:50:03,430 log Not Found: /lab/.env
WARNING 2026-04-19 01:50:03,437 basehttp "GET /lab/.env HTTP/1.0" 404 179
WARNING 2026-04-19 01:50:03,681 log Not Found: /cronlab/.env
WARNING 2026-04-19 01:50:03,686 basehttp "GET /cronlab/.env HTTP/1.0" 404 179
WARNING 2026-04-19 01:50:03,928 log Not Found: /cron/.env
WARNING 2026-04-19 01:50:03,937 basehttp "GET /cron/.env HTTP/1.0" 404 179
WARNING 2026-04-19 01:50:04,173 log Not Found: /en/.env
WARNING 2026-04-19 01:50:04,174 basehttp "GET /en/.env HTTP/1.0" 404 179
WARNING 2026-04-19 01:50:04,411 log Not Found: /administrator/.env
WARNING 2026-04-19 01:50:04,415 basehttp "GET /administrator/.env HTTP/1.0" 404 179
WARNING 2026-04-19 01:50:04,653 log Not Found: /psnlink/.env
WARNING 2026-04-19 01:50:04,659 basehttp "GET /psnlink/.env HTTP/1.0" 404 179
WARNING 2026-04-19 01:50:04,896 log Not Found: /exapi/.env
WARNING 2026-04-19 01:50:04,897 basehttp "GET /exapi/.env HTTP/1.0" 404 179
WARNING 2026-04-19 01:50:05,136 log Not Found: /sitemaps/.env
WARNING 2026-04-19 01:50:05,138 basehttp "GET /sitemaps/.env HTTP/1.0" 404 179
WARNING 2026-04-19 01:50:05,375 log Not Found: /mailer/.env
WARNING 2026-04-19 01:50:05,376 basehttp "GET /mailer/.env HTTP/1.0" 404 179
WARNING 2026-04-19 01:50:05,614 log Not Found: /mail/.env
WARNING 2026-04-19 01:50:05,619 basehttp "GET /mail/.env HTTP/1.0" 404 179
WARNING 2026-04-19 01:50:05,856 log Not Found: /email/.env
WARNING 2026-04-19 01:50:05,857 basehttp "GET /email/.env HTTP/1.0" 404 179
WARNING 2026-04-19 01:50:06,096 log Not Found: /smtp/.env
WARNING 2026-04-19 01:50:06,097 basehttp "GET /smtp/.env HTTP/1.0" 404 179
WARNING 2026-04-19 01:50:06,338 log Not Found: /mailing/.env
WARNING 2026-04-19 01:50:06,339 basehttp "GET /mailing/.env HTTP/1.0" 404 179
WARNING 2026-04-19 01:50:06,577 log Not Found: /notifications/.env
WARNING 2026-04-19 01:50:06,578 basehttp "GET /notifications/.env HTTP/1.0" 404 179
WARNING 2026-04-19 01:50:06,866 log Not Found: /notify/.env
WARNING 2026-04-19 01:50:06,877 basehttp "GET /notify/.env HTTP/1.0" 404 179
WARNING 2026-04-19 01:50:07,119 log Not Found: /sender/.env
WARNING 2026-04-19 01:50:07,127 basehttp "GET /sender/.env HTTP/1.0" 404 179
WARNING 2026-04-19 01:50:07,368 log Not Found: /campaign/.env
WARNING 2026-04-19 01:50:07,371 basehttp "GET /campaign/.env HTTP/1.0" 404 179
WARNING 2026-04-19 01:50:07,608 log Not Found: /newsletter/.env
WARNING 2026-04-19 01:50:07,609 basehttp "GET /newsletter/.env HTTP/1.0" 404 179
WARNING 2026-04-19 01:50:07,847 log Not Found: /ses/.env
WARNING 2026-04-19 01:50:07,848 basehttp "GET /ses/.env HTTP/1.0" 404 179
WARNING 2026-04-19 01:50:08,084 log Not Found: /sendgrid/.env
WARNING 2026-04-19 01:50:08,086 basehttp "GET /sendgrid/.env HTTP/1.0" 404 179
WARNING 2026-04-19 01:50:08,324 log Not Found: /sparkpost/.env
WARNING 2026-04-19 01:50:08,325 basehttp "GET /sparkpost/.env HTTP/1.0" 404 179
WARNING 2026-04-19 01:50:08,563 log Not Found: /postmark/.env
WARNING 2026-04-19 01:50:08,563 basehttp "GET /postmark/.env HTTP/1.0" 404 179
WARNING 2026-04-19 01:50:08,801 log Not Found: /mailgun/.env
WARNING 2026-04-19 01:50:08,801 basehttp "GET /mailgun/.env HTTP/1.0" 404 179
WARNING 2026-04-19 01:50:09,038 log Not Found: /mandrill/.env
WARNING 2026-04-19 01:50:09,039 basehttp "GET /mandrill/.env HTTP/1.0" 404 179
WARNING 2026-04-19 01:50:09,277 log Not Found: /mailjet/.env
WARNING 2026-04-19 01:50:09,278 basehttp "GET /mailjet/.env HTTP/1.0" 404 179
WARNING 2026-04-19 01:50:09,515 log Not Found: /brevo/.env
WARNING 2026-04-19 01:50:09,517 basehttp "GET /brevo/.env HTTP/1.0" 404 179
WARNING 2026-04-19 01:50:09,754 log Not Found: /transactional/.env
WARNING 2026-04-19 01:50:09,755 basehttp "GET /transactional/.env HTTP/1.0" 404 179
WARNING 2026-04-19 01:50:09,994 log Not Found: /bulk/.env
WARNING 2026-04-19 01:50:09,995 basehttp "GET /bulk/.env HTTP/1.0" 404 179
WARNING 2026-04-19 01:50:10,233 log Not Found: /phpinfo.php
WARNING 2026-04-19 01:50:10,234 basehttp "GET /phpinfo.php HTTP/1.0" 404 179
WARNING 2026-04-19 01:50:10,471 log Not Found: /info.php
WARNING 2026-04-19 01:50:10,473 basehttp "GET /info.php HTTP/1.0" 404 179
WARNING 2026-04-19 01:50:10,710 log Not Found: /php.php
WARNING 2026-04-19 01:50:10,711 basehttp "GET /php.php HTTP/1.0" 404 179
WARNING 2026-04-19 01:50:10,948 log Not Found: /i.php
WARNING 2026-04-19 01:50:10,949 basehttp "GET /i.php HTTP/1.0" 404 179
WARNING 2026-04-19 01:50:11,185 log Not Found: /pi.php
WARNING 2026-04-19 01:50:11,186 basehttp "GET /pi.php HTTP/1.0" 404 179
WARNING 2026-04-19 01:50:11,423 log Not Found: /pinfo.php
WARNING 2026-04-19 01:50:11,424 basehttp "GET /pinfo.php HTTP/1.0" 404 179
WARNING 2026-04-19 01:50:11,660 log Not Found: /test.php
WARNING 2026-04-19 01:50:11,661 basehttp "GET /test.php HTTP/1.0" 404 179
WARNING 2026-04-19 01:50:11,898 log Not Found: /phpinfo
WARNING 2026-04-19 01:50:11,899 basehttp "GET /phpinfo HTTP/1.0" 404 179
WARNING 2026-04-19 01:50:12,137 log Not Found: /p.php
WARNING 2026-04-19 01:50:12,137 basehttp "GET /p.php HTTP/1.0" 404 179
WARNING 2026-04-19 01:50:12,377 log Not Found: /debug.php
WARNING 2026-04-19 01:50:12,378 basehttp "GET /debug.php HTTP/1.0" 404 179
INFO 2026-04-19 01:50:12,619 basehttp "GET /admin/phpinfo.php HTTP/1.0" 302 0
INFO 2026-04-19 01:50:12,863 basehttp "GET /admin/login/?next=/admin/phpinfo.php HTTP/1.0" 200 4181
WARNING 2026-04-19 01:50:13,099 log Not Found: /test/phpinfo.php
WARNING 2026-04-19 01:50:13,100 basehttp "GET /test/phpinfo.php HTTP/1.0" 404 179
WARNING 2026-04-19 01:50:13,337 log Not Found: /dev/phpinfo.php
WARNING 2026-04-19 01:50:13,338 basehttp "GET /dev/phpinfo.php HTTP/1.0" 404 179
WARNING 2026-04-19 01:50:13,574 log Not Found: /old/phpinfo.php
WARNING 2026-04-19 01:50:13,575 basehttp "GET /old/phpinfo.php HTTP/1.0" 404 179
WARNING 2026-04-19 01:50:13,811 log Not Found: /tmp/phpinfo.php
WARNING 2026-04-19 01:50:13,812 basehttp "GET /tmp/phpinfo.php HTTP/1.0" 404 179
WARNING 2026-04-19 01:50:14,050 log Not Found: /public/phpinfo.php
WARNING 2026-04-19 01:50:14,051 basehttp "GET /public/phpinfo.php HTTP/1.0" 404 179
WARNING 2026-04-19 01:50:14,288 log Not Found: /info
WARNING 2026-04-19 01:50:14,288 basehttp "GET /info HTTP/1.0" 404 179
WARNING 2026-04-19 01:50:14,526 log Not Found: /php-info.php
WARNING 2026-04-19 01:50:14,528 basehttp "GET /php-info.php HTTP/1.0" 404 179
WARNING 2026-04-19 01:50:14,766 log Not Found: /phpversion.php
WARNING 2026-04-19 01:50:14,767 basehttp "GET /phpversion.php HTTP/1.0" 404 179
WARNING 2026-04-19 01:50:15,005 log Not Found: /_phpinfo.php
WARNING 2026-04-19 01:50:15,006 basehttp "GET /_phpinfo.php HTTP/1.0" 404 179
WARNING 2026-04-19 01:50:15,244 log Not Found: /old_phpinfo.php
WARNING 2026-04-19 01:50:15,245 basehttp "GET /old_phpinfo.php HTTP/1.0" 404 179
WARNING 2026-04-19 01:50:15,486 log Not Found: /server-info.php
WARNING 2026-04-19 01:50:15,487 basehttp "GET /server-info.php HTTP/1.0" 404 179
WARNING 2026-04-19 01:50:15,725 log Not Found: /server-status.php
WARNING 2026-04-19 01:50:15,726 basehttp "GET /server-status.php HTTP/1.0" 404 179
WARNING 2026-04-19 01:50:15,963 log Not Found: /_profiler/phpinfo
WARNING 2026-04-19 01:50:15,964 basehttp "GET /_profiler/phpinfo HTTP/1.0" 404 179
WARNING 2026-04-19 01:50:16,201 log Not Found: /_environment
WARNING 2026-04-19 01:50:16,202 basehttp "GET /_environment HTTP/1.0" 404 179
WARNING 2026-04-19 01:50:16,440 log Not Found: /webroot/index.php/_environment
WARNING 2026-04-19 01:50:16,440 basehttp "GET /webroot/index.php/_environment HTTP/1.0" 404 179
WARNING 2026-04-19 01:50:16,677 log Not Found: /mail/phpinfo.php
WARNING 2026-04-19 01:50:16,678 basehttp "GET /mail/phpinfo.php HTTP/1.0" 404 179
WARNING 2026-04-19 01:50:16,915 log Not Found: /cpanel/phpinfo.php
WARNING 2026-04-19 01:50:16,916 basehttp "GET /cpanel/phpinfo.php HTTP/1.0" 404 179
WARNING 2026-04-19 01:50:17,152 log Not Found: /hosting/phpinfo.php
WARNING 2026-04-19 01:50:17,153 basehttp "GET /hosting/phpinfo.php HTTP/1.0" 404 179
WARNING 2026-04-19 01:50:17,397 log Not Found: /webmail/phpinfo.php
WARNING 2026-04-19 01:50:17,402 basehttp "GET /webmail/phpinfo.php HTTP/1.0" 404 179
WARNING 2026-04-19 01:50:17,644 log Not Found: /smtp/phpinfo.php
WARNING 2026-04-19 01:50:17,652 basehttp "GET /smtp/phpinfo.php HTTP/1.0" 404 179
WARNING 2026-04-19 10:09:46,948 log Not Found: /
WARNING 2026-04-19 10:09:46,954 basehttp "GET / HTTP/1.0" 404 179
WARNING 2026-04-19 10:09:52,642 log Not Found: /zxq8m3k-test-none
WARNING 2026-04-19 10:09:52,643 basehttp "GET /zxq8m3k-test-none HTTP/1.0" 404 179
INFO 2026-04-19 17:29:57,158 basehttp "OPTIONS /api/subjects/1c991b13-0009-478b-bf7b-e53b27479f26/stats/ HTTP/1.0" 200 0
INFO 2026-04-19 17:29:57,162 basehttp "OPTIONS /api/subjects/1c991b13-0009-478b-bf7b-e53b27479f26/ HTTP/1.0" 200 0
WARNING 2026-04-19 17:29:57,611 log Unauthorized: /api/subjects/1c991b13-0009-478b-bf7b-e53b27479f26/
WARNING 2026-04-19 17:29:57,612 log Unauthorized: /api/subjects/1c991b13-0009-478b-bf7b-e53b27479f26/stats/
WARNING 2026-04-19 17:29:57,614 basehttp "GET /api/subjects/1c991b13-0009-478b-bf7b-e53b27479f26/stats/ HTTP/1.0" 401 183
WARNING 2026-04-19 17:29:57,614 basehttp "GET /api/subjects/1c991b13-0009-478b-bf7b-e53b27479f26/ HTTP/1.0" 401 183
INFO 2026-04-19 17:29:57,878 basehttp "OPTIONS /api/auth/refresh/ HTTP/1.0" 200 0
INFO 2026-04-19 17:29:57,888 basehttp "OPTIONS /api/auth/refresh/ HTTP/1.0" 200 0
INFO 2026-04-19 17:29:58,043 basehttp "POST /api/auth/refresh/ HTTP/1.0" 200 483
INFO 2026-04-19 17:29:58,047 basehttp "POST /api/auth/refresh/ HTTP/1.0" 200 483
INFO 2026-04-19 17:29:58,348 basehttp "GET /api/subjects/1c991b13-0009-478b-bf7b-e53b27479f26/ HTTP/1.0" 200 361
INFO 2026-04-19 17:29:58,351 basehttp "GET /api/subjects/1c991b13-0009-478b-bf7b-e53b27479f26/stats/ HTTP/1.0" 200 89
INFO 2026-04-19 17:29:58,489 basehttp "OPTIONS /api/topics/?subject_uuid=1c991b13-0009-478b-bf7b-e53b27479f26&ordering=order HTTP/1.0" 200 0
INFO 2026-04-19 17:29:58,732 basehttp "GET /api/topics/?subject_uuid=1c991b13-0009-478b-bf7b-e53b27479f26&ordering=order HTTP/1.0" 200 52
INFO 2026-04-19 17:30:17,341 basehttp "OPTIONS /api/topics/ HTTP/1.0" 200 0
INFO 2026-04-19 17:30:17,529 basehttp "POST /api/topics/ HTTP/1.0" 201 255
INFO 2026-04-19 17:30:17,711 basehttp "GET /api/topics/?subject_uuid=1c991b13-0009-478b-bf7b-e53b27479f26&ordering=order HTTP/1.0" 200 345
INFO 2026-04-19 17:50:40,319 basehttp "OPTIONS /api/subjects/ HTTP/1.0" 200 0
INFO 2026-04-19 17:50:40,591 basehttp "GET /api/subjects/ HTTP/1.0" 200 1880
INFO 2026-04-19 18:01:57,561 autoreload /root/SPS-Subjects-Presentation-System-/spsapp/views.py changed, reloading.
INFO 2026-04-19 18:02:00,322 autoreload Watching for file changes with StatReloader
INFO 2026-04-19 18:02:09,625 autoreload Watching for file changes with StatReloader
INFO 2026-04-19 18:02:38,412 autoreload Watching for file changes with StatReloader
WARNING 2026-04-19 18:04:50,489 log Unauthorized: /api/topics/
WARNING 2026-04-19 18:04:50,490 basehttp "POST /api/topics/ HTTP/1.0" 401 183
INFO 2026-04-19 18:05:02,844 basehttp "POST /api/auth/refresh/ HTTP/1.0" 200 483
ERROR 2026-04-19 18:05:18,857 log Internal Server Error: /api/topics/
Traceback (most recent call last):
  File "/root/SPS-Subjects-Presentation-System-/venv/lib/python3.12/site-packages/django/core/handlers/exception.py", line 55, in inner
    response = get_response(request)
               ^^^^^^^^^^^^^^^^^^^^^
  File "/root/SPS-Subjects-Presentation-System-/venv/lib/python3.12/site-packages/django/core/handlers/base.py", line 197, in _get_response
    response = wrapped_callback(request, *callback_args, **callback_kwargs)
               ^^^^^^^^^^^^^^^^^^^^^^^^^^^^^^^^^^^^^^^^^^^^^^^^^^^^^^^^^^^^
  File "/root/SPS-Subjects-Presentation-System-/venv/lib/python3.12/site-packages/django/views/decorators/csrf.py", line 65, in _view_wrapper
    return view_func(request, *args, **kwargs)
           ^^^^^^^^^^^^^^^^^^^^^^^^^^^^^^^^^^^
  File "/root/SPS-Subjects-Presentation-System-/venv/lib/python3.12/site-packages/rest_framework/viewsets.py", line 125, in view
    return self.dispatch(request, *args, **kwargs)
           ^^^^^^^^^^^^^^^^^^^^^^^^^^^^^^^^^^^^^^^
  File "/root/SPS-Subjects-Presentation-System-/venv/lib/python3.12/site-packages/rest_framework/views.py", line 509, in dispatch
    response = self.handle_exception(exc)
               ^^^^^^^^^^^^^^^^^^^^^^^^^^
  File "/root/SPS-Subjects-Presentation-System-/venv/lib/python3.12/site-packages/rest_framework/views.py", line 469, in handle_exception
    self.raise_uncaught_exception(exc)
  File "/root/SPS-Subjects-Presentation-System-/venv/lib/python3.12/site-packages/rest_framework/views.py", line 480, in raise_uncaught_exception
    raise exc
  File "/root/SPS-Subjects-Presentation-System-/venv/lib/python3.12/site-packages/rest_framework/views.py", line 506, in dispatch
    response = handler(request, *args, **kwargs)
               ^^^^^^^^^^^^^^^^^^^^^^^^^^^^^^^^^
  File "/root/SPS-Subjects-Presentation-System-/venv/lib/python3.12/site-packages/rest_framework/mixins.py", line 19, in create
    self.perform_create(serializer)
  File "/root/SPS-Subjects-Presentation-System-/spsapp/views.py", line 106, in perform_create
    subject = Subject.objects.get(subject_uuid=subject_uuid)
              ^^^^^^^^^^^^^^^^^^^^^^^^^^^^^^^^^^^^^^^^^^^^^^
  File "/root/SPS-Subjects-Presentation-System-/venv/lib/python3.12/site-packages/django/db/models/manager.py", line 87, in manager_method
    return getattr(self.get_queryset(), name)(*args, **kwargs)
           ^^^^^^^^^^^^^^^^^^^^^^^^^^^^^^^^^^^^^^^^^^^^^^^^^^^
  File "/root/SPS-Subjects-Presentation-System-/venv/lib/python3.12/site-packages/django/db/models/query.py", line 647, in get
    raise self.model.DoesNotExist(
spsapp.models.Subject.DoesNotExist: Subject matching query does not exist.
ERROR 2026-04-19 18:05:18,878 basehttp "POST /api/topics/ HTTP/1.0" 500 145
WARNING 2026-04-19 18:07:17,328 log Bad Request: /api/topics/
WARNING 2026-04-19 18:07:17,328 basehttp "POST /api/topics/ HTTP/1.0" 400 54
INFO 2026-04-19 18:16:19,817 autoreload /root/SPS-Subjects-Presentation-System-/spsapp/views.py changed, reloading.
INFO 2026-04-19 18:16:20,800 autoreload Watching for file changes with StatReloader
INFO 2026-04-19 18:17:15,384 autoreload Watching for file changes with StatReloader
INFO 2026-04-19 18:17:21,002 basehttp "PATCH /api/topics/774fa189-43bc-44ad-9dc1-995de325d4ac/ HTTP/1.0" 200 322
WARNING 2026-04-19 18:18:42,376 log Unauthorized: /api/topics/774fa189-43bc-44ad-9dc1-995de325d4ac/
WARNING 2026-04-19 18:18:42,378 basehttp "DELETE /api/topics/774fa189-43bc-44ad-9dc1-995de325d4ac/ HTTP/1.0" 401 58
INFO 2026-04-19 18:18:48,075 basehttp "DELETE /api/topics/774fa189-43bc-44ad-9dc1-995de325d4ac/ HTTP/1.0" 204 0
INFO 2026-04-19 18:24:19,147 basehttp "OPTIONS /api/subjects/ HTTP/1.0" 200 0
WARNING 2026-04-19 18:24:19,320 log Unauthorized: /api/subjects/
WARNING 2026-04-19 18:24:19,323 basehttp "GET /api/subjects/ HTTP/1.0" 401 183
INFO 2026-04-19 18:24:19,504 basehttp "OPTIONS /api/auth/refresh/ HTTP/1.0" 200 0
INFO 2026-04-19 18:24:19,698 basehttp "POST /api/auth/refresh/ HTTP/1.0" 200 483
INFO 2026-04-19 18:24:19,916 basehttp "GET /api/subjects/ HTTP/1.0" 200 1880
INFO 2026-04-19 18:25:23,684 basehttp "GET /api/subjects/ HTTP/1.0" 200 1880
INFO 2026-04-19 18:42:29,530 basehttp "OPTIONS /api/subjects/f4eff948-fc72-49c5-bb14-c13e919845c6/ HTTP/1.0" 200 0
INFO 2026-04-19 18:42:29,534 basehttp "OPTIONS /api/subjects/f4eff948-fc72-49c5-bb14-c13e919845c6/stats/ HTTP/1.0" 200 0
INFO 2026-04-19 18:42:29,536 basehttp "OPTIONS /api/subjects/f4eff948-fc72-49c5-bb14-c13e919845c6/ HTTP/1.0" 200 0
INFO 2026-04-19 18:42:29,537 basehttp "OPTIONS /api/subjects/f4eff948-fc72-49c5-bb14-c13e919845c6/stats/ HTTP/1.0" 200 0
INFO 2026-04-19 18:42:29,718 basehttp "GET /api/subjects/f4eff948-fc72-49c5-bb14-c13e919845c6/ HTTP/1.0" 200 384
INFO 2026-04-19 18:42:29,724 basehttp "GET /api/subjects/f4eff948-fc72-49c5-bb14-c13e919845c6/stats/ HTTP/1.0" 200 89
INFO 2026-04-19 18:42:29,877 basehttp "GET /api/subjects/f4eff948-fc72-49c5-bb14-c13e919845c6/ HTTP/1.0" 200 384
INFO 2026-04-19 18:42:29,895 basehttp "GET /api/subjects/f4eff948-fc72-49c5-bb14-c13e919845c6/stats/ HTTP/1.0" 200 89
INFO 2026-04-19 18:42:29,901 basehttp "OPTIONS /api/topics/?subject_uuid=f4eff948-fc72-49c5-bb14-c13e919845c6&ordering=order HTTP/1.0" 200 0
INFO 2026-04-19 18:42:29,902 basehttp "OPTIONS /api/topics/?subject_uuid=f4eff948-fc72-49c5-bb14-c13e919845c6&ordering=order HTTP/1.0" 200 0
INFO 2026-04-19 18:42:30,066 basehttp "GET /api/topics/?subject_uuid=f4eff948-fc72-49c5-bb14-c13e919845c6&ordering=order HTTP/1.0" 200 397
INFO 2026-04-19 18:42:30,229 basehttp "GET /api/topics/?subject_uuid=f4eff948-fc72-49c5-bb14-c13e919845c6&ordering=order HTTP/1.0" 200 397
INFO 2026-04-19 18:42:44,169 basehttp "OPTIONS /api/topics/c319acb5-5bc3-40b8-a84c-c7bf473f073f/ HTTP/1.0" 200 0
WARNING 2026-04-19 18:42:44,326 log Bad Request: /api/topics/c319acb5-5bc3-40b8-a84c-c7bf473f073f/
WARNING 2026-04-19 18:42:44,326 basehttp "PUT /api/topics/c319acb5-5bc3-40b8-a84c-c7bf473f073f/ HTTP/1.0" 400 54
WARNING 2026-04-19 18:43:17,993 log Bad Request: /api/topics/c319acb5-5bc3-40b8-a84c-c7bf473f073f/
WARNING 2026-04-19 18:43:17,994 basehttp "PUT /api/topics/c319acb5-5bc3-40b8-a84c-c7bf473f073f/ HTTP/1.0" 400 54
WARNING 2026-04-19 18:43:42,225 log Unauthorized: /api/topics/
WARNING 2026-04-19 18:43:42,226 basehttp "GET /api/topics/?subject_uuid=f4eff948-fc72-49c5-bb14-c13e919845c6 HTTP/1.0" 401 183
INFO 2026-04-19 18:44:25,116 basehttp "GET /api/topics/?subject_uuid=f4eff948-fc72-49c5-bb14-c13e919845c6 HTTP/1.0" 200 397
INFO 2026-04-19 18:44:43,519 basehttp "PATCH /api/topics/c319acb5-5bc3-40b8-a84c-c7bf473f073f/ HTTP/1.0" 200 329
INFO 2026-04-19 18:44:49,477 basehttp "GET /api/subjects/ HTTP/1.0" 200 1880
INFO 2026-04-19 18:44:49,683 basehttp "GET /api/subjects/ HTTP/1.0" 200 1880
INFO 2026-04-19 18:44:50,836 basehttp "GET /api/subjects/f4eff948-fc72-49c5-bb14-c13e919845c6/ HTTP/1.0" 200 384
INFO 2026-04-19 18:44:50,850 basehttp "GET /api/subjects/f4eff948-fc72-49c5-bb14-c13e919845c6/stats/ HTTP/1.0" 200 89
INFO 2026-04-19 18:44:51,039 basehttp "GET /api/subjects/f4eff948-fc72-49c5-bb14-c13e919845c6/ HTTP/1.0" 200 384
INFO 2026-04-19 18:44:51,055 basehttp "GET /api/subjects/f4eff948-fc72-49c5-bb14-c13e919845c6/stats/ HTTP/1.0" 200 89
INFO 2026-04-19 18:44:51,116 basehttp "GET /api/topics/?subject_uuid=f4eff948-fc72-49c5-bb14-c13e919845c6&ordering=order HTTP/1.0" 200 381
INFO 2026-04-19 18:44:51,315 basehttp "GET /api/topics/?subject_uuid=f4eff948-fc72-49c5-bb14-c13e919845c6&ordering=order HTTP/1.0" 200 381
WARNING 2026-04-19 18:45:22,511 log Bad Request: /api/topics/c319acb5-5bc3-40b8-a84c-c7bf473f073f/
WARNING 2026-04-19 18:45:22,512 basehttp "PUT /api/topics/c319acb5-5bc3-40b8-a84c-c7bf473f073f/ HTTP/1.0" 400 54
INFO 2026-04-19 18:48:10,792 basehttp "PUT /api/subjects/f4eff948-fc72-49c5-bb14-c13e919845c6/ HTTP/1.0" 200 386
WARNING 2026-04-19 18:52:05,119 log Unauthorized: /api/subjects/
WARNING 2026-04-19 18:52:05,120 basehttp "GET /api/subjects/ HTTP/1.0" 401 183
INFO 2026-04-19 18:52:05,267 basehttp "POST /api/auth/refresh/ HTTP/1.0" 200 483
INFO 2026-04-19 18:52:05,442 basehttp "GET /api/subjects/ HTTP/1.0" 200 1882
INFO 2026-04-19 18:52:08,501 basehttp "OPTIONS /api/subjects/f4eff948-fc72-49c5-bb14-c13e919845c6/ HTTP/1.0" 200 0
INFO 2026-04-19 18:52:08,502 basehttp "OPTIONS /api/subjects/f4eff948-fc72-49c5-bb14-c13e919845c6/stats/ HTTP/1.0" 200 0
INFO 2026-04-19 18:52:08,665 basehttp "GET /api/subjects/f4eff948-fc72-49c5-bb14-c13e919845c6/ HTTP/1.0" 200 386
INFO 2026-04-19 18:52:08,670 basehttp "GET /api/subjects/f4eff948-fc72-49c5-bb14-c13e919845c6/stats/ HTTP/1.0" 200 89
INFO 2026-04-19 18:52:08,811 basehttp "OPTIONS /api/topics/?subject_uuid=f4eff948-fc72-49c5-bb14-c13e919845c6&ordering=order HTTP/1.0" 200 0
INFO 2026-04-19 18:52:08,968 basehttp "GET /api/topics/?subject_uuid=f4eff948-fc72-49c5-bb14-c13e919845c6&ordering=order HTTP/1.0" 200 383
INFO 2026-04-19 18:52:13,400 basehttp "OPTIONS /api/topics/c319acb5-5bc3-40b8-a84c-c7bf473f073f/ HTTP/1.0" 200 0
WARNING 2026-04-19 18:52:13,543 log Bad Request: /api/topics/c319acb5-5bc3-40b8-a84c-c7bf473f073f/
WARNING 2026-04-19 18:52:13,544 basehttp "PUT /api/topics/c319acb5-5bc3-40b8-a84c-c7bf473f073f/ HTTP/1.0" 400 54
INFO 2026-04-19 18:52:42,258 basehttp "GET /api/subjects/f4eff948-fc72-49c5-bb14-c13e919845c6/ HTTP/1.0" 200 386
INFO 2026-04-19 18:52:42,276 basehttp "GET /api/subjects/f4eff948-fc72-49c5-bb14-c13e919845c6/stats/ HTTP/1.0" 200 89
INFO 2026-04-19 18:52:42,512 basehttp "GET /api/topics/?subject_uuid=f4eff948-fc72-49c5-bb14-c13e919845c6&ordering=order HTTP/1.0" 200 383
INFO 2026-04-19 18:52:42,669 basehttp "GET /api/topics/?subject_uuid=f4eff948-fc72-49c5-bb14-c13e919845c6&ordering=order HTTP/1.0" 200 383
INFO 2026-04-19 18:52:56,353 basehttp "GET /api/subjects/f4eff948-fc72-49c5-bb14-c13e919845c6/ HTTP/1.0" 200 386
INFO 2026-04-19 18:52:56,357 basehttp "GET /api/subjects/f4eff948-fc72-49c5-bb14-c13e919845c6/stats/ HTTP/1.0" 200 89
INFO 2026-04-19 18:52:56,631 basehttp "GET /api/topics/?subject_uuid=f4eff948-fc72-49c5-bb14-c13e919845c6&ordering=order HTTP/1.0" 200 383
INFO 2026-04-19 18:52:56,779 basehttp "GET /api/topics/?subject_uuid=f4eff948-fc72-49c5-bb14-c13e919845c6&ordering=order HTTP/1.0" 200 383
INFO 2026-04-19 18:53:47,222 basehttp "GET /api/subjects/f4eff948-fc72-49c5-bb14-c13e919845c6/ HTTP/1.0" 200 386
INFO 2026-04-19 18:53:47,224 basehttp "GET /api/subjects/f4eff948-fc72-49c5-bb14-c13e919845c6/stats/ HTTP/1.0" 200 89
INFO 2026-04-19 18:53:47,539 basehttp "GET /api/topics/?subject_uuid=f4eff948-fc72-49c5-bb14-c13e919845c6&ordering=order HTTP/1.0" 200 383
INFO 2026-04-19 18:53:47,702 basehttp "GET /api/topics/?subject_uuid=f4eff948-fc72-49c5-bb14-c13e919845c6&ordering=order HTTP/1.0" 200 383
INFO 2026-04-19 18:53:52,441 basehttp "PATCH /api/topics/c319acb5-5bc3-40b8-a84c-c7bf473f073f/ HTTP/1.0" 200 333
INFO 2026-04-19 18:53:59,216 basehttp "GET /api/topics/?subject_uuid=f4eff948-fc72-49c5-bb14-c13e919845c6 HTTP/1.0" 200 385
INFO 2026-04-19 18:54:04,208 basehttp "DELETE /api/topics/c319acb5-5bc3-40b8-a84c-c7bf473f073f/ HTTP/1.0" 204 0
INFO 2026-04-19 18:54:07,203 basehttp "GET /api/topics/?subject_uuid=f4eff948-fc72-49c5-bb14-c13e919845c6 HTTP/1.0" 200 52
INFO 2026-04-19 18:54:23,686 basehttp "OPTIONS /api/topics/ HTTP/1.0" 200 0
INFO 2026-04-19 18:54:23,832 basehttp "POST /api/topics/ HTTP/1.0" 201 274
INFO 2026-04-19 18:54:23,986 basehttp "GET /api/topics/?subject_uuid=f4eff948-fc72-49c5-bb14-c13e919845c6&ordering=order HTTP/1.0" 200 364
INFO 2026-04-19 18:55:55,002 basehttp "GET /api/topics/?subject_uuid=f4eff948-fc72-49c5-bb14-c13e919845c6 HTTP/1.0" 200 364
INFO 2026-04-19 18:56:42,373 basehttp "POST /api/resources/ HTTP/1.0" 201 396
WARNING 2026-04-19 18:58:30,084 log Not Found: /
WARNING 2026-04-19 18:58:30,085 basehttp "GET / HTTP/1.0" 404 179
INFO 2026-04-19 18:58:38,620 basehttp "GET /api/subjects/f4eff948-fc72-49c5-bb14-c13e919845c6/ HTTP/1.0" 200 386
INFO 2026-04-19 18:58:38,626 basehttp "GET /api/subjects/f4eff948-fc72-49c5-bb14-c13e919845c6/stats/ HTTP/1.0" 200 89
INFO 2026-04-19 18:58:38,886 basehttp "GET /api/topics/?subject_uuid=f4eff948-fc72-49c5-bb14-c13e919845c6&ordering=order HTTP/1.0" 200 760
INFO 2026-04-19 18:58:39,043 basehttp "GET /api/topics/?subject_uuid=f4eff948-fc72-49c5-bb14-c13e919845c6&ordering=order HTTP/1.0" 200 760
INFO 2026-04-19 18:59:05,402 basehttp "POST /api/resources/ HTTP/1.0" 201 422
WARNING 2026-04-19 19:00:01,888 log Unauthorized: /api/resources/
WARNING 2026-04-19 19:00:01,893 basehttp "GET /api/resources/?topic_uuid=1c1af993-0060-4c6e-b65c-4924c30c383d/ HTTP/1.0" 401 58
ERROR 2026-04-19 19:00:07,090 log Internal Server Error: /api/resources/
Traceback (most recent call last):
  File "/root/SPS-Subjects-Presentation-System-/venv/lib/python3.12/site-packages/django/db/models/fields/__init__.py", line 2747, in to_python
    return uuid.UUID(**{input_form: value})
           ^^^^^^^^^^^^^^^^^^^^^^^^^^^^^^^^
  File "/usr/lib/python3.12/uuid.py", line 178, in __init__
    raise ValueError('badly formed hexadecimal UUID string')
ValueError: badly formed hexadecimal UUID string

During handling of the above exception, another exception occurred:

Traceback (most recent call last):
  File "/root/SPS-Subjects-Presentation-System-/venv/lib/python3.12/site-packages/django/core/handlers/exception.py", line 55, in inner
    response = get_response(request)
               ^^^^^^^^^^^^^^^^^^^^^
  File "/root/SPS-Subjects-Presentation-System-/venv/lib/python3.12/site-packages/django/core/handlers/base.py", line 197, in _get_response
    response = wrapped_callback(request, *callback_args, **callback_kwargs)
               ^^^^^^^^^^^^^^^^^^^^^^^^^^^^^^^^^^^^^^^^^^^^^^^^^^^^^^^^^^^^
  File "/root/SPS-Subjects-Presentation-System-/venv/lib/python3.12/site-packages/django/views/decorators/csrf.py", line 65, in _view_wrapper
    return view_func(request, *args, **kwargs)
           ^^^^^^^^^^^^^^^^^^^^^^^^^^^^^^^^^^^
  File "/root/SPS-Subjects-Presentation-System-/venv/lib/python3.12/site-packages/rest_framework/viewsets.py", line 125, in view
    return self.dispatch(request, *args, **kwargs)
           ^^^^^^^^^^^^^^^^^^^^^^^^^^^^^^^^^^^^^^^
  File "/root/SPS-Subjects-Presentation-System-/venv/lib/python3.12/site-packages/rest_framework/views.py", line 509, in dispatch
    response = self.handle_exception(exc)
               ^^^^^^^^^^^^^^^^^^^^^^^^^^
  File "/root/SPS-Subjects-Presentation-System-/venv/lib/python3.12/site-packages/rest_framework/views.py", line 469, in handle_exception
    self.raise_uncaught_exception(exc)
  File "/root/SPS-Subjects-Presentation-System-/venv/lib/python3.12/site-packages/rest_framework/views.py", line 480, in raise_uncaught_exception
    raise exc
  File "/root/SPS-Subjects-Presentation-System-/venv/lib/python3.12/site-packages/rest_framework/views.py", line 506, in dispatch
    response = handler(request, *args, **kwargs)
               ^^^^^^^^^^^^^^^^^^^^^^^^^^^^^^^^^
  File "/root/SPS-Subjects-Presentation-System-/venv/lib/python3.12/site-packages/rest_framework/mixins.py", line 38, in list
    queryset = self.filter_queryset(self.get_queryset())
                                    ^^^^^^^^^^^^^^^^^^^
  File "/root/SPS-Subjects-Presentation-System-/spsapp/views.py", line 215, in get_queryset
    queryset = queryset.filter(topic__topic_uuid=topic_uuid)
               ^^^^^^^^^^^^^^^^^^^^^^^^^^^^^^^^^^^^^^^^^^^^^
  File "/root/SPS-Subjects-Presentation-System-/venv/lib/python3.12/site-packages/django/db/models/query.py", line 1476, in filter
    return self._filter_or_exclude(False, args, kwargs)
           ^^^^^^^^^^^^^^^^^^^^^^^^^^^^^^^^^^^^^^^^^^^^
  File "/root/SPS-Subjects-Presentation-System-/venv/lib/python3.12/site-packages/django/db/models/query.py", line 1494, in _filter_or_exclude
    clone._filter_or_exclude_inplace(negate, args, kwargs)
  File "/root/SPS-Subjects-Presentation-System-/venv/lib/python3.12/site-packages/django/db/models/query.py", line 1501, in _filter_or_exclude_inplace
    self._query.add_q(Q(*args, **kwargs))
  File "/root/SPS-Subjects-Presentation-System-/venv/lib/python3.12/site-packages/django/db/models/sql/query.py", line 1602, in add_q
    clause, _ = self._add_q(q_object, self.used_aliases)
                ^^^^^^^^^^^^^^^^^^^^^^^^^^^^^^^^^^^^^^^^
  File "/root/SPS-Subjects-Presentation-System-/venv/lib/python3.12/site-packages/django/db/models/sql/query.py", line 1634, in _add_q
    child_clause, needed_inner = self.build_filter(
                                 ^^^^^^^^^^^^^^^^^^
  File "/root/SPS-Subjects-Presentation-System-/venv/lib/python3.12/site-packages/django/db/models/sql/query.py", line 1548, in build_filter
    condition = self.build_lookup(lookups, col, value)
                ^^^^^^^^^^^^^^^^^^^^^^^^^^^^^^^^^^^^^^
  File "/root/SPS-Subjects-Presentation-System-/venv/lib/python3.12/site-packages/django/db/models/sql/query.py", line 1378, in build_lookup
    lookup = lookup_class(lhs, rhs)
             ^^^^^^^^^^^^^^^^^^^^^^
  File "/root/SPS-Subjects-Presentation-System-/venv/lib/python3.12/site-packages/django/db/models/lookups.py", line 30, in __init__
    self.rhs = self.get_prep_lookup()
               ^^^^^^^^^^^^^^^^^^^^^^
  File "/root/SPS-Subjects-Presentation-System-/venv/lib/python3.12/site-packages/django/db/models/lookups.py", line 362, in get_prep_lookup
    return super().get_prep_lookup()
           ^^^^^^^^^^^^^^^^^^^^^^^^^
  File "/root/SPS-Subjects-Presentation-System-/venv/lib/python3.12/site-packages/django/db/models/lookups.py", line 88, in get_prep_lookup
    return self.lhs.output_field.get_prep_value(self.rhs)
           ^^^^^^^^^^^^^^^^^^^^^^^^^^^^^^^^^^^^^^^^^^^^^^
  File "/root/SPS-Subjects-Presentation-System-/venv/lib/python3.12/site-packages/django/db/models/fields/__init__.py", line 2731, in get_prep_value
    return self.to_python(value)
           ^^^^^^^^^^^^^^^^^^^^^
  File "/root/SPS-Subjects-Presentation-System-/venv/lib/python3.12/site-packages/django/db/models/fields/__init__.py", line 2749, in to_python
    raise exceptions.ValidationError(
django.core.exceptions.ValidationError: ['"1c1af993-0060-4c6e-b65c-4924c30c383d/" to\'g\'ri UUID emas.']
ERROR 2026-04-19 19:00:07,120 basehttp "GET /api/resources/?topic_uuid=1c1af993-0060-4c6e-b65c-4924c30c383d/ HTTP/1.0" 500 145
INFO 2026-04-19 19:00:32,053 basehttp "GET /api/resources/?topic=1c1af993-0060-4c6e-b65c-4924c30c383d/ HTTP/1.0" 200 871
INFO 2026-04-19 19:13:37,725 basehttp "GET /api/subjects/f4eff948-fc72-49c5-bb14-c13e919845c6/ HTTP/1.0" 200 386
INFO 2026-04-19 19:13:37,734 basehttp "GET /api/subjects/f4eff948-fc72-49c5-bb14-c13e919845c6/stats/ HTTP/1.0" 200 89
INFO 2026-04-19 19:13:37,990 basehttp "GET /api/topics/?subject_uuid=f4eff948-fc72-49c5-bb14-c13e919845c6&ordering=order HTTP/1.0" 200 1183
INFO 2026-04-19 19:13:38,153 basehttp "GET /api/topics/?subject_uuid=f4eff948-fc72-49c5-bb14-c13e919845c6&ordering=order HTTP/1.0" 200 1183
INFO 2026-04-19 19:14:20,170 basehttp "GET /api/subjects/f4eff948-fc72-49c5-bb14-c13e919845c6/ HTTP/1.0" 200 386
INFO 2026-04-19 19:14:20,170 basehttp "GET /api/subjects/f4eff948-fc72-49c5-bb14-c13e919845c6/stats/ HTTP/1.0" 200 89
INFO 2026-04-19 19:14:20,390 basehttp "GET /api/topics/?subject_uuid=f4eff948-fc72-49c5-bb14-c13e919845c6&ordering=order HTTP/1.0" 200 1183
INFO 2026-04-19 19:14:20,557 basehttp "GET /api/topics/?subject_uuid=f4eff948-fc72-49c5-bb14-c13e919845c6&ordering=order HTTP/1.0" 200 1183
INFO 2026-04-19 19:16:05,592 basehttp "GET /api/subjects/f4eff948-fc72-49c5-bb14-c13e919845c6/ HTTP/1.0" 200 386
INFO 2026-04-19 19:16:05,603 basehttp "GET /api/subjects/f4eff948-fc72-49c5-bb14-c13e919845c6/stats/ HTTP/1.0" 200 89
INFO 2026-04-19 19:16:05,810 basehttp "GET /api/topics/?subject_uuid=f4eff948-fc72-49c5-bb14-c13e919845c6&ordering=order HTTP/1.0" 200 1183
INFO 2026-04-19 19:16:05,986 basehttp "GET /api/topics/?subject_uuid=f4eff948-fc72-49c5-bb14-c13e919845c6&ordering=order HTTP/1.0" 200 1183
INFO 2026-04-19 19:16:41,019 basehttp "GET /api/subjects/f4eff948-fc72-49c5-bb14-c13e919845c6/ HTTP/1.0" 200 386
INFO 2026-04-19 19:16:41,030 basehttp "GET /api/subjects/f4eff948-fc72-49c5-bb14-c13e919845c6/stats/ HTTP/1.0" 200 89
INFO 2026-04-19 19:16:41,231 basehttp "GET /api/topics/?subject_uuid=f4eff948-fc72-49c5-bb14-c13e919845c6&ordering=order HTTP/1.0" 200 1183
INFO 2026-04-19 19:16:41,410 basehttp "GET /api/topics/?subject_uuid=f4eff948-fc72-49c5-bb14-c13e919845c6&ordering=order HTTP/1.0" 200 1183
INFO 2026-04-19 19:17:05,251 basehttp "GET /api/subjects/f4eff948-fc72-49c5-bb14-c13e919845c6/ HTTP/1.0" 200 386
INFO 2026-04-19 19:17:05,280 basehttp "GET /api/subjects/f4eff948-fc72-49c5-bb14-c13e919845c6/stats/ HTTP/1.0" 200 89
INFO 2026-04-19 19:17:05,531 basehttp "GET /api/topics/?subject_uuid=f4eff948-fc72-49c5-bb14-c13e919845c6&ordering=order HTTP/1.0" 200 1183
INFO 2026-04-19 19:17:05,710 basehttp "GET /api/topics/?subject_uuid=f4eff948-fc72-49c5-bb14-c13e919845c6&ordering=order HTTP/1.0" 200 1183
INFO 2026-04-19 19:23:20,034 basehttp "GET /api/subjects/ HTTP/1.0" 200 1882
INFO 2026-04-19 19:23:20,193 basehttp "GET /api/subjects/ HTTP/1.0" 200 1882
INFO 2026-04-19 19:23:32,674 basehttp "GET /api/subjects/f4eff948-fc72-49c5-bb14-c13e919845c6/ HTTP/1.0" 200 386
INFO 2026-04-19 19:23:32,701 basehttp "GET /api/subjects/f4eff948-fc72-49c5-bb14-c13e919845c6/stats/ HTTP/1.0" 200 89
INFO 2026-04-19 19:23:32,715 basehttp "GET /api/topics/?subject_uuid=f4eff948-fc72-49c5-bb14-c13e919845c6&ordering=order HTTP/1.0" 200 1183
INFO 2026-04-19 19:23:32,911 basehttp "GET /api/topics/?subject_uuid=f4eff948-fc72-49c5-bb14-c13e919845c6&ordering=order HTTP/1.0" 200 1183
INFO 2026-04-19 19:23:33,077 basehttp "GET /api/topics/?subject_uuid=f4eff948-fc72-49c5-bb14-c13e919845c6&ordering=order HTTP/1.0" 200 1183
INFO 2026-04-19 19:24:05,278 basehttp "OPTIONS /api/auth/login/ HTTP/1.0" 200 0
INFO 2026-04-19 19:24:05,820 basehttp "POST /api/auth/login/ HTTP/1.0" 200 483
INFO 2026-04-19 19:24:06,242 basehttp "OPTIONS /api/subjects/ HTTP/1.0" 200 0
INFO 2026-04-19 19:24:06,411 basehttp "GET /api/subjects/ HTTP/1.0" 200 1882
INFO 2026-04-19 19:24:08,309 basehttp "OPTIONS /api/subjects/f4eff948-fc72-49c5-bb14-c13e919845c6/ HTTP/1.0" 200 0
INFO 2026-04-19 19:24:08,312 basehttp "OPTIONS /api/subjects/f4eff948-fc72-49c5-bb14-c13e919845c6/stats/ HTTP/1.0" 200 0
INFO 2026-04-19 19:24:08,316 basehttp "OPTIONS /api/topics/?subject_uuid=f4eff948-fc72-49c5-bb14-c13e919845c6&ordering=order HTTP/1.0" 200 0
INFO 2026-04-19 19:24:08,498 basehttp "GET /api/subjects/f4eff948-fc72-49c5-bb14-c13e919845c6/ HTTP/1.0" 200 386
INFO 2026-04-19 19:24:08,511 basehttp "GET /api/topics/?subject_uuid=f4eff948-fc72-49c5-bb14-c13e919845c6&ordering=order HTTP/1.0" 200 1183
INFO 2026-04-19 19:24:08,516 basehttp "GET /api/subjects/f4eff948-fc72-49c5-bb14-c13e919845c6/stats/ HTTP/1.0" 200 89
INFO 2026-04-19 19:24:08,703 basehttp "GET /api/topics/?subject_uuid=f4eff948-fc72-49c5-bb14-c13e919845c6&ordering=order HTTP/1.0" 200 1183
INFO 2026-04-19 19:26:00,340 basehttp "GET /api/subjects/ HTTP/1.0" 200 1882
INFO 2026-04-19 19:26:01,917 basehttp "OPTIONS /api/subjects/1c991b13-0009-478b-bf7b-e53b27479f26/ HTTP/1.0" 200 0
INFO 2026-04-19 19:26:01,938 basehttp "OPTIONS /api/subjects/1c991b13-0009-478b-bf7b-e53b27479f26/stats/ HTTP/1.0" 200 0
INFO 2026-04-19 19:26:01,965 basehttp "OPTIONS /api/topics/?subject_uuid=1c991b13-0009-478b-bf7b-e53b27479f26&ordering=order HTTP/1.0" 200 0
INFO 2026-04-19 19:26:02,167 basehttp "GET /api/subjects/1c991b13-0009-478b-bf7b-e53b27479f26/ HTTP/1.0" 200 361
INFO 2026-04-19 19:26:02,201 basehttp "GET /api/topics/?subject_uuid=1c991b13-0009-478b-bf7b-e53b27479f26&ordering=order HTTP/1.0" 200 345
INFO 2026-04-19 19:26:02,225 basehttp "GET /api/subjects/1c991b13-0009-478b-bf7b-e53b27479f26/stats/ HTTP/1.0" 200 89
INFO 2026-04-19 19:26:02,405 basehttp "GET /api/topics/?subject_uuid=1c991b13-0009-478b-bf7b-e53b27479f26&ordering=order HTTP/1.0" 200 345
INFO 2026-04-19 19:33:07,115 basehttp "OPTIONS /api/auth/login/ HTTP/1.0" 200 0
INFO 2026-04-19 19:33:07,683 basehttp "POST /api/auth/login/ HTTP/1.0" 200 483
INFO 2026-04-19 19:33:08,221 basehttp "OPTIONS /api/subjects/ HTTP/1.0" 200 0
INFO 2026-04-19 19:33:08,224 basehttp "OPTIONS /api/subjects/ HTTP/1.0" 200 0
INFO 2026-04-19 19:33:08,400 basehttp "GET /api/subjects/ HTTP/1.0" 200 1882
INFO 2026-04-19 19:33:08,572 basehttp "GET /api/subjects/ HTTP/1.0" 200 1882
INFO 2026-04-19 19:33:11,198 basehttp "OPTIONS /api/subjects/f4eff948-fc72-49c5-bb14-c13e919845c6/ HTTP/1.0" 200 0
INFO 2026-04-19 19:33:11,201 basehttp "OPTIONS /api/subjects/f4eff948-fc72-49c5-bb14-c13e919845c6/stats/ HTTP/1.0" 200 0
INFO 2026-04-19 19:33:11,213 basehttp "OPTIONS /api/subjects/f4eff948-fc72-49c5-bb14-c13e919845c6/ HTTP/1.0" 200 0
INFO 2026-04-19 19:33:11,213 basehttp "OPTIONS /api/topics/?subject_uuid=f4eff948-fc72-49c5-bb14-c13e919845c6&ordering=order HTTP/1.0" 200 0
INFO 2026-04-19 19:33:11,216 basehttp "OPTIONS /api/subjects/f4eff948-fc72-49c5-bb14-c13e919845c6/stats/ HTTP/1.0" 200 0
INFO 2026-04-19 19:33:11,218 basehttp "OPTIONS /api/topics/?subject_uuid=f4eff948-fc72-49c5-bb14-c13e919845c6&ordering=order HTTP/1.0" 200 0
INFO 2026-04-19 19:33:11,386 basehttp "GET /api/subjects/f4eff948-fc72-49c5-bb14-c13e919845c6/ HTTP/1.0" 200 386
INFO 2026-04-19 19:33:11,399 basehttp "GET /api/subjects/f4eff948-fc72-49c5-bb14-c13e919845c6/stats/ HTTP/1.0" 200 89
INFO 2026-04-19 19:33:11,403 basehttp "GET /api/topics/?subject_uuid=f4eff948-fc72-49c5-bb14-c13e919845c6&ordering=order HTTP/1.0" 200 1183
INFO 2026-04-19 19:33:11,549 basehttp "GET /api/subjects/f4eff948-fc72-49c5-bb14-c13e919845c6/ HTTP/1.0" 200 386
INFO 2026-04-19 19:33:11,582 basehttp "GET /api/subjects/f4eff948-fc72-49c5-bb14-c13e919845c6/stats/ HTTP/1.0" 200 89
INFO 2026-04-19 19:33:11,595 basehttp "GET /api/topics/?subject_uuid=f4eff948-fc72-49c5-bb14-c13e919845c6&ordering=order HTTP/1.0" 200 1183
INFO 2026-04-19 19:33:11,774 basehttp "GET /api/topics/?subject_uuid=f4eff948-fc72-49c5-bb14-c13e919845c6&ordering=order HTTP/1.0" 200 1183
INFO 2026-04-19 19:33:11,937 basehttp "GET /api/topics/?subject_uuid=f4eff948-fc72-49c5-bb14-c13e919845c6&ordering=order HTTP/1.0" 200 1183
INFO 2026-04-19 19:39:14,057 basehttp "GET /api/subjects/f4eff948-fc72-49c5-bb14-c13e919845c6/ HTTP/1.0" 200 386
INFO 2026-04-19 19:39:14,058 basehttp "GET /api/topics/?subject_uuid=f4eff948-fc72-49c5-bb14-c13e919845c6&ordering=order HTTP/1.0" 200 1183
INFO 2026-04-19 19:39:14,062 basehttp "GET /api/subjects/f4eff948-fc72-49c5-bb14-c13e919845c6/stats/ HTTP/1.0" 200 89
INFO 2026-04-19 19:39:14,264 basehttp "GET /api/topics/?subject_uuid=f4eff948-fc72-49c5-bb14-c13e919845c6&ordering=order HTTP/1.0" 200 1183
INFO 2026-04-19 19:39:14,436 basehttp "GET /api/topics/?subject_uuid=f4eff948-fc72-49c5-bb14-c13e919845c6&ordering=order HTTP/1.0" 200 1183
INFO 2026-04-19 19:40:28,570 basehttp "OPTIONS /api/topics/ HTTP/1.0" 200 0
INFO 2026-04-19 19:40:28,744 basehttp "POST /api/topics/ HTTP/1.0" 201 273
INFO 2026-04-19 19:40:28,930 basehttp "GET /api/topics/?subject_uuid=f4eff948-fc72-49c5-bb14-c13e919845c6&ordering=order HTTP/1.0" 200 1495
WARNING 2026-04-19 19:41:56,830 log Unauthorized: /api/resources/
WARNING 2026-04-19 19:41:56,831 basehttp "GET /api/resources/?topic=1c1af993-0060-4c6e-b65c-4924c30c383d HTTP/1.0" 401 58
WARNING 2026-04-19 19:41:56,938 log Unauthorized: /api/resources/
WARNING 2026-04-19 19:41:56,940 basehttp "GET /api/resources/?topic_uuid=1c1af993-0060-4c6e-b65c-4924c30c383d HTTP/1.0" 401 58
WARNING 2026-04-19 19:42:57,208 log Unauthorized: /api/resources/
WARNING 2026-04-19 19:42:57,209 basehttp "GET /api/resources/?topic=1c1af993-0060-4c6e-b65c-4924c30c383d HTTP/1.0" 401 58
WARNING 2026-04-19 19:42:57,277 log Unauthorized: /api/resources/
WARNING 2026-04-19 19:42:57,278 basehttp "GET /api/resources/?topic_uuid=1c1af993-0060-4c6e-b65c-4924c30c383d HTTP/1.0" 401 58
INFO 2026-04-19 19:43:56,648 basehttp "OPTIONS /api/resources/?topic_uuid=1c1af993-0060-4c6e-b65c-4924c30c383d HTTP/1.0" 200 0
INFO 2026-04-19 19:43:56,649 basehttp "OPTIONS /api/resources/ HTTP/1.0" 200 0
INFO 2026-04-19 19:43:56,649 basehttp "OPTIONS /api/resources/?topic=1c1af993-0060-4c6e-b65c-4924c30c383d HTTP/1.0" 200 0
INFO 2026-04-19 19:43:56,810 basehttp "GET /api/resources/ HTTP/1.0" 200 871
INFO 2026-04-19 19:43:56,811 basehttp "GET /api/resources/?topic_uuid=1c1af993-0060-4c6e-b65c-4924c30c383d HTTP/1.0" 200 871
INFO 2026-04-19 19:43:56,831 basehttp "GET /api/resources/?topic=1c1af993-0060-4c6e-b65c-4924c30c383d HTTP/1.0" 200 871
INFO 2026-04-19 19:44:36,041 basehttp "GET /api/resources/?topic=1c1af993-0060-4c6e-b65c-4924c30c383d HTTP/1.0" 200 871
INFO 2026-04-19 19:50:42,129 basehttp "GET /api/subjects/f4eff948-fc72-49c5-bb14-c13e919845c6/ HTTP/1.0" 200 386
INFO 2026-04-19 19:50:42,144 basehttp "GET /api/topics/?subject_uuid=f4eff948-fc72-49c5-bb14-c13e919845c6&ordering=order HTTP/1.0" 200 1495
INFO 2026-04-19 19:50:42,147 basehttp "GET /api/subjects/f4eff948-fc72-49c5-bb14-c13e919845c6/stats/ HTTP/1.0" 200 89
INFO 2026-04-19 19:50:42,379 basehttp "GET /api/topics/?subject_uuid=f4eff948-fc72-49c5-bb14-c13e919845c6&ordering=order HTTP/1.0" 200 1495
INFO 2026-04-19 19:50:42,551 basehttp "GET /api/topics/?subject_uuid=f4eff948-fc72-49c5-bb14-c13e919845c6&ordering=order HTTP/1.0" 200 1495
INFO 2026-04-19 19:54:33,002 basehttp "OPTIONS /api/topics/1c1af993-0060-4c6e-b65c-4924c30c383d/ HTTP/1.0" 200 0
INFO 2026-04-19 19:54:33,034 basehttp "GET /api/subjects/f4eff948-fc72-49c5-bb14-c13e919845c6/ HTTP/1.0" 200 386
INFO 2026-04-19 19:54:33,157 basehttp "GET /api/topics/1c1af993-0060-4c6e-b65c-4924c30c383d/ HTTP/1.0" 200 1131
INFO 2026-04-19 19:54:33,430 basehttp "GET /api/resources/?topic=1c1af993-0060-4c6e-b65c-4924c30c383d HTTP/1.0" 200 871
INFO 2026-04-19 19:54:33,580 basehttp "GET /api/resources/?topic=1c1af993-0060-4c6e-b65c-4924c30c383d HTTP/1.0" 200 871
INFO 2026-04-19 19:54:35,413 basehttp "GET /api/subjects/f4eff948-fc72-49c5-bb14-c13e919845c6/ HTTP/1.0" 200 386
INFO 2026-04-19 19:54:35,421 basehttp "GET /api/topics/1c1af993-0060-4c6e-b65c-4924c30c383d/ HTTP/1.0" 200 1131
INFO 2026-04-19 19:54:35,624 basehttp "GET /api/resources/?topic=1c1af993-0060-4c6e-b65c-4924c30c383d HTTP/1.0" 200 871
INFO 2026-04-19 19:54:35,784 basehttp "GET /api/resources/?topic=1c1af993-0060-4c6e-b65c-4924c30c383d HTTP/1.0" 200 871
INFO 2026-04-19 19:55:01,525 basehttp "GET /api/resources/?topic=1c1af993-0060-4c6e-b65c-4924c30c383d HTTP/1.0" 200 871
INFO 2026-04-19 19:55:01,930 basehttp "GET /api/resources/?topic=1c1af993-0060-4c6e-b65c-4924c30c383d HTTP/1.0" 200 871
WARNING 2026-04-19 19:55:14,544 log Not Found: /favicon.ico
WARNING 2026-04-19 19:55:14,545 basehttp "GET /favicon.ico HTTP/1.0" 404 179
INFO 2026-04-19 19:58:38,239 basehttp "GET /api/subjects/f4eff948-fc72-49c5-bb14-c13e919845c6/ HTTP/1.0" 200 386
INFO 2026-04-19 19:58:38,243 basehttp "GET /api/topics/1c1af993-0060-4c6e-b65c-4924c30c383d/ HTTP/1.0" 200 1131
INFO 2026-04-19 19:58:38,552 basehttp "GET /api/resources/?topic=1c1af993-0060-4c6e-b65c-4924c30c383d HTTP/1.0" 200 871
INFO 2026-04-19 19:58:38,720 basehttp "GET /api/resources/?topic=1c1af993-0060-4c6e-b65c-4924c30c383d HTTP/1.0" 200 871
INFO 2026-04-19 20:00:31,831 autoreload Watching for file changes with StatReloader
INFO 2026-04-19 20:00:35,955 basehttp "GET /api/topics/1c1af993-0060-4c6e-b65c-4924c30c383d/ HTTP/1.0" 200 1131
INFO 2026-04-19 20:00:35,955 basehttp "GET /api/subjects/f4eff948-fc72-49c5-bb14-c13e919845c6/ HTTP/1.0" 200 386
INFO 2026-04-19 20:00:36,187 basehttp "GET /api/resources/?topic=1c1af993-0060-4c6e-b65c-4924c30c383d HTTP/1.0" 200 871
INFO 2026-04-19 20:00:36,355 basehttp "GET /api/resources/?topic=1c1af993-0060-4c6e-b65c-4924c30c383d HTTP/1.0" 200 871
INFO 2026-04-19 20:07:12,875 basehttp "GET /api/topics/1c1af993-0060-4c6e-b65c-4924c30c383d/ HTTP/1.0" 200 1131
INFO 2026-04-19 20:07:12,875 basehttp "GET /api/subjects/f4eff948-fc72-49c5-bb14-c13e919845c6/ HTTP/1.0" 200 386
INFO 2026-04-19 20:07:13,056 basehttp "GET /api/resources/?topic=1c1af993-0060-4c6e-b65c-4924c30c383d HTTP/1.0" 200 871
INFO 2026-04-19 20:07:13,209 basehttp "GET /api/resources/?topic=1c1af993-0060-4c6e-b65c-4924c30c383d HTTP/1.0" 200 871
INFO 2026-04-19 20:15:05,529 basehttp "GET /api/topics/1c1af993-0060-4c6e-b65c-4924c30c383d/ HTTP/1.0" 200 1131
INFO 2026-04-19 20:15:05,532 basehttp "GET /api/subjects/f4eff948-fc72-49c5-bb14-c13e919845c6/ HTTP/1.0" 200 386
INFO 2026-04-19 20:15:05,795 basehttp "GET /api/resources/?topic=1c1af993-0060-4c6e-b65c-4924c30c383d HTTP/1.0" 200 871
INFO 2026-04-19 20:15:05,954 basehttp "GET /api/resources/?topic=1c1af993-0060-4c6e-b65c-4924c30c383d HTTP/1.0" 200 871
WARNING 2026-04-19 20:25:00,087 log Not Found: /api
WARNING 2026-04-19 20:25:00,091 basehttp "GET /api HTTP/1.0" 404 179
WARNING 2026-04-19 20:25:00,275 log Not Found: /favicon.ico
WARNING 2026-04-19 20:25:00,282 basehttp "GET /favicon.ico HTTP/1.0" 404 179
INFO 2026-04-19 20:25:03,660 basehttp "GET /admin/auth/user/ HTTP/1.0" 200 12021
INFO 2026-04-19 20:25:03,920 basehttp "GET /admin/jsi18n/ HTTP/1.0" 200 6253
INFO 2026-04-19 20:43:32,077 basehttp "OPTIONS /api/auth/login/ HTTP/1.0" 200 0
INFO 2026-04-19 20:43:32,676 basehttp "POST /api/auth/login/ HTTP/1.0" 200 483
INFO 2026-04-19 20:43:33,154 basehttp "OPTIONS /api/subjects/ HTTP/1.0" 200 0
INFO 2026-04-19 20:43:33,157 basehttp "OPTIONS /api/subjects/ HTTP/1.0" 200 0
INFO 2026-04-19 20:43:33,340 basehttp "GET /api/subjects/ HTTP/1.0" 200 1882
INFO 2026-04-19 20:43:33,503 basehttp "GET /api/subjects/ HTTP/1.0" 200 1882
INFO 2026-04-19 20:43:36,017 basehttp "OPTIONS /api/subjects/f4eff948-fc72-49c5-bb14-c13e919845c6/ HTTP/1.0" 200 0
INFO 2026-04-19 20:43:36,022 basehttp "OPTIONS /api/subjects/f4eff948-fc72-49c5-bb14-c13e919845c6/stats/ HTTP/1.0" 200 0
INFO 2026-04-19 20:43:36,023 basehttp "OPTIONS /api/topics/?subject_uuid=f4eff948-fc72-49c5-bb14-c13e919845c6&ordering=order HTTP/1.0" 200 0
INFO 2026-04-19 20:43:36,027 basehttp "OPTIONS /api/subjects/f4eff948-fc72-49c5-bb14-c13e919845c6/ HTTP/1.0" 200 0
INFO 2026-04-19 20:43:36,031 basehttp "OPTIONS /api/subjects/f4eff948-fc72-49c5-bb14-c13e919845c6/stats/ HTTP/1.0" 200 0
INFO 2026-04-19 20:43:36,032 basehttp "OPTIONS /api/topics/?subject_uuid=f4eff948-fc72-49c5-bb14-c13e919845c6&ordering=order HTTP/1.0" 200 0
INFO 2026-04-19 20:43:36,196 basehttp "GET /api/subjects/f4eff948-fc72-49c5-bb14-c13e919845c6/ HTTP/1.0" 200 386
INFO 2026-04-19 20:43:36,212 basehttp "GET /api/subjects/f4eff948-fc72-49c5-bb14-c13e919845c6/stats/ HTTP/1.0" 200 89
INFO 2026-04-19 20:43:36,213 basehttp "GET /api/topics/?subject_uuid=f4eff948-fc72-49c5-bb14-c13e919845c6&ordering=order HTTP/1.0" 200 1495
INFO 2026-04-19 20:43:36,382 basehttp "GET /api/subjects/f4eff948-fc72-49c5-bb14-c13e919845c6/ HTTP/1.0" 200 386
INFO 2026-04-19 20:43:36,404 basehttp "GET /api/subjects/f4eff948-fc72-49c5-bb14-c13e919845c6/stats/ HTTP/1.0" 200 89
INFO 2026-04-19 20:43:36,411 basehttp "GET /api/topics/?subject_uuid=f4eff948-fc72-49c5-bb14-c13e919845c6&ordering=order HTTP/1.0" 200 1495
INFO 2026-04-19 20:43:36,594 basehttp "GET /api/topics/?subject_uuid=f4eff948-fc72-49c5-bb14-c13e919845c6&ordering=order HTTP/1.0" 200 1495
INFO 2026-04-19 20:43:36,808 basehttp "GET /api/topics/?subject_uuid=f4eff948-fc72-49c5-bb14-c13e919845c6&ordering=order HTTP/1.0" 200 1495
INFO 2026-04-19 20:43:39,819 basehttp "OPTIONS /api/topics/1c1af993-0060-4c6e-b65c-4924c30c383d/ HTTP/1.0" 200 0
INFO 2026-04-19 20:43:39,820 basehttp "OPTIONS /api/topics/1c1af993-0060-4c6e-b65c-4924c30c383d/ HTTP/1.0" 200 0
INFO 2026-04-19 20:43:39,854 basehttp "GET /api/subjects/f4eff948-fc72-49c5-bb14-c13e919845c6/ HTTP/1.0" 200 386
INFO 2026-04-19 20:43:39,975 basehttp "GET /api/topics/1c1af993-0060-4c6e-b65c-4924c30c383d/ HTTP/1.0" 200 1131
INFO 2026-04-19 20:43:40,015 basehttp "GET /api/subjects/f4eff948-fc72-49c5-bb14-c13e919845c6/ HTTP/1.0" 200 386
INFO 2026-04-19 20:43:40,140 basehttp "OPTIONS /api/resources/?topic=1c1af993-0060-4c6e-b65c-4924c30c383d HTTP/1.0" 200 0
INFO 2026-04-19 20:43:40,141 basehttp "GET /api/topics/1c1af993-0060-4c6e-b65c-4924c30c383d/ HTTP/1.0" 200 1131
INFO 2026-04-19 20:43:40,143 basehttp "OPTIONS /api/resources/?topic=1c1af993-0060-4c6e-b65c-4924c30c383d HTTP/1.0" 200 0
INFO 2026-04-19 20:43:40,303 basehttp "GET /api/resources/?topic=1c1af993-0060-4c6e-b65c-4924c30c383d HTTP/1.0" 200 871
INFO 2026-04-19 20:43:40,463 basehttp "GET /api/resources/?topic=1c1af993-0060-4c6e-b65c-4924c30c383d HTTP/1.0" 200 871
INFO 2026-04-19 20:44:58,053 basehttp "GET /api/resources/?topic=1c1af993-0060-4c6e-b65c-4924c30c383d HTTP/1.0" 200 871
INFO 2026-04-19 20:45:02,022 basehttp "GET /api/topics/?subject_uuid=f4eff948-fc72-49c5-bb14-c13e919845c6&ordering=order HTTP/1.0" 200 1495
INFO 2026-04-19 20:45:02,044 basehttp "GET /api/subjects/f4eff948-fc72-49c5-bb14-c13e919845c6/ HTTP/1.0" 200 386
INFO 2026-04-19 20:45:02,054 basehttp "GET /api/subjects/f4eff948-fc72-49c5-bb14-c13e919845c6/stats/ HTTP/1.0" 200 89
INFO 2026-04-19 20:45:02,310 basehttp "GET /api/topics/?subject_uuid=f4eff948-fc72-49c5-bb14-c13e919845c6&ordering=order HTTP/1.0" 200 1495
INFO 2026-04-19 20:45:02,497 basehttp "GET /api/topics/?subject_uuid=f4eff948-fc72-49c5-bb14-c13e919845c6&ordering=order HTTP/1.0" 200 1495
INFO 2026-04-19 20:45:02,709 basehttp "GET /api/topics/?subject_uuid=f4eff948-fc72-49c5-bb14-c13e919845c6&ordering=order HTTP/1.0" 200 1495
INFO 2026-04-19 20:45:02,893 basehttp "GET /api/topics/?subject_uuid=f4eff948-fc72-49c5-bb14-c13e919845c6&ordering=order HTTP/1.0" 200 1495
INFO 2026-04-19 20:45:08,227 basehttp "GET /api/subjects/f4eff948-fc72-49c5-bb14-c13e919845c6/ HTTP/1.0" 200 386
INFO 2026-04-19 20:45:08,228 basehttp "GET /api/topics/1c1af993-0060-4c6e-b65c-4924c30c383d/ HTTP/1.0" 200 1131
INFO 2026-04-19 20:45:08,397 basehttp "GET /api/subjects/f4eff948-fc72-49c5-bb14-c13e919845c6/ HTTP/1.0" 200 386
INFO 2026-04-19 20:45:08,402 basehttp "GET /api/topics/1c1af993-0060-4c6e-b65c-4924c30c383d/ HTTP/1.0" 200 1131
INFO 2026-04-19 20:45:08,426 basehttp "GET /api/resources/?topic=1c1af993-0060-4c6e-b65c-4924c30c383d HTTP/1.0" 200 871
INFO 2026-04-19 20:45:08,588 basehttp "GET /api/resources/?topic=1c1af993-0060-4c6e-b65c-4924c30c383d HTTP/1.0" 200 871
INFO 2026-04-19 20:46:00,472 basehttp "OPTIONS /api/resources/ HTTP/1.0" 200 0
INFO 2026-04-19 20:46:14,061 basehttp "POST /api/resources/ HTTP/1.0" 201 373
INFO 2026-04-19 20:46:14,502 basehttp "GET /api/resources/?topic=1c1af993-0060-4c6e-b65c-4924c30c383d HTTP/1.0" 200 1245
INFO 2026-04-19 20:52:19,589 basehttp "GET /api/subjects/f4eff948-fc72-49c5-bb14-c13e919845c6/ HTTP/1.0" 200 386
INFO 2026-04-19 20:52:19,590 basehttp "GET /api/topics/1c1af993-0060-4c6e-b65c-4924c30c383d/ HTTP/1.0" 200 1505
INFO 2026-04-19 20:52:19,778 basehttp "GET /api/resources/?topic=1c1af993-0060-4c6e-b65c-4924c30c383d HTTP/1.0" 200 1245
INFO 2026-04-19 20:52:19,931 basehttp "GET /api/resources/?topic=1c1af993-0060-4c6e-b65c-4924c30c383d HTTP/1.0" 200 1245
INFO 2026-04-19 20:52:24,482 basehttp "OPTIONS /api/resources/d657f99a-b983-4597-a0bf-595c5a454a8b/ HTTP/1.0" 200 0
INFO 2026-04-19 20:52:24,676 basehttp "DELETE /api/resources/d657f99a-b983-4597-a0bf-595c5a454a8b/ HTTP/1.0" 204 0
INFO 2026-04-19 20:52:27,421 basehttp "GET /api/topics/1c1af993-0060-4c6e-b65c-4924c30c383d/ HTTP/1.0" 200 1082
INFO 2026-04-19 20:52:27,429 basehttp "GET /api/subjects/f4eff948-fc72-49c5-bb14-c13e919845c6/ HTTP/1.0" 200 386
INFO 2026-04-19 20:52:27,640 basehttp "GET /api/resources/?topic=1c1af993-0060-4c6e-b65c-4924c30c383d HTTP/1.0" 200 822
INFO 2026-04-19 20:52:27,804 basehttp "GET /api/resources/?topic=1c1af993-0060-4c6e-b65c-4924c30c383d HTTP/1.0" 200 822
INFO 2026-04-19 20:53:52,010 basehttp "GET /api/subjects/f4eff948-fc72-49c5-bb14-c13e919845c6/ HTTP/1.0" 200 386
INFO 2026-04-19 20:53:52,032 basehttp "GET /api/topics/?subject_uuid=f4eff948-fc72-49c5-bb14-c13e919845c6&ordering=order HTTP/1.0" 200 1446
INFO 2026-04-19 20:53:52,032 basehttp "GET /api/subjects/f4eff948-fc72-49c5-bb14-c13e919845c6/stats/ HTTP/1.0" 200 89
INFO 2026-04-19 20:53:52,262 basehttp "GET /api/topics/?subject_uuid=f4eff948-fc72-49c5-bb14-c13e919845c6&ordering=order HTTP/1.0" 200 1446
INFO 2026-04-19 20:53:52,431 basehttp "GET /api/topics/?subject_uuid=f4eff948-fc72-49c5-bb14-c13e919845c6&ordering=order HTTP/1.0" 200 1446
INFO 2026-04-19 20:53:58,340 basehttp "GET /api/subjects/f4eff948-fc72-49c5-bb14-c13e919845c6/ HTTP/1.0" 200 386
INFO 2026-04-19 20:53:58,346 basehttp "GET /api/topics/1c1af993-0060-4c6e-b65c-4924c30c383d/ HTTP/1.0" 200 1082
INFO 2026-04-19 20:53:58,506 basehttp "GET /api/subjects/f4eff948-fc72-49c5-bb14-c13e919845c6/ HTTP/1.0" 200 386
INFO 2026-04-19 20:53:58,506 basehttp "GET /api/topics/1c1af993-0060-4c6e-b65c-4924c30c383d/ HTTP/1.0" 200 1082
INFO 2026-04-19 20:53:58,532 basehttp "GET /api/resources/?topic=1c1af993-0060-4c6e-b65c-4924c30c383d HTTP/1.0" 200 822
INFO 2026-04-19 20:53:58,689 basehttp "GET /api/resources/?topic=1c1af993-0060-4c6e-b65c-4924c30c383d HTTP/1.0" 200 822
INFO 2026-04-19 20:54:32,416 basehttp "OPTIONS /api/resources/08a26e57-1689-407f-9c7c-258234ebe5ae/ HTTP/1.0" 200 0
INFO 2026-04-19 20:54:32,567 basehttp "DELETE /api/resources/08a26e57-1689-407f-9c7c-258234ebe5ae/ HTTP/1.0" 204 0
INFO 2026-04-19 20:54:42,291 basehttp "GET /api/resources/?topic=1c1af993-0060-4c6e-b65c-4924c30c383d HTTP/1.0" 200 448
INFO 2026-04-19 20:54:42,437 basehttp "GET /api/resources/?topic=1c1af993-0060-4c6e-b65c-4924c30c383d HTTP/1.0" 200 448
INFO 2026-04-19 21:19:01,633 basehttp "GET /api/subjects/f4eff948-fc72-49c5-bb14-c13e919845c6/ HTTP/1.0" 200 386
INFO 2026-04-19 21:19:01,652 basehttp "GET /api/topics/?subject_uuid=f4eff948-fc72-49c5-bb14-c13e919845c6&ordering=order HTTP/1.0" 200 1072
INFO 2026-04-19 21:19:01,653 basehttp "GET /api/subjects/f4eff948-fc72-49c5-bb14-c13e919845c6/stats/ HTTP/1.0" 200 89
INFO 2026-04-19 21:19:01,844 basehttp "GET /api/topics/?subject_uuid=f4eff948-fc72-49c5-bb14-c13e919845c6&ordering=order HTTP/1.0" 200 1072
INFO 2026-04-19 21:19:02,045 basehttp "GET /api/topics/?subject_uuid=f4eff948-fc72-49c5-bb14-c13e919845c6&ordering=order HTTP/1.0" 200 1072
INFO 2026-04-19 21:19:02,249 basehttp "GET /api/topics/?subject_uuid=f4eff948-fc72-49c5-bb14-c13e919845c6&ordering=order HTTP/1.0" 200 1072
INFO 2026-04-19 21:19:02,425 basehttp "GET /api/topics/?subject_uuid=f4eff948-fc72-49c5-bb14-c13e919845c6&ordering=order HTTP/1.0" 200 1072
WARNING 2026-04-20 05:51:03,947 log Not Found: /
WARNING 2026-04-20 05:51:03,965 basehttp "GET / HTTP/1.0" 404 179
INFO 2026-04-20 10:15:31,594 basehttp "OPTIONS /api/auth/login/ HTTP/1.0" 200 0
INFO 2026-04-20 10:15:33,798 basehttp "POST /api/auth/login/ HTTP/1.0" 200 483
INFO 2026-04-20 10:15:35,801 basehttp "OPTIONS /api/subjects/ HTTP/1.0" 200 0
INFO 2026-04-20 10:15:35,804 basehttp "OPTIONS /api/subjects/ HTTP/1.0" 200 0
INFO 2026-04-20 10:15:37,528 basehttp "GET /api/subjects/ HTTP/1.0" 200 1882
INFO 2026-04-20 10:15:38,925 basehttp "GET /api/subjects/ HTTP/1.0" 200 1882
INFO 2026-04-20 10:15:45,314 basehttp "OPTIONS /api/subjects/f4eff948-fc72-49c5-bb14-c13e919845c6/ HTTP/1.0" 200 0
INFO 2026-04-20 10:15:45,319 basehttp "OPTIONS /api/subjects/f4eff948-fc72-49c5-bb14-c13e919845c6/stats/ HTTP/1.0" 200 0
INFO 2026-04-20 10:15:45,320 basehttp "OPTIONS /api/topics/?subject_uuid=f4eff948-fc72-49c5-bb14-c13e919845c6&ordering=order HTTP/1.0" 200 0
INFO 2026-04-20 10:15:45,326 basehttp "OPTIONS /api/subjects/f4eff948-fc72-49c5-bb14-c13e919845c6/stats/ HTTP/1.0" 200 0
INFO 2026-04-20 10:15:45,328 basehttp "OPTIONS /api/subjects/f4eff948-fc72-49c5-bb14-c13e919845c6/ HTTP/1.0" 200 0
INFO 2026-04-20 10:15:45,330 basehttp "OPTIONS /api/topics/?subject_uuid=f4eff948-fc72-49c5-bb14-c13e919845c6&ordering=order HTTP/1.0" 200 0
INFO 2026-04-20 10:15:46,886 basehttp "GET /api/subjects/f4eff948-fc72-49c5-bb14-c13e919845c6/ HTTP/1.0" 200 386
INFO 2026-04-20 10:15:46,916 basehttp "GET /api/subjects/f4eff948-fc72-49c5-bb14-c13e919845c6/stats/ HTTP/1.0" 200 89
INFO 2026-04-20 10:15:46,933 basehttp "GET /api/topics/?subject_uuid=f4eff948-fc72-49c5-bb14-c13e919845c6&ordering=order HTTP/1.0" 200 1072
INFO 2026-04-20 10:15:48,640 basehttp "GET /api/subjects/f4eff948-fc72-49c5-bb14-c13e919845c6/ HTTP/1.0" 200 386
INFO 2026-04-20 10:15:48,713 basehttp "GET /api/subjects/f4eff948-fc72-49c5-bb14-c13e919845c6/stats/ HTTP/1.0" 200 89
INFO 2026-04-20 10:15:48,795 basehttp "GET /api/topics/?subject_uuid=f4eff948-fc72-49c5-bb14-c13e919845c6&ordering=order HTTP/1.0" 200 1072
INFO 2026-04-20 10:15:50,597 basehttp "GET /api/topics/?subject_uuid=f4eff948-fc72-49c5-bb14-c13e919845c6&ordering=order HTTP/1.0" 200 1072
INFO 2026-04-20 10:15:50,886 basehttp "GET /api/topics/?subject_uuid=f4eff948-fc72-49c5-bb14-c13e919845c6&ordering=order HTTP/1.0" 200 1072
INFO 2026-04-20 10:15:55,712 basehttp "OPTIONS /api/topics/1c1af993-0060-4c6e-b65c-4924c30c383d/ HTTP/1.0" 200 0
INFO 2026-04-20 10:15:55,717 basehttp "OPTIONS /api/topics/1c1af993-0060-4c6e-b65c-4924c30c383d/ HTTP/1.0" 200 0
INFO 2026-04-20 10:15:55,744 basehttp "GET /api/subjects/f4eff948-fc72-49c5-bb14-c13e919845c6/ HTTP/1.0" 200 386
INFO 2026-04-20 10:15:55,969 basehttp "GET /api/subjects/f4eff948-fc72-49c5-bb14-c13e919845c6/ HTTP/1.0" 200 386
INFO 2026-04-20 10:15:55,974 basehttp "GET /api/topics/1c1af993-0060-4c6e-b65c-4924c30c383d/ HTTP/1.0" 200 708
INFO 2026-04-20 10:15:56,206 basehttp "OPTIONS /api/resources/?topic=1c1af993-0060-4c6e-b65c-4924c30c383d HTTP/1.0" 200 0
INFO 2026-04-20 10:15:56,208 basehttp "OPTIONS /api/resources/?topic=1c1af993-0060-4c6e-b65c-4924c30c383d HTTP/1.0" 200 0
INFO 2026-04-20 10:15:56,215 basehttp "GET /api/topics/1c1af993-0060-4c6e-b65c-4924c30c383d/ HTTP/1.0" 200 708
INFO 2026-04-20 10:15:56,526 basehttp "GET /api/resources/?topic=1c1af993-0060-4c6e-b65c-4924c30c383d HTTP/1.0" 200 448
INFO 2026-04-20 10:15:56,820 basehttp "GET /api/resources/?topic=1c1af993-0060-4c6e-b65c-4924c30c383d HTTP/1.0" 200 448
INFO 2026-04-20 10:16:10,678 basehttp "GET /api/resources/?topic=1c1af993-0060-4c6e-b65c-4924c30c383d HTTP/1.0" 200 448
INFO 2026-04-20 10:16:10,857 basehttp "GET /api/resources/?topic=1c1af993-0060-4c6e-b65c-4924c30c383d HTTP/1.0" 200 448
INFO 2026-04-20 10:16:26,867 basehttp "GET /api/topics/?subject_uuid=f4eff948-fc72-49c5-bb14-c13e919845c6&ordering=order HTTP/1.0" 200 1072
INFO 2026-04-20 10:16:26,875 basehttp "GET /api/subjects/f4eff948-fc72-49c5-bb14-c13e919845c6/ HTTP/1.0" 200 386
INFO 2026-04-20 10:16:26,890 basehttp "GET /api/subjects/f4eff948-fc72-49c5-bb14-c13e919845c6/stats/ HTTP/1.0" 200 89
INFO 2026-04-20 10:16:27,080 basehttp "GET /api/topics/?subject_uuid=f4eff948-fc72-49c5-bb14-c13e919845c6&ordering=order HTTP/1.0" 200 1072
INFO 2026-04-20 10:16:27,331 basehttp "GET /api/topics/?subject_uuid=f4eff948-fc72-49c5-bb14-c13e919845c6&ordering=order HTTP/1.0" 200 1072
INFO 2026-04-20 10:16:27,629 basehttp "GET /api/topics/?subject_uuid=f4eff948-fc72-49c5-bb14-c13e919845c6&ordering=order HTTP/1.0" 200 1072
INFO 2026-04-20 10:16:27,927 basehttp "GET /api/topics/?subject_uuid=f4eff948-fc72-49c5-bb14-c13e919845c6&ordering=order HTTP/1.0" 200 1072
INFO 2026-04-20 10:16:28,787 basehttp "GET /api/subjects/ HTTP/1.0" 200 1882
INFO 2026-04-20 10:16:28,987 basehttp "GET /api/subjects/ HTTP/1.0" 200 1882
INFO 2026-04-20 10:16:37,257 basehttp "GET /api/subjects/f4eff948-fc72-49c5-bb14-c13e919845c6/ HTTP/1.0" 200 386
INFO 2026-04-20 10:16:37,282 basehttp "GET /api/subjects/f4eff948-fc72-49c5-bb14-c13e919845c6/stats/ HTTP/1.0" 200 89
INFO 2026-04-20 10:16:37,299 basehttp "GET /api/topics/?subject_uuid=f4eff948-fc72-49c5-bb14-c13e919845c6&ordering=order HTTP/1.0" 200 1072
INFO 2026-04-20 10:16:37,434 basehttp "GET /api/subjects/f4eff948-fc72-49c5-bb14-c13e919845c6/ HTTP/1.0" 200 386
INFO 2026-04-20 10:16:37,491 basehttp "GET /api/subjects/f4eff948-fc72-49c5-bb14-c13e919845c6/stats/ HTTP/1.0" 200 89
INFO 2026-04-20 10:16:37,493 basehttp "GET /api/topics/?subject_uuid=f4eff948-fc72-49c5-bb14-c13e919845c6&ordering=order HTTP/1.0" 200 1072
INFO 2026-04-20 10:16:37,682 basehttp "GET /api/topics/?subject_uuid=f4eff948-fc72-49c5-bb14-c13e919845c6&ordering=order HTTP/1.0" 200 1072
INFO 2026-04-20 10:16:37,861 basehttp "GET /api/topics/?subject_uuid=f4eff948-fc72-49c5-bb14-c13e919845c6&ordering=order HTTP/1.0" 200 1072
INFO 2026-04-20 10:16:40,457 basehttp "GET /api/subjects/f4eff948-fc72-49c5-bb14-c13e919845c6/ HTTP/1.0" 200 386
INFO 2026-04-20 10:16:40,458 basehttp "GET /api/topics/1c1af993-0060-4c6e-b65c-4924c30c383d/ HTTP/1.0" 200 708
INFO 2026-04-20 10:16:40,636 basehttp "GET /api/subjects/f4eff948-fc72-49c5-bb14-c13e919845c6/ HTTP/1.0" 200 386
INFO 2026-04-20 10:16:40,644 basehttp "GET /api/topics/1c1af993-0060-4c6e-b65c-4924c30c383d/ HTTP/1.0" 200 708
INFO 2026-04-20 10:16:40,668 basehttp "GET /api/resources/?topic=1c1af993-0060-4c6e-b65c-4924c30c383d HTTP/1.0" 200 448
INFO 2026-04-20 10:16:40,850 basehttp "GET /api/resources/?topic=1c1af993-0060-4c6e-b65c-4924c30c383d HTTP/1.0" 200 448
INFO 2026-04-20 10:16:45,799 basehttp "GET /api/resources/?topic=1c1af993-0060-4c6e-b65c-4924c30c383d HTTP/1.0" 200 448
INFO 2026-04-20 10:16:46,071 basehttp "GET /api/resources/?topic=1c1af993-0060-4c6e-b65c-4924c30c383d HTTP/1.0" 200 448
INFO 2026-04-20 10:16:48,722 basehttp "GET /api/subjects/f4eff948-fc72-49c5-bb14-c13e919845c6/ HTTP/1.0" 200 386
INFO 2026-04-20 10:16:48,722 basehttp "GET /api/topics/?subject_uuid=f4eff948-fc72-49c5-bb14-c13e919845c6&ordering=order HTTP/1.0" 200 1072
INFO 2026-04-20 10:16:48,726 basehttp "GET /api/subjects/f4eff948-fc72-49c5-bb14-c13e919845c6/stats/ HTTP/1.0" 200 89
INFO 2026-04-20 10:16:49,036 basehttp "GET /api/topics/?subject_uuid=f4eff948-fc72-49c5-bb14-c13e919845c6&ordering=order HTTP/1.0" 200 1072
INFO 2026-04-20 10:16:49,221 basehttp "GET /api/topics/?subject_uuid=f4eff948-fc72-49c5-bb14-c13e919845c6&ordering=order HTTP/1.0" 200 1072
INFO 2026-04-20 10:16:49,398 basehttp "GET /api/topics/?subject_uuid=f4eff948-fc72-49c5-bb14-c13e919845c6&ordering=order HTTP/1.0" 200 1072
INFO 2026-04-20 10:16:49,617 basehttp "GET /api/topics/?subject_uuid=f4eff948-fc72-49c5-bb14-c13e919845c6&ordering=order HTTP/1.0" 200 1072
INFO 2026-04-20 10:16:50,255 basehttp "GET /api/subjects/ HTTP/1.0" 200 1882
INFO 2026-04-20 10:16:50,455 basehttp "GET /api/subjects/ HTTP/1.0" 200 1882
INFO 2026-04-20 10:28:24,578 basehttp "POST /api/auth/refresh/ HTTP/1.0" 200 483
INFO 2026-04-20 10:28:36,234 basehttp "GET /api/topics/?subject_uuid=f4eff948-fc72-49c5-bb14-c13e919845c6 HTTP/1.0" 200 1072
WARNING 2026-04-20 10:29:44,290 log Not Found: /api/quiz/
WARNING 2026-04-20 10:29:44,291 basehttp "POST /api/quiz/ HTTP/1.0" 404 179
WARNING 2026-04-20 10:30:10,483 log Bad Request: /api/quizzes/
WARNING 2026-04-20 10:30:10,484 basehttp "POST /api/quizzes/ HTTP/1.0" 400 62
INFO 2026-04-20 10:40:51,707 autoreload /root/SPS-Subjects-Presentation-System-/spsapp/serializers.py changed, reloading.
INFO 2026-04-20 10:40:53,812 autoreload Watching for file changes with StatReloader
INFO 2026-04-20 10:41:44,865 autoreload /root/SPS-Subjects-Presentation-System-/spsapp/views.py changed, reloading.
INFO 2026-04-20 10:41:45,565 autoreload Watching for file changes with StatReloader
INFO 2026-04-20 10:42:11,454 autoreload Watching for file changes with StatReloader
ERROR 2026-04-20 10:42:18,447 log Internal Server Error: /api/quizzes/
Traceback (most recent call last):
  File "/root/SPS-Subjects-Presentation-System-/venv/lib/python3.12/site-packages/django/core/handlers/exception.py", line 55, in inner
    response = get_response(request)
               ^^^^^^^^^^^^^^^^^^^^^
  File "/root/SPS-Subjects-Presentation-System-/venv/lib/python3.12/site-packages/django/core/handlers/base.py", line 197, in _get_response
    response = wrapped_callback(request, *callback_args, **callback_kwargs)
               ^^^^^^^^^^^^^^^^^^^^^^^^^^^^^^^^^^^^^^^^^^^^^^^^^^^^^^^^^^^^
  File "/root/SPS-Subjects-Presentation-System-/venv/lib/python3.12/site-packages/django/views/decorators/csrf.py", line 65, in _view_wrapper
    return view_func(request, *args, **kwargs)
           ^^^^^^^^^^^^^^^^^^^^^^^^^^^^^^^^^^^
  File "/root/SPS-Subjects-Presentation-System-/venv/lib/python3.12/site-packages/rest_framework/viewsets.py", line 125, in view
    return self.dispatch(request, *args, **kwargs)
           ^^^^^^^^^^^^^^^^^^^^^^^^^^^^^^^^^^^^^^^
  File "/root/SPS-Subjects-Presentation-System-/venv/lib/python3.12/site-packages/rest_framework/views.py", line 509, in dispatch
    response = self.handle_exception(exc)
               ^^^^^^^^^^^^^^^^^^^^^^^^^^
  File "/root/SPS-Subjects-Presentation-System-/venv/lib/python3.12/site-packages/rest_framework/views.py", line 469, in handle_exception
    self.raise_uncaught_exception(exc)
  File "/root/SPS-Subjects-Presentation-System-/venv/lib/python3.12/site-packages/rest_framework/views.py", line 480, in raise_uncaught_exception
    raise exc
  File "/root/SPS-Subjects-Presentation-System-/venv/lib/python3.12/site-packages/rest_framework/views.py", line 506, in dispatch
    response = handler(request, *args, **kwargs)
               ^^^^^^^^^^^^^^^^^^^^^^^^^^^^^^^^^
  File "/root/SPS-Subjects-Presentation-System-/venv/lib/python3.12/site-packages/rest_framework/mixins.py", line 19, in create
    self.perform_create(serializer)
  File "/root/SPS-Subjects-Presentation-System-/spsapp/views.py", line 298, in perform_create
    raise ValidationError({'topic_uuid': 'This field is required'})
          ^^^^^^^^^^^^^^^
NameError: name 'ValidationError' is not defined
ERROR 2026-04-20 10:42:18,470 basehttp "POST /api/quizzes/ HTTP/1.0" 500 145
INFO 2026-04-20 10:42:35,217 basehttp "POST /api/quizzes/ HTTP/1.0" 201 984
WARNING 2026-04-20 10:44:53,704 log Unauthorized: /api/quizzes/1c1af993-0060-4c6e-b65c-4924c30c383d/
WARNING 2026-04-20 10:44:53,705 basehttp "GET /api/quizzes/1c1af993-0060-4c6e-b65c-4924c30c383d/ HTTP/1.0" 401 58
WARNING 2026-04-20 10:45:06,274 log Not Found: /api/quizzes/1c1af993-0060-4c6e-b65c-4924c30c383d/
WARNING 2026-04-20 10:45:06,275 basehttp "GET /api/quizzes/1c1af993-0060-4c6e-b65c-4924c30c383d/ HTTP/1.0" 404 23
ERROR 2026-04-20 10:45:28,699 log Internal Server Error: /api/quizzes/
Traceback (most recent call last):
  File "/root/SPS-Subjects-Presentation-System-/venv/lib/python3.12/site-packages/django/db/models/fields/__init__.py", line 2747, in to_python
    return uuid.UUID(**{input_form: value})
           ^^^^^^^^^^^^^^^^^^^^^^^^^^^^^^^^
  File "/usr/lib/python3.12/uuid.py", line 178, in __init__
    raise ValueError('badly formed hexadecimal UUID string')
ValueError: badly formed hexadecimal UUID string

During handling of the above exception, another exception occurred:

Traceback (most recent call last):
  File "/root/SPS-Subjects-Presentation-System-/venv/lib/python3.12/site-packages/django/core/handlers/exception.py", line 55, in inner
    response = get_response(request)
               ^^^^^^^^^^^^^^^^^^^^^
  File "/root/SPS-Subjects-Presentation-System-/venv/lib/python3.12/site-packages/django/core/handlers/base.py", line 197, in _get_response
    response = wrapped_callback(request, *callback_args, **callback_kwargs)
               ^^^^^^^^^^^^^^^^^^^^^^^^^^^^^^^^^^^^^^^^^^^^^^^^^^^^^^^^^^^^
  File "/root/SPS-Subjects-Presentation-System-/venv/lib/python3.12/site-packages/django/views/decorators/csrf.py", line 65, in _view_wrapper
    return view_func(request, *args, **kwargs)
           ^^^^^^^^^^^^^^^^^^^^^^^^^^^^^^^^^^^
  File "/root/SPS-Subjects-Presentation-System-/venv/lib/python3.12/site-packages/rest_framework/viewsets.py", line 125, in view
    return self.dispatch(request, *args, **kwargs)
           ^^^^^^^^^^^^^^^^^^^^^^^^^^^^^^^^^^^^^^^
  File "/root/SPS-Subjects-Presentation-System-/venv/lib/python3.12/site-packages/rest_framework/views.py", line 509, in dispatch
    response = self.handle_exception(exc)
               ^^^^^^^^^^^^^^^^^^^^^^^^^^
  File "/root/SPS-Subjects-Presentation-System-/venv/lib/python3.12/site-packages/rest_framework/views.py", line 469, in handle_exception
    self.raise_uncaught_exception(exc)
  File "/root/SPS-Subjects-Presentation-System-/venv/lib/python3.12/site-packages/rest_framework/views.py", line 480, in raise_uncaught_exception
    raise exc
  File "/root/SPS-Subjects-Presentation-System-/venv/lib/python3.12/site-packages/rest_framework/views.py", line 506, in dispatch
    response = handler(request, *args, **kwargs)
               ^^^^^^^^^^^^^^^^^^^^^^^^^^^^^^^^^
  File "/root/SPS-Subjects-Presentation-System-/venv/lib/python3.12/site-packages/rest_framework/mixins.py", line 38, in list
    queryset = self.filter_queryset(self.get_queryset())
                                    ^^^^^^^^^^^^^^^^^^^
  File "/root/SPS-Subjects-Presentation-System-/spsapp/views.py", line 289, in get_queryset
    queryset = queryset.filter(topic__topic_uuid=topic_uuid)
               ^^^^^^^^^^^^^^^^^^^^^^^^^^^^^^^^^^^^^^^^^^^^^
  File "/root/SPS-Subjects-Presentation-System-/venv/lib/python3.12/site-packages/django/db/models/query.py", line 1476, in filter
    return self._filter_or_exclude(False, args, kwargs)
           ^^^^^^^^^^^^^^^^^^^^^^^^^^^^^^^^^^^^^^^^^^^^
  File "/root/SPS-Subjects-Presentation-System-/venv/lib/python3.12/site-packages/django/db/models/query.py", line 1494, in _filter_or_exclude
    clone._filter_or_exclude_inplace(negate, args, kwargs)
  File "/root/SPS-Subjects-Presentation-System-/venv/lib/python3.12/site-packages/django/db/models/query.py", line 1501, in _filter_or_exclude_inplace
    self._query.add_q(Q(*args, **kwargs))
  File "/root/SPS-Subjects-Presentation-System-/venv/lib/python3.12/site-packages/django/db/models/sql/query.py", line 1602, in add_q
    clause, _ = self._add_q(q_object, self.used_aliases)
                ^^^^^^^^^^^^^^^^^^^^^^^^^^^^^^^^^^^^^^^^
  File "/root/SPS-Subjects-Presentation-System-/venv/lib/python3.12/site-packages/django/db/models/sql/query.py", line 1634, in _add_q
    child_clause, needed_inner = self.build_filter(
                                 ^^^^^^^^^^^^^^^^^^
  File "/root/SPS-Subjects-Presentation-System-/venv/lib/python3.12/site-packages/django/db/models/sql/query.py", line 1548, in build_filter
    condition = self.build_lookup(lookups, col, value)
                ^^^^^^^^^^^^^^^^^^^^^^^^^^^^^^^^^^^^^^
  File "/root/SPS-Subjects-Presentation-System-/venv/lib/python3.12/site-packages/django/db/models/sql/query.py", line 1378, in build_lookup
    lookup = lookup_class(lhs, rhs)
             ^^^^^^^^^^^^^^^^^^^^^^
  File "/root/SPS-Subjects-Presentation-System-/venv/lib/python3.12/site-packages/django/db/models/lookups.py", line 30, in __init__
    self.rhs = self.get_prep_lookup()
               ^^^^^^^^^^^^^^^^^^^^^^
  File "/root/SPS-Subjects-Presentation-System-/venv/lib/python3.12/site-packages/django/db/models/lookups.py", line 362, in get_prep_lookup
    return super().get_prep_lookup()
           ^^^^^^^^^^^^^^^^^^^^^^^^^
  File "/root/SPS-Subjects-Presentation-System-/venv/lib/python3.12/site-packages/django/db/models/lookups.py", line 88, in get_prep_lookup
    return self.lhs.output_field.get_prep_value(self.rhs)
           ^^^^^^^^^^^^^^^^^^^^^^^^^^^^^^^^^^^^^^^^^^^^^^
  File "/root/SPS-Subjects-Presentation-System-/venv/lib/python3.12/site-packages/django/db/models/fields/__init__.py", line 2731, in get_prep_value
    return self.to_python(value)
           ^^^^^^^^^^^^^^^^^^^^^
  File "/root/SPS-Subjects-Presentation-System-/venv/lib/python3.12/site-packages/django/db/models/fields/__init__.py", line 2749, in to_python
    raise exceptions.ValidationError(
django.core.exceptions.ValidationError: ['"1c1af993-0060-4c6e-b65c-4924c30c383d/" to\'g\'ri UUID emas.']
ERROR 2026-04-20 10:45:28,718 basehttp "GET /api/quizzes/?topic_uuid=1c1af993-0060-4c6e-b65c-4924c30c383d/ HTTP/1.0" 500 145
INFO 2026-04-20 10:45:38,527 basehttp "GET /api/quizzes/?topic_uuid=1c1af993-0060-4c6e-b65c-4924c30c383d HTTP/1.0" 200 1071
INFO 2026-04-20 10:47:20,767 basehttp "GET /api/quizzes/8fd8d09c-d5b1-4e44-903c-3fb1aea4ebb5/ HTTP/1.0" 200 1019
INFO 2026-04-20 10:54:01,497 basehttp "PATCH /api/quizzes/8fd8d09c-d5b1-4e44-903c-3fb1aea4ebb5/ HTTP/1.0" 200 1025
WARNING 2026-04-20 10:55:05,401 log Unauthorized: /api/quizzes/8fd8d09c-d5b1-4e44-903c-3fb1aea4ebb5/regenerate-code/
WARNING 2026-04-20 10:55:05,402 basehttp "POST /api/quizzes/8fd8d09c-d5b1-4e44-903c-3fb1aea4ebb5/regenerate-code/ HTTP/1.0" 401 58
INFO 2026-04-20 10:55:10,731 basehttp "POST /api/quizzes/8fd8d09c-d5b1-4e44-903c-3fb1aea4ebb5/regenerate-code/ HTTP/1.0" 200 25
WARNING 2026-04-20 11:01:34,175 log Not Found: /api/quizzes/8fd8d09c-d5b1-4e44-903c-3fb1aea4ebb5/results
WARNING 2026-04-20 11:01:34,176 basehttp "GET /api/quizzes/8fd8d09c-d5b1-4e44-903c-3fb1aea4ebb5/results HTTP/1.0" 404 179
WARNING 2026-04-20 11:01:40,701 log Not Found: /api/quizzes/8fd8d09c-d5b1-4e44-903c-3fb1aea4ebb5/results
WARNING 2026-04-20 11:01:40,701 basehttp "GET /api/quizzes/8fd8d09c-d5b1-4e44-903c-3fb1aea4ebb5/results HTTP/1.0" 404 179
INFO 2026-04-20 11:01:47,543 basehttp "GET /api/quizzes/8fd8d09c-d5b1-4e44-903c-3fb1aea4ebb5/results/ HTTP/1.0" 200 1155
INFO 2026-04-20 11:02:42,082 basehttp "GET /api/quizzes/8fd8d09c-d5b1-4e44-903c-3fb1aea4ebb5/export-excel/ HTTP/1.0" 200 5013
WARNING 2026-04-20 13:10:21,226 log Not Found: /
WARNING 2026-04-20 13:10:21,234 basehttp "GET / HTTP/1.0" 404 179
WARNING 2026-04-20 13:13:41,776 log Not Found: /.git/config
WARNING 2026-04-20 13:13:41,777 basehttp "GET /.git/config HTTP/1.0" 404 179
WARNING 2026-04-20 15:39:10,802 log Not Found: /
WARNING 2026-04-20 15:39:10,807 basehttp "GET / HTTP/1.0" 404 179
INFO 2026-04-20 16:17:18,661 basehttp "OPTIONS /api/auth/login/ HTTP/1.0" 200 0
INFO 2026-04-20 16:17:19,278 basehttp "POST /api/auth/login/ HTTP/1.0" 200 483
INFO 2026-04-20 16:17:19,767 basehttp "OPTIONS /api/subjects/ HTTP/1.0" 200 0
INFO 2026-04-20 16:17:19,768 basehttp "OPTIONS /api/subjects/ HTTP/1.0" 200 0
INFO 2026-04-20 16:17:19,947 basehttp "GET /api/subjects/ HTTP/1.0" 200 1882
INFO 2026-04-20 16:17:20,116 basehttp "GET /api/subjects/ HTTP/1.0" 200 1882
INFO 2026-04-20 16:17:22,458 basehttp "OPTIONS /api/subjects/f4eff948-fc72-49c5-bb14-c13e919845c6/ HTTP/1.0" 200 0
INFO 2026-04-20 16:17:22,468 basehttp "OPTIONS /api/subjects/f4eff948-fc72-49c5-bb14-c13e919845c6/stats/ HTTP/1.0" 200 0
INFO 2026-04-20 16:17:22,470 basehttp "OPTIONS /api/subjects/f4eff948-fc72-49c5-bb14-c13e919845c6/ HTTP/1.0" 200 0
INFO 2026-04-20 16:17:22,470 basehttp "OPTIONS /api/topics/?subject_uuid=f4eff948-fc72-49c5-bb14-c13e919845c6&ordering=order HTTP/1.0" 200 0
INFO 2026-04-20 16:17:22,475 basehttp "OPTIONS /api/subjects/f4eff948-fc72-49c5-bb14-c13e919845c6/stats/ HTTP/1.0" 200 0
INFO 2026-04-20 16:17:22,475 basehttp "OPTIONS /api/topics/?subject_uuid=f4eff948-fc72-49c5-bb14-c13e919845c6&ordering=order HTTP/1.0" 200 0
INFO 2026-04-20 16:17:22,615 basehttp "GET /api/subjects/f4eff948-fc72-49c5-bb14-c13e919845c6/ HTTP/1.0" 200 386
INFO 2026-04-20 16:17:22,639 basehttp "GET /api/subjects/f4eff948-fc72-49c5-bb14-c13e919845c6/stats/ HTTP/1.0" 200 89
INFO 2026-04-20 16:17:22,657 basehttp "GET /api/topics/?subject_uuid=f4eff948-fc72-49c5-bb14-c13e919845c6&ordering=order HTTP/1.0" 200 1072
INFO 2026-04-20 16:17:22,766 basehttp "GET /api/subjects/f4eff948-fc72-49c5-bb14-c13e919845c6/ HTTP/1.0" 200 386
INFO 2026-04-20 16:17:22,812 basehttp "GET /api/subjects/f4eff948-fc72-49c5-bb14-c13e919845c6/stats/ HTTP/1.0" 200 89
INFO 2026-04-20 16:17:22,829 basehttp "GET /api/topics/?subject_uuid=f4eff948-fc72-49c5-bb14-c13e919845c6&ordering=order HTTP/1.0" 200 1072
INFO 2026-04-20 16:17:22,991 basehttp "GET /api/topics/?subject_uuid=f4eff948-fc72-49c5-bb14-c13e919845c6&ordering=order HTTP/1.0" 200 1072
INFO 2026-04-20 16:17:23,148 basehttp "GET /api/topics/?subject_uuid=f4eff948-fc72-49c5-bb14-c13e919845c6&ordering=order HTTP/1.0" 200 1072
INFO 2026-04-20 16:17:25,566 basehttp "OPTIONS /api/topics/1c1af993-0060-4c6e-b65c-4924c30c383d/ HTTP/1.0" 200 0
INFO 2026-04-20 16:17:25,567 basehttp "OPTIONS /api/topics/1c1af993-0060-4c6e-b65c-4924c30c383d/ HTTP/1.0" 200 0
INFO 2026-04-20 16:17:25,619 basehttp "GET /api/subjects/f4eff948-fc72-49c5-bb14-c13e919845c6/ HTTP/1.0" 200 386
INFO 2026-04-20 16:17:25,729 basehttp "GET /api/topics/1c1af993-0060-4c6e-b65c-4924c30c383d/ HTTP/1.0" 200 708
INFO 2026-04-20 16:17:25,771 basehttp "GET /api/subjects/f4eff948-fc72-49c5-bb14-c13e919845c6/ HTTP/1.0" 200 386
INFO 2026-04-20 16:17:25,879 basehttp "OPTIONS /api/resources/?topic=1c1af993-0060-4c6e-b65c-4924c30c383d HTTP/1.0" 200 0
INFO 2026-04-20 16:17:25,884 basehttp "OPTIONS /api/resources/?topic=1c1af993-0060-4c6e-b65c-4924c30c383d HTTP/1.0" 200 0
INFO 2026-04-20 16:17:25,902 basehttp "GET /api/topics/1c1af993-0060-4c6e-b65c-4924c30c383d/ HTTP/1.0" 200 708
INFO 2026-04-20 16:17:26,049 basehttp "GET /api/resources/?topic=1c1af993-0060-4c6e-b65c-4924c30c383d HTTP/1.0" 200 448
INFO 2026-04-20 16:17:26,213 basehttp "GET /api/resources/?topic=1c1af993-0060-4c6e-b65c-4924c30c383d HTTP/1.0" 200 448
INFO 2026-04-20 16:17:52,105 basehttp "GET /api/resources/?topic=1c1af993-0060-4c6e-b65c-4924c30c383d HTTP/1.0" 200 448
INFO 2026-04-20 16:17:52,248 basehttp "GET /api/resources/?topic=1c1af993-0060-4c6e-b65c-4924c30c383d HTTP/1.0" 200 448
INFO 2026-04-20 16:17:53,151 basehttp "GET /api/subjects/f4eff948-fc72-49c5-bb14-c13e919845c6/ HTTP/1.0" 200 386
INFO 2026-04-20 16:17:53,155 basehttp "GET /api/topics/?subject_uuid=f4eff948-fc72-49c5-bb14-c13e919845c6&ordering=order HTTP/1.0" 200 1072
INFO 2026-04-20 16:17:53,157 basehttp "GET /api/subjects/f4eff948-fc72-49c5-bb14-c13e919845c6/stats/ HTTP/1.0" 200 89
INFO 2026-04-20 16:17:53,309 basehttp "GET /api/topics/?subject_uuid=f4eff948-fc72-49c5-bb14-c13e919845c6&ordering=order HTTP/1.0" 200 1072
INFO 2026-04-20 16:17:53,468 basehttp "GET /api/topics/?subject_uuid=f4eff948-fc72-49c5-bb14-c13e919845c6&ordering=order HTTP/1.0" 200 1072
INFO 2026-04-20 16:17:53,641 basehttp "GET /api/topics/?subject_uuid=f4eff948-fc72-49c5-bb14-c13e919845c6&ordering=order HTTP/1.0" 200 1072
INFO 2026-04-20 16:17:53,799 basehttp "GET /api/topics/?subject_uuid=f4eff948-fc72-49c5-bb14-c13e919845c6&ordering=order HTTP/1.0" 200 1072
INFO 2026-04-20 16:18:00,299 basehttp "GET /api/subjects/ HTTP/1.0" 200 1882
INFO 2026-04-20 16:18:00,478 basehttp "GET /api/subjects/ HTTP/1.0" 200 1882
WARNING 2026-04-20 16:20:32,556 log Not Found: /.env
WARNING 2026-04-20 16:20:32,558 basehttp "GET /.env HTTP/1.0" 404 179
WARNING 2026-04-20 16:20:32,652 log Not Found: /.env.production
WARNING 2026-04-20 16:20:32,653 basehttp "GET /.env.production HTTP/1.0" 404 179
WARNING 2026-04-20 16:20:32,697 log Not Found: /.aws/credentials
WARNING 2026-04-20 16:20:32,698 basehttp "GET /.aws/credentials HTTP/1.0" 404 179
WARNING 2026-04-20 16:20:32,829 log Not Found: /aws.env
WARNING 2026-04-20 16:20:32,832 basehttp "GET /aws.env HTTP/1.0" 404 179
WARNING 2026-04-20 16:51:29,376 log Not Found: /
WARNING 2026-04-20 16:51:29,377 basehttp "GET / HTTP/1.0" 404 179
WARNING 2026-04-20 18:05:31,970 log Not Found: /
WARNING 2026-04-20 18:05:31,975 basehttp "GET / HTTP/1.0" 404 179
WARNING 2026-04-20 18:05:32,221 log Not Found: /
WARNING 2026-04-20 18:05:32,222 basehttp "POST / HTTP/1.0" 404 179
WARNING 2026-04-20 18:05:32,467 log Not Found: /
WARNING 2026-04-20 18:05:32,470 basehttp "POST / HTTP/1.0" 404 179
WARNING 2026-04-20 18:05:32,713 log Not Found: /
WARNING 2026-04-20 18:05:32,714 basehttp "POST / HTTP/1.0" 404 179
WARNING 2026-04-20 18:05:32,961 log Not Found: /.git/config
WARNING 2026-04-20 18:05:32,961 basehttp "GET /.git/config HTTP/1.0" 404 179
WARNING 2026-04-20 18:05:33,204 log Not Found: /
WARNING 2026-04-20 18:05:33,205 basehttp "POST / HTTP/1.0" 404 179
WARNING 2026-04-20 18:05:33,449 log Not Found: /.env
WARNING 2026-04-20 18:05:33,449 basehttp "GET /.env HTTP/1.0" 404 179
WARNING 2026-04-20 18:05:33,693 log Not Found: /.env.local
WARNING 2026-04-20 18:05:33,694 basehttp "GET /.env.local HTTP/1.0" 404 179
WARNING 2026-04-20 18:05:33,942 log Not Found: /.env.production
WARNING 2026-04-20 18:05:33,946 basehttp "GET /.env.production HTTP/1.0" 404 179
WARNING 2026-04-20 18:05:34,189 log Not Found: /.env.staging
WARNING 2026-04-20 18:05:34,190 basehttp "GET /.env.staging HTTP/1.0" 404 179
WARNING 2026-04-20 18:05:34,441 log Not Found: /.env.development
WARNING 2026-04-20 18:05:34,446 basehttp "GET /.env.development HTTP/1.0" 404 179
WARNING 2026-04-20 18:05:34,689 log Not Found: /.env.test
WARNING 2026-04-20 18:05:34,691 basehttp "GET /.env.test HTTP/1.0" 404 179
WARNING 2026-04-20 18:05:34,936 log Not Found: /.env.remote
WARNING 2026-04-20 18:05:34,937 basehttp "GET /.env.remote HTTP/1.0" 404 179
WARNING 2026-04-20 18:05:35,182 log Not Found: /.env.bak
WARNING 2026-04-20 18:05:35,183 basehttp "GET /.env.bak HTTP/1.0" 404 179
WARNING 2026-04-20 18:05:35,426 log Not Found: /.env.backup
WARNING 2026-04-20 18:05:35,428 basehttp "GET /.env.backup HTTP/1.0" 404 179
WARNING 2026-04-20 18:05:35,670 log Not Found: /.env.save
WARNING 2026-04-20 18:05:35,671 basehttp "GET /.env.save HTTP/1.0" 404 179
WARNING 2026-04-20 18:05:35,916 log Not Found: /.env.old
WARNING 2026-04-20 18:05:35,919 basehttp "GET /.env.old HTTP/1.0" 404 179
WARNING 2026-04-20 18:05:36,162 log Not Found: /.env.sample
WARNING 2026-04-20 18:05:36,163 basehttp "GET /.env.sample HTTP/1.0" 404 179
WARNING 2026-04-20 18:05:36,406 log Not Found: /.env.example
WARNING 2026-04-20 18:05:36,407 basehttp "GET /.env.example HTTP/1.0" 404 179
WARNING 2026-04-20 18:05:36,651 log Not Found: /.env.dev
WARNING 2026-04-20 18:05:36,652 basehttp "GET /.env.dev HTTP/1.0" 404 179
WARNING 2026-04-20 18:05:36,895 log Not Found: /.env.prod
WARNING 2026-04-20 18:05:36,895 basehttp "GET /.env.prod HTTP/1.0" 404 179
WARNING 2026-04-20 18:05:37,142 log Not Found: /.env.stage
WARNING 2026-04-20 18:05:37,143 basehttp "GET /.env.stage HTTP/1.0" 404 179
WARNING 2026-04-20 18:05:37,386 log Not Found: /.env.ci
WARNING 2026-04-20 18:05:37,388 basehttp "GET /.env.ci HTTP/1.0" 404 179
WARNING 2026-04-20 18:05:37,631 log Not Found: /.env.docker
WARNING 2026-04-20 18:05:37,632 basehttp "GET /.env.docker HTTP/1.0" 404 179
WARNING 2026-04-20 18:05:37,875 log Not Found: /.env.live
WARNING 2026-04-20 18:05:37,876 basehttp "GET /.env.live HTTP/1.0" 404 179
WARNING 2026-04-20 18:05:38,119 log Not Found: /.env.preprod
WARNING 2026-04-20 18:05:38,122 basehttp "GET /.env.preprod HTTP/1.0" 404 179
WARNING 2026-04-20 18:05:38,367 log Not Found: /.env.uat
WARNING 2026-04-20 18:05:38,368 basehttp "GET /.env.uat HTTP/1.0" 404 179
WARNING 2026-04-20 18:05:38,610 log Not Found: /.env.dist
WARNING 2026-04-20 18:05:38,611 basehttp "GET /.env.dist HTTP/1.0" 404 179
WARNING 2026-04-20 18:05:38,856 log Not Found: /.env.swp
WARNING 2026-04-20 18:05:38,857 basehttp "GET /.env.swp HTTP/1.0" 404 179
WARNING 2026-04-20 18:05:39,099 log Not Found: /.env~
WARNING 2026-04-20 18:05:39,100 basehttp "GET /.env~ HTTP/1.0" 404 179
WARNING 2026-04-20 18:05:39,344 log Not Found: /app/.env
WARNING 2026-04-20 18:05:39,345 basehttp "GET /app/.env HTTP/1.0" 404 179
WARNING 2026-04-20 18:05:39,587 log Not Found: /apps/.env
WARNING 2026-04-20 18:05:39,588 basehttp "GET /apps/.env HTTP/1.0" 404 179
WARNING 2026-04-20 18:05:39,834 log Not Found: /api/.env
WARNING 2026-04-20 18:05:39,835 basehttp "GET /api/.env HTTP/1.0" 404 23
WARNING 2026-04-20 18:05:40,077 log Not Found: /web/.env
WARNING 2026-04-20 18:05:40,078 basehttp "GET /web/.env HTTP/1.0" 404 179
WARNING 2026-04-20 18:05:40,321 log Not Found: /site/.env
WARNING 2026-04-20 18:05:40,321 basehttp "GET /site/.env HTTP/1.0" 404 179
WARNING 2026-04-20 18:05:40,564 log Not Found: /public/.env
WARNING 2026-04-20 18:05:40,565 basehttp "GET /public/.env HTTP/1.0" 404 179
INFO 2026-04-20 18:05:40,826 basehttp "GET /admin/.env HTTP/1.0" 302 0
INFO 2026-04-20 18:05:41,125 basehttp "GET /admin/login/?next=/admin/.env HTTP/1.0" 200 4167
WARNING 2026-04-20 18:05:41,369 log Not Found: /backend/.env
WARNING 2026-04-20 18:05:41,370 basehttp "GET /backend/.env HTTP/1.0" 404 179
WARNING 2026-04-20 18:05:41,618 log Not Found: /server/.env
WARNING 2026-04-20 18:05:41,619 basehttp "GET /server/.env HTTP/1.0" 404 179
WARNING 2026-04-20 18:05:41,862 log Not Found: /frontend/.env
WARNING 2026-04-20 18:05:41,862 basehttp "GET /frontend/.env HTTP/1.0" 404 179
WARNING 2026-04-20 18:05:42,107 log Not Found: /src/.env
WARNING 2026-04-20 18:05:42,108 basehttp "GET /src/.env HTTP/1.0" 404 179
WARNING 2026-04-20 18:05:42,352 log Not Found: /core/.env
WARNING 2026-04-20 18:05:42,353 basehttp "GET /core/.env HTTP/1.0" 404 179
WARNING 2026-04-20 18:05:42,596 log Not Found: /core/app/.env
WARNING 2026-04-20 18:05:42,597 basehttp "GET /core/app/.env HTTP/1.0" 404 179
WARNING 2026-04-20 18:05:42,842 log Not Found: /core/Database/.env
WARNING 2026-04-20 18:05:42,843 basehttp "GET /core/Database/.env HTTP/1.0" 404 179
WARNING 2026-04-20 18:05:43,086 log Not Found: /config/.env
WARNING 2026-04-20 18:05:43,086 basehttp "GET /config/.env HTTP/1.0" 404 179
WARNING 2026-04-20 18:05:43,329 log Not Found: /private/.env
WARNING 2026-04-20 18:05:43,331 basehttp "GET /private/.env HTTP/1.0" 404 179
WARNING 2026-04-20 18:05:43,573 log Not Found: /current/.env
WARNING 2026-04-20 18:05:43,574 basehttp "GET /current/.env HTTP/1.0" 404 179
WARNING 2026-04-20 18:05:43,817 log Not Found: /release/.env
WARNING 2026-04-20 18:05:43,817 basehttp "GET /release/.env HTTP/1.0" 404 179
WARNING 2026-04-20 18:05:44,065 log Not Found: /releases/.env
WARNING 2026-04-20 18:05:44,066 basehttp "GET /releases/.env HTTP/1.0" 404 179
WARNING 2026-04-20 18:05:44,309 log Not Found: /shared/.env
WARNING 2026-04-20 18:05:44,310 basehttp "GET /shared/.env HTTP/1.0" 404 179
WARNING 2026-04-20 18:05:44,555 log Not Found: /deploy/.env
WARNING 2026-04-20 18:05:44,555 basehttp "GET /deploy/.env HTTP/1.0" 404 179
WARNING 2026-04-20 18:05:44,798 log Not Found: /build/.env
WARNING 2026-04-20 18:05:44,799 basehttp "GET /build/.env HTTP/1.0" 404 179
WARNING 2026-04-20 18:05:45,042 log Not Found: /dist/.env
WARNING 2026-04-20 18:05:45,043 basehttp "GET /dist/.env HTTP/1.0" 404 179
WARNING 2026-04-20 18:05:45,286 log Not Found: /public_html/.env
WARNING 2026-04-20 18:05:45,287 basehttp "GET /public_html/.env HTTP/1.0" 404 179
WARNING 2026-04-20 18:05:45,530 log Not Found: /htdocs/.env
WARNING 2026-04-20 18:05:45,532 basehttp "GET /htdocs/.env HTTP/1.0" 404 179
WARNING 2026-04-20 18:05:45,776 log Not Found: /www/.env
WARNING 2026-04-20 18:05:45,776 basehttp "GET /www/.env HTTP/1.0" 404 179
WARNING 2026-04-20 18:05:46,021 log Not Found: /html/.env
WARNING 2026-04-20 18:05:46,022 basehttp "GET /html/.env HTTP/1.0" 404 179
WARNING 2026-04-20 18:05:46,269 log Not Found: /live/.env
WARNING 2026-04-20 18:05:46,270 basehttp "GET /live/.env HTTP/1.0" 404 179
WARNING 2026-04-20 18:05:46,513 log Not Found: /prod/.env
WARNING 2026-04-20 18:05:46,514 basehttp "GET /prod/.env HTTP/1.0" 404 179
WARNING 2026-04-20 18:05:46,756 log Not Found: /dev/.env
WARNING 2026-04-20 18:05:46,757 basehttp "GET /dev/.env HTTP/1.0" 404 179
WARNING 2026-04-20 18:05:46,999 log Not Found: /staging/.env
WARNING 2026-04-20 18:05:47,002 basehttp "GET /staging/.env HTTP/1.0" 404 179
WARNING 2026-04-20 18:05:47,247 log Not Found: /laravel/.env
WARNING 2026-04-20 18:05:47,248 basehttp "GET /laravel/.env HTTP/1.0" 404 179
WARNING 2026-04-20 18:05:47,492 log Not Found: /symfony/.env
WARNING 2026-04-20 18:05:47,493 basehttp "GET /symfony/.env HTTP/1.0" 404 179
WARNING 2026-04-20 18:05:47,737 log Not Found: /wordpress/.env
WARNING 2026-04-20 18:05:47,738 basehttp "GET /wordpress/.env HTTP/1.0" 404 179
WARNING 2026-04-20 18:05:47,983 log Not Found: /wp/.env
WARNING 2026-04-20 18:05:47,984 basehttp "GET /wp/.env HTTP/1.0" 404 179
WARNING 2026-04-20 18:05:48,229 log Not Found: /cms/.env
WARNING 2026-04-20 18:05:48,230 basehttp "GET /cms/.env HTTP/1.0" 404 179
WARNING 2026-04-20 18:05:48,475 log Not Found: /drupal/.env
WARNING 2026-04-20 18:05:48,476 basehttp "GET /drupal/.env HTTP/1.0" 404 179
WARNING 2026-04-20 18:05:48,720 log Not Found: /joomla/.env
WARNING 2026-04-20 18:05:48,720 basehttp "GET /joomla/.env HTTP/1.0" 404 179
WARNING 2026-04-20 18:05:48,965 log Not Found: /magento/.env
WARNING 2026-04-20 18:05:48,966 basehttp "GET /magento/.env HTTP/1.0" 404 179
WARNING 2026-04-20 18:05:49,209 log Not Found: /shopify/.env
WARNING 2026-04-20 18:05:49,212 basehttp "GET /shopify/.env HTTP/1.0" 404 179
WARNING 2026-04-20 18:05:49,458 log Not Found: /prestashop/.env
WARNING 2026-04-20 18:05:49,460 basehttp "GET /prestashop/.env HTTP/1.0" 404 179
WARNING 2026-04-20 18:05:49,704 log Not Found: /v1/.env
WARNING 2026-04-20 18:05:49,705 basehttp "GET /v1/.env HTTP/1.0" 404 179
WARNING 2026-04-20 18:05:49,958 log Not Found: /v2/.env
WARNING 2026-04-20 18:05:49,959 basehttp "GET /v2/.env HTTP/1.0" 404 179
WARNING 2026-04-20 18:05:50,202 log Not Found: /v3/.env
WARNING 2026-04-20 18:05:50,202 basehttp "GET /v3/.env HTTP/1.0" 404 179
WARNING 2026-04-20 18:05:50,446 log Not Found: /api/v1/.env
WARNING 2026-04-20 18:05:50,447 basehttp "GET /api/v1/.env HTTP/1.0" 404 179
WARNING 2026-04-20 18:05:50,690 log Not Found: /api/v2/.env
WARNING 2026-04-20 18:05:50,691 basehttp "GET /api/v2/.env HTTP/1.0" 404 179
WARNING 2026-04-20 18:05:50,934 log Not Found: /rest/.env
WARNING 2026-04-20 18:05:50,935 basehttp "GET /rest/.env HTTP/1.0" 404 179
WARNING 2026-04-20 18:05:51,178 log Not Found: /graphql/.env
WARNING 2026-04-20 18:05:51,179 basehttp "GET /graphql/.env HTTP/1.0" 404 179
WARNING 2026-04-20 18:05:51,422 log Not Found: /gateway/.env
WARNING 2026-04-20 18:05:51,423 basehttp "GET /gateway/.env HTTP/1.0" 404 179
WARNING 2026-04-20 18:05:51,666 log Not Found: /microservice/.env
WARNING 2026-04-20 18:05:51,666 basehttp "GET /microservice/.env HTTP/1.0" 404 179
WARNING 2026-04-20 18:05:51,910 log Not Found: /service/.env
WARNING 2026-04-20 18:05:51,911 basehttp "GET /service/.env HTTP/1.0" 404 179
WARNING 2026-04-20 18:05:52,154 log Not Found: /vendor/.env
WARNING 2026-04-20 18:05:52,155 basehttp "GET /vendor/.env HTTP/1.0" 404 179
WARNING 2026-04-20 18:05:52,399 log Not Found: /lib/.env
WARNING 2026-04-20 18:05:52,399 basehttp "GET /lib/.env HTTP/1.0" 404 179
WARNING 2026-04-20 18:05:52,644 log Not Found: /database/.env
WARNING 2026-04-20 18:05:52,645 basehttp "GET /database/.env HTTP/1.0" 404 179
WARNING 2026-04-20 18:05:52,888 log Not Found: /resources/.env
WARNING 2026-04-20 18:05:52,889 basehttp "GET /resources/.env HTTP/1.0" 404 179
WARNING 2026-04-20 18:05:53,132 log Not Found: /storage/.env
WARNING 2026-04-20 18:05:53,134 basehttp "GET /storage/.env HTTP/1.0" 404 179
WARNING 2026-04-20 18:05:53,378 log Not Found: /assets/.env
WARNING 2026-04-20 18:05:53,379 basehttp "GET /assets/.env HTTP/1.0" 404 179
WARNING 2026-04-20 18:05:53,622 log Not Found: /uploads/.env
WARNING 2026-04-20 18:05:53,623 basehttp "GET /uploads/.env HTTP/1.0" 404 179
WARNING 2026-04-20 18:05:53,870 log Not Found: /internal/.env
WARNING 2026-04-20 18:05:53,870 basehttp "GET /internal/.env HTTP/1.0" 404 179
WARNING 2026-04-20 18:05:54,114 log Not Found: /tools/.env
WARNING 2026-04-20 18:05:54,115 basehttp "GET /tools/.env HTTP/1.0" 404 179
WARNING 2026-04-20 18:05:54,358 log Not Found: /scripts/.env
WARNING 2026-04-20 18:05:54,359 basehttp "GET /scripts/.env HTTP/1.0" 404 179
WARNING 2026-04-20 18:05:54,602 log Not Found: /portal/.env
WARNING 2026-04-20 18:05:54,602 basehttp "GET /portal/.env HTTP/1.0" 404 179
WARNING 2026-04-20 18:05:54,845 log Not Found: /dashboard/.env
WARNING 2026-04-20 18:05:54,846 basehttp "GET /dashboard/.env HTTP/1.0" 404 179
WARNING 2026-04-20 18:05:55,090 log Not Found: /panel/.env
WARNING 2026-04-20 18:05:55,091 basehttp "GET /panel/.env HTTP/1.0" 404 179
WARNING 2026-04-20 18:05:55,335 log Not Found: /crm/.env
WARNING 2026-04-20 18:05:55,336 basehttp "GET /crm/.env HTTP/1.0" 404 179
WARNING 2026-04-20 18:05:55,578 log Not Found: /erp/.env
WARNING 2026-04-20 18:05:55,580 basehttp "GET /erp/.env HTTP/1.0" 404 179
WARNING 2026-04-20 18:05:55,823 log Not Found: /shop/.env
WARNING 2026-04-20 18:05:55,824 basehttp "GET /shop/.env HTTP/1.0" 404 179
WARNING 2026-04-20 18:05:56,067 log Not Found: /store/.env
WARNING 2026-04-20 18:05:56,068 basehttp "GET /store/.env HTTP/1.0" 404 179
WARNING 2026-04-20 18:05:56,312 log Not Found: /saas/.env
WARNING 2026-04-20 18:05:56,313 basehttp "GET /saas/.env HTTP/1.0" 404 179
WARNING 2026-04-20 18:05:56,556 log Not Found: /client/.env
WARNING 2026-04-20 18:05:56,556 basehttp "GET /client/.env HTTP/1.0" 404 179
WARNING 2026-04-20 18:05:56,801 log Not Found: /project/.env
WARNING 2026-04-20 18:05:56,802 basehttp "GET /project/.env HTTP/1.0" 404 179
WARNING 2026-04-20 18:05:57,046 log Not Found: /node/.env
WARNING 2026-04-20 18:05:57,048 basehttp "GET /node/.env HTTP/1.0" 404 179
WARNING 2026-04-20 18:05:57,290 log Not Found: /express/.env
WARNING 2026-04-20 18:05:57,291 basehttp "GET /express/.env HTTP/1.0" 404 179
WARNING 2026-04-20 18:05:57,534 log Not Found: /next/.env
WARNING 2026-04-20 18:05:57,534 basehttp "GET /next/.env HTTP/1.0" 404 179
WARNING 2026-04-20 18:05:57,778 log Not Found: /nuxt/.env
WARNING 2026-04-20 18:05:57,778 basehttp "GET /nuxt/.env HTTP/1.0" 404 179
WARNING 2026-04-20 18:05:58,021 log Not Found: /nest/.env
WARNING 2026-04-20 18:05:58,022 basehttp "GET /nest/.env HTTP/1.0" 404 179
WARNING 2026-04-20 18:05:58,265 log Not Found: /backup/.env
WARNING 2026-04-20 18:05:58,265 basehttp "GET /backup/.env HTTP/1.0" 404 179
WARNING 2026-04-20 18:05:58,508 log Not Found: /backups/.env
WARNING 2026-04-20 18:05:58,509 basehttp "GET /backups/.env HTTP/1.0" 404 179
WARNING 2026-04-20 18:05:58,752 log Not Found: /old/.env
WARNING 2026-04-20 18:05:58,753 basehttp "GET /old/.env HTTP/1.0" 404 179
WARNING 2026-04-20 18:05:58,997 log Not Found: /tmp/.env
WARNING 2026-04-20 18:05:58,997 basehttp "GET /tmp/.env HTTP/1.0" 404 179
WARNING 2026-04-20 18:05:59,244 log Not Found: /temp/.env
WARNING 2026-04-20 18:05:59,245 basehttp "GET /temp/.env HTTP/1.0" 404 179
WARNING 2026-04-20 18:05:59,488 log Not Found: /lab/.env
WARNING 2026-04-20 18:05:59,490 basehttp "GET /lab/.env HTTP/1.0" 404 179
WARNING 2026-04-20 18:05:59,735 log Not Found: /cronlab/.env
WARNING 2026-04-20 18:05:59,736 basehttp "GET /cronlab/.env HTTP/1.0" 404 179
WARNING 2026-04-20 18:05:59,980 log Not Found: /cron/.env
WARNING 2026-04-20 18:05:59,980 basehttp "GET /cron/.env HTTP/1.0" 404 179
WARNING 2026-04-20 18:06:00,223 log Not Found: /en/.env
WARNING 2026-04-20 18:06:00,224 basehttp "GET /en/.env HTTP/1.0" 404 179
WARNING 2026-04-20 18:06:00,468 log Not Found: /administrator/.env
WARNING 2026-04-20 18:06:00,472 basehttp "GET /administrator/.env HTTP/1.0" 404 179
WARNING 2026-04-20 18:06:00,717 log Not Found: /psnlink/.env
WARNING 2026-04-20 18:06:00,718 basehttp "GET /psnlink/.env HTTP/1.0" 404 179
WARNING 2026-04-20 18:06:00,960 log Not Found: /exapi/.env
WARNING 2026-04-20 18:06:00,962 basehttp "GET /exapi/.env HTTP/1.0" 404 179
WARNING 2026-04-20 18:06:01,205 log Not Found: /sitemaps/.env
WARNING 2026-04-20 18:06:01,206 basehttp "GET /sitemaps/.env HTTP/1.0" 404 179
WARNING 2026-04-20 18:06:01,452 log Not Found: /mailer/.env
WARNING 2026-04-20 18:06:01,454 basehttp "GET /mailer/.env HTTP/1.0" 404 179
WARNING 2026-04-20 18:06:01,698 log Not Found: /mail/.env
WARNING 2026-04-20 18:06:01,701 basehttp "GET /mail/.env HTTP/1.0" 404 179
WARNING 2026-04-20 18:06:01,946 log Not Found: /email/.env
WARNING 2026-04-20 18:06:01,971 basehttp "GET /email/.env HTTP/1.0" 404 179
WARNING 2026-04-20 18:06:02,249 log Not Found: /smtp/.env
WARNING 2026-04-20 18:06:02,250 basehttp "GET /smtp/.env HTTP/1.0" 404 179
WARNING 2026-04-20 18:06:02,510 log Not Found: /mailing/.env
WARNING 2026-04-20 18:06:02,511 basehttp "GET /mailing/.env HTTP/1.0" 404 179
WARNING 2026-04-20 18:06:02,763 log Not Found: /notifications/.env
WARNING 2026-04-20 18:06:02,765 basehttp "GET /notifications/.env HTTP/1.0" 404 179
WARNING 2026-04-20 18:06:03,010 log Not Found: /notify/.env
WARNING 2026-04-20 18:06:03,011 basehttp "GET /notify/.env HTTP/1.0" 404 179
WARNING 2026-04-20 18:06:03,253 log Not Found: /sender/.env
WARNING 2026-04-20 18:06:03,254 basehttp "GET /sender/.env HTTP/1.0" 404 179
WARNING 2026-04-20 18:06:03,499 log Not Found: /campaign/.env
WARNING 2026-04-20 18:06:03,500 basehttp "GET /campaign/.env HTTP/1.0" 404 179
WARNING 2026-04-20 18:06:03,743 log Not Found: /newsletter/.env
WARNING 2026-04-20 18:06:03,744 basehttp "GET /newsletter/.env HTTP/1.0" 404 179
WARNING 2026-04-20 18:06:03,987 log Not Found: /ses/.env
WARNING 2026-04-20 18:06:03,988 basehttp "GET /ses/.env HTTP/1.0" 404 179
WARNING 2026-04-20 18:06:04,230 log Not Found: /sendgrid/.env
WARNING 2026-04-20 18:06:04,230 basehttp "GET /sendgrid/.env HTTP/1.0" 404 179
WARNING 2026-04-20 18:06:04,473 log Not Found: /sparkpost/.env
WARNING 2026-04-20 18:06:04,474 basehttp "GET /sparkpost/.env HTTP/1.0" 404 179
WARNING 2026-04-20 18:06:04,717 log Not Found: /postmark/.env
WARNING 2026-04-20 18:06:04,719 basehttp "GET /postmark/.env HTTP/1.0" 404 179
WARNING 2026-04-20 18:06:04,963 log Not Found: /mailgun/.env
WARNING 2026-04-20 18:06:04,965 basehttp "GET /mailgun/.env HTTP/1.0" 404 179
WARNING 2026-04-20 18:06:05,211 log Not Found: /mandrill/.env
WARNING 2026-04-20 18:06:05,216 basehttp "GET /mandrill/.env HTTP/1.0" 404 179
WARNING 2026-04-20 18:06:05,463 log Not Found: /mailjet/.env
WARNING 2026-04-20 18:06:05,464 basehttp "GET /mailjet/.env HTTP/1.0" 404 179
WARNING 2026-04-20 18:06:05,710 log Not Found: /brevo/.env
WARNING 2026-04-20 18:06:05,711 basehttp "GET /brevo/.env HTTP/1.0" 404 179
WARNING 2026-04-20 18:06:05,953 log Not Found: /transactional/.env
WARNING 2026-04-20 18:06:05,954 basehttp "GET /transactional/.env HTTP/1.0" 404 179
WARNING 2026-04-20 18:06:06,198 log Not Found: /bulk/.env
WARNING 2026-04-20 18:06:06,198 basehttp "GET /bulk/.env HTTP/1.0" 404 179
WARNING 2026-04-20 18:06:06,442 log Not Found: /phpinfo.php
WARNING 2026-04-20 18:06:06,444 basehttp "GET /phpinfo.php HTTP/1.0" 404 179
WARNING 2026-04-20 18:06:06,687 log Not Found: /info.php
WARNING 2026-04-20 18:06:06,688 basehttp "GET /info.php HTTP/1.0" 404 179
WARNING 2026-04-20 18:06:06,932 log Not Found: /php.php
WARNING 2026-04-20 18:06:06,932 basehttp "GET /php.php HTTP/1.0" 404 179
WARNING 2026-04-20 18:06:07,176 log Not Found: /i.php
WARNING 2026-04-20 18:06:07,177 basehttp "GET /i.php HTTP/1.0" 404 179
WARNING 2026-04-20 18:06:07,420 log Not Found: /pi.php
WARNING 2026-04-20 18:06:07,422 basehttp "GET /pi.php HTTP/1.0" 404 179
WARNING 2026-04-20 18:06:07,666 log Not Found: /pinfo.php
WARNING 2026-04-20 18:06:07,666 basehttp "GET /pinfo.php HTTP/1.0" 404 179
WARNING 2026-04-20 18:06:07,910 log Not Found: /test.php
WARNING 2026-04-20 18:06:07,910 basehttp "GET /test.php HTTP/1.0" 404 179
WARNING 2026-04-20 18:06:08,157 log Not Found: /phpinfo
WARNING 2026-04-20 18:06:08,158 basehttp "GET /phpinfo HTTP/1.0" 404 179
WARNING 2026-04-20 18:06:08,401 log Not Found: /p.php
WARNING 2026-04-20 18:06:08,402 basehttp "GET /p.php HTTP/1.0" 404 179
WARNING 2026-04-20 18:06:08,644 log Not Found: /debug.php
WARNING 2026-04-20 18:06:08,645 basehttp "GET /debug.php HTTP/1.0" 404 179
INFO 2026-04-20 18:06:08,889 basehttp "GET /admin/phpinfo.php HTTP/1.0" 302 0
INFO 2026-04-20 18:06:09,137 basehttp "GET /admin/login/?next=/admin/phpinfo.php HTTP/1.0" 200 4181
WARNING 2026-04-20 18:06:09,395 log Not Found: /test/phpinfo.php
WARNING 2026-04-20 18:06:09,396 basehttp "GET /test/phpinfo.php HTTP/1.0" 404 179
WARNING 2026-04-20 18:06:09,640 log Not Found: /dev/phpinfo.php
WARNING 2026-04-20 18:06:09,641 basehttp "GET /dev/phpinfo.php HTTP/1.0" 404 179
WARNING 2026-04-20 18:06:09,886 log Not Found: /old/phpinfo.php
WARNING 2026-04-20 18:06:09,887 basehttp "GET /old/phpinfo.php HTTP/1.0" 404 179
WARNING 2026-04-20 18:06:10,132 log Not Found: /tmp/phpinfo.php
WARNING 2026-04-20 18:06:10,133 basehttp "GET /tmp/phpinfo.php HTTP/1.0" 404 179
WARNING 2026-04-20 18:06:10,375 log Not Found: /public/phpinfo.php
WARNING 2026-04-20 18:06:10,376 basehttp "GET /public/phpinfo.php HTTP/1.0" 404 179
WARNING 2026-04-20 18:06:10,619 log Not Found: /info
WARNING 2026-04-20 18:06:10,620 basehttp "GET /info HTTP/1.0" 404 179
WARNING 2026-04-20 18:06:10,864 log Not Found: /php-info.php
WARNING 2026-04-20 18:06:10,866 basehttp "GET /php-info.php HTTP/1.0" 404 179
WARNING 2026-04-20 18:06:11,110 log Not Found: /phpversion.php
WARNING 2026-04-20 18:06:11,110 basehttp "GET /phpversion.php HTTP/1.0" 404 179
WARNING 2026-04-20 18:06:11,354 log Not Found: /_phpinfo.php
WARNING 2026-04-20 18:06:11,354 basehttp "GET /_phpinfo.php HTTP/1.0" 404 179
WARNING 2026-04-20 18:06:11,598 log Not Found: /old_phpinfo.php
WARNING 2026-04-20 18:06:11,599 basehttp "GET /old_phpinfo.php HTTP/1.0" 404 179
WARNING 2026-04-20 18:06:11,842 log Not Found: /server-info.php
WARNING 2026-04-20 18:06:11,843 basehttp "GET /server-info.php HTTP/1.0" 404 179
WARNING 2026-04-20 18:06:12,088 log Not Found: /server-status.php
WARNING 2026-04-20 18:06:12,089 basehttp "GET /server-status.php HTTP/1.0" 404 179
WARNING 2026-04-20 18:06:12,335 log Not Found: /_profiler/phpinfo
WARNING 2026-04-20 18:06:12,336 basehttp "GET /_profiler/phpinfo HTTP/1.0" 404 179
WARNING 2026-04-20 18:06:12,584 log Not Found: /_environment
WARNING 2026-04-20 18:06:12,585 basehttp "GET /_environment HTTP/1.0" 404 179
WARNING 2026-04-20 18:06:12,831 log Not Found: /webroot/index.php/_environment
WARNING 2026-04-20 18:06:12,833 basehttp "GET /webroot/index.php/_environment HTTP/1.0" 404 179
WARNING 2026-04-20 18:06:13,079 log Not Found: /mail/phpinfo.php
WARNING 2026-04-20 18:06:13,080 basehttp "GET /mail/phpinfo.php HTTP/1.0" 404 179
WARNING 2026-04-20 18:06:13,324 log Not Found: /cpanel/phpinfo.php
WARNING 2026-04-20 18:06:13,325 basehttp "GET /cpanel/phpinfo.php HTTP/1.0" 404 179
WARNING 2026-04-20 18:06:13,569 log Not Found: /hosting/phpinfo.php
WARNING 2026-04-20 18:06:13,570 basehttp "GET /hosting/phpinfo.php HTTP/1.0" 404 179
WARNING 2026-04-20 18:06:13,814 log Not Found: /webmail/phpinfo.php
WARNING 2026-04-20 18:06:13,814 basehttp "GET /webmail/phpinfo.php HTTP/1.0" 404 179
WARNING 2026-04-20 18:06:14,057 log Not Found: /smtp/phpinfo.php
WARNING 2026-04-20 18:06:14,060 basehttp "GET /smtp/phpinfo.php HTTP/1.0" 404 179
WARNING 2026-04-20 18:13:51,641 log Not Found: /
WARNING 2026-04-20 18:13:51,642 basehttp "GET / HTTP/1.0" 404 179
WARNING 2026-04-20 18:13:51,759 log Not Found: /.env.backup
WARNING 2026-04-20 18:13:51,760 basehttp "GET /.env.backup HTTP/1.0" 404 179
WARNING 2026-04-20 18:13:51,878 log Not Found: /.env
WARNING 2026-04-20 18:13:51,879 basehttp "GET /.env HTTP/1.0" 404 179
WARNING 2026-04-20 18:13:51,997 log Not Found: /.env.prod
WARNING 2026-04-20 18:13:51,998 basehttp "GET /.env.prod HTTP/1.0" 404 179
WARNING 2026-04-20 18:13:52,114 log Not Found: /.env.local
WARNING 2026-04-20 18:13:52,115 basehttp "GET /.env.local HTTP/1.0" 404 179
WARNING 2026-04-20 18:13:52,232 log Not Found: /.pgpass
WARNING 2026-04-20 18:13:52,233 basehttp "GET /.pgpass HTTP/1.0" 404 179
WARNING 2026-04-20 18:13:52,350 log Not Found: /
WARNING 2026-04-20 18:13:52,351 basehttp "GET / HTTP/1.0" 404 179
WARNING 2026-04-20 18:13:52,467 log Not Found: /php.php
WARNING 2026-04-20 18:13:52,470 basehttp "GET /php.php HTTP/1.0" 404 179
WARNING 2026-04-20 18:13:52,589 log Not Found: /.aws/config
WARNING 2026-04-20 18:13:52,590 basehttp "GET /.aws/config HTTP/1.0" 404 179
WARNING 2026-04-20 18:13:52,595 log Not Found: /.netrc
WARNING 2026-04-20 18:13:52,596 basehttp "GET /.netrc HTTP/1.0" 404 179
WARNING 2026-04-20 18:13:52,599 log Not Found: /phpinfo.php
WARNING 2026-04-20 18:13:52,601 log Not Found: /info.php
WARNING 2026-04-20 18:13:52,603 basehttp "GET /info.php HTTP/1.0" 404 179
WARNING 2026-04-20 18:13:52,603 basehttp "GET /phpinfo.php HTTP/1.0" 404 179
WARNING 2026-04-20 18:13:52,609 log Not Found: /test.php
WARNING 2026-04-20 18:13:52,611 log Not Found: /debug.php
WARNING 2026-04-20 18:13:52,612 basehttp "GET /test.php HTTP/1.0" 404 179
WARNING 2026-04-20 18:13:52,612 basehttp "GET /debug.php HTTP/1.0" 404 179
WARNING 2026-04-20 18:13:52,620 log Not Found: /.env.bak
WARNING 2026-04-20 18:13:52,622 log Not Found: /.env.old
WARNING 2026-04-20 18:13:52,624 basehttp "GET /.env.bak HTTP/1.0" 404 179
WARNING 2026-04-20 18:13:52,625 basehttp "GET /.env.old HTTP/1.0" 404 179
WARNING 2026-04-20 18:13:52,707 log Not Found: /.env.save
WARNING 2026-04-20 18:13:52,708 basehttp "GET /.env.save HTTP/1.0" 404 179
WARNING 2026-04-20 18:13:52,712 log Not Found: /api/.env
WARNING 2026-04-20 18:13:52,713 basehttp "GET /api/.env HTTP/1.0" 404 23
WARNING 2026-04-20 18:13:52,724 log Not Found: /backend/.env
WARNING 2026-04-20 18:13:52,724 basehttp "GET /backend/.env HTTP/1.0" 404 179
WARNING 2026-04-20 18:13:52,728 log Not Found: /wp-config.php.bak
WARNING 2026-04-20 18:13:52,729 basehttp "GET /wp-config.php.bak HTTP/1.0" 404 179
WARNING 2026-04-20 18:13:52,735 log Not Found: /wp-config.php.old
WARNING 2026-04-20 18:13:52,736 log Not Found: /wp-config.php.swp
WARNING 2026-04-20 18:13:52,737 basehttp "GET /wp-config.php.old HTTP/1.0" 404 179
WARNING 2026-04-20 18:13:52,738 basehttp "GET /wp-config.php.swp HTTP/1.0" 404 179
WARNING 2026-04-20 18:13:52,742 log Not Found: /_profiler
WARNING 2026-04-20 18:13:52,743 basehttp "GET /_profiler HTTP/1.0" 404 179
WARNING 2026-04-20 18:13:52,748 log Not Found: /wp-config.php~
WARNING 2026-04-20 18:13:52,750 basehttp "GET /wp-config.php~ HTTP/1.0" 404 179
WARNING 2026-04-20 18:13:52,825 log Not Found: /backup/wp-config.php
WARNING 2026-04-20 18:13:52,825 basehttp "GET /backup/wp-config.php HTTP/1.0" 404 179
WARNING 2026-04-20 18:13:52,831 log Not Found: /public/.env
WARNING 2026-04-20 18:13:52,832 basehttp "GET /public/.env HTTP/1.0" 404 179
WARNING 2026-04-20 18:13:52,844 log Not Found: /laravel/.env
WARNING 2026-04-20 18:13:52,845 basehttp "GET /laravel/.env HTTP/1.0" 404 179
WARNING 2026-04-20 18:13:52,848 log Not Found: /config/.env
WARNING 2026-04-20 18:13:52,849 basehttp "GET /config/.env HTTP/1.0" 404 179
WARNING 2026-04-20 18:13:52,861 log Not Found: /config/database.php
WARNING 2026-04-20 18:13:52,863 log Not Found: /config/database.yml
WARNING 2026-04-20 18:13:52,866 log Not Found: /config/secrets.yml
WARNING 2026-04-20 18:13:52,868 basehttp "GET /config/database.php HTTP/1.0" 404 179
WARNING 2026-04-20 18:13:52,868 basehttp "GET /config/database.yml HTTP/1.0" 404 179
WARNING 2026-04-20 18:13:52,870 basehttp "GET /config/secrets.yml HTTP/1.0" 404 179
WARNING 2026-04-20 18:13:52,873 log Not Found: /config/mail.php
WARNING 2026-04-20 18:13:52,874 basehttp "GET /config/mail.php HTTP/1.0" 404 179
WARNING 2026-04-20 18:13:52,942 log Not Found: /actuator/env
WARNING 2026-04-20 18:13:52,943 basehttp "GET /actuator/env HTTP/1.0" 404 179
WARNING 2026-04-20 18:13:52,989 log Not Found: /actuator/heapdump
WARNING 2026-04-20 18:13:52,993 log Not Found: /application.properties
WARNING 2026-04-20 18:13:52,997 log Not Found: /application.yml
WARNING 2026-04-20 18:13:53,002 basehttp "GET /actuator/heapdump HTTP/1.0" 404 179
WARNING 2026-04-20 18:13:53,004 log Not Found: /appsettings.json
WARNING 2026-04-20 18:13:53,007 basehttp "GET /application.yml HTTP/1.0" 404 179
WARNING 2026-04-20 18:13:53,008 basehttp "GET /appsettings.json HTTP/1.0" 404 179
WARNING 2026-04-20 18:13:53,009 basehttp "GET /application.properties HTTP/1.0" 404 179
WARNING 2026-04-20 18:13:53,060 log Not Found: /web.config
WARNING 2026-04-20 18:13:53,061 basehttp "GET /web.config HTTP/1.0" 404 179
WARNING 2026-04-20 18:13:53,120 log Not Found: /.gitlab-ci.yml
WARNING 2026-04-20 18:13:53,122 basehttp "GET /.gitlab-ci.yml HTTP/1.0" 404 179
WARNING 2026-04-20 18:13:53,130 log Not Found: /terraform.tfstate
WARNING 2026-04-20 18:13:53,132 log Not Found: /terraform.tfvars
WARNING 2026-04-20 18:13:53,133 basehttp "GET /terraform.tfstate HTTP/1.0" 404 179
WARNING 2026-04-20 18:13:53,136 log Not Found: /secrets.json
WARNING 2026-04-20 18:13:53,137 basehttp "GET /terraform.tfvars HTTP/1.0" 404 179
WARNING 2026-04-20 18:13:53,139 basehttp "GET /secrets.json HTTP/1.0" 404 179
WARNING 2026-04-20 18:13:53,178 log Not Found: /secrets.yml
WARNING 2026-04-20 18:13:53,179 basehttp "GET /secrets.yml HTTP/1.0" 404 179
WARNING 2026-04-20 18:13:53,241 log Not Found: /credentials.json
WARNING 2026-04-20 18:13:53,242 basehttp "GET /credentials.json HTTP/1.0" 404 179
WARNING 2026-04-20 18:13:53,256 log Not Found: /.git/config
WARNING 2026-04-20 18:13:53,256 basehttp "GET /.git/config HTTP/1.0" 404 179
WARNING 2026-04-20 18:13:53,261 log Not Found: /.git/HEAD
WARNING 2026-04-20 18:13:53,265 log Not Found: /.git-credentials
WARNING 2026-04-20 18:13:53,267 basehttp "GET /.git/HEAD HTTP/1.0" 404 179
WARNING 2026-04-20 18:13:53,268 basehttp "GET /.git-credentials HTTP/1.0" 404 179
WARNING 2026-04-20 18:13:53,297 log Not Found: /backup.sql
WARNING 2026-04-20 18:13:53,298 basehttp "GET /backup.sql HTTP/1.0" 404 179
WARNING 2026-04-20 18:13:53,360 log Not Found: /dump.sql
WARNING 2026-04-20 18:13:53,361 basehttp "GET /dump.sql HTTP/1.0" 404 179
WARNING 2026-04-20 18:13:53,380 log Not Found: /database.sql
WARNING 2026-04-20 18:13:53,381 basehttp "GET /database.sql HTTP/1.0" 404 179
WARNING 2026-04-20 18:13:53,389 log Not Found: /wp-content/debug.log
WARNING 2026-04-20 18:13:53,391 log Not Found: /error_log
WARNING 2026-04-20 18:13:53,392 basehttp "GET /wp-content/debug.log HTTP/1.0" 404 179
WARNING 2026-04-20 18:13:53,392 basehttp "GET /error_log HTTP/1.0" 404 179
WARNING 2026-04-20 18:32:04,407 log Not Found: /
WARNING 2026-04-20 18:32:04,411 basehttp "GET / HTTP/1.0" 404 179
WARNING 2026-04-20 20:20:33,174 log Not Found: /
WARNING 2026-04-20 20:20:33,178 basehttp "GET / HTTP/1.0" 404 179
WARNING 2026-04-20 20:38:13,616 log Not Found: /
WARNING 2026-04-20 20:38:13,620 basehttp "GET / HTTP/1.0" 404 179
WARNING 2026-04-21 05:53:30,186 log Not Found: /
WARNING 2026-04-21 05:53:30,211 basehttp "GET / HTTP/1.0" 404 179
WARNING 2026-04-21 10:17:06,132 log Not Found: /wp-login.php
WARNING 2026-04-21 10:17:06,150 basehttp "GET /wp-login.php HTTP/1.0" 404 179
WARNING 2026-04-21 10:17:06,349 log Not Found: /xmlrpc.php
WARNING 2026-04-21 10:17:06,353 basehttp "GET /xmlrpc.php HTTP/1.0" 404 179
WARNING 2026-04-21 10:17:08,159 log Not Found: /xmlrpc.php
WARNING 2026-04-21 10:17:08,160 basehttp "GET /xmlrpc.php HTTP/1.0" 404 179
WARNING 2026-04-21 10:17:22,765 log Not Found: /wp-login.php
WARNING 2026-04-21 10:17:22,767 basehttp "GET /wp-login.php HTTP/1.0" 404 179
WARNING 2026-04-21 10:17:28,094 log Not Found: /xmlrpc.php
WARNING 2026-04-21 10:17:28,095 basehttp "GET /xmlrpc.php HTTP/1.0" 404 179
WARNING 2026-04-21 10:17:42,632 log Not Found: /wp-login.php
WARNING 2026-04-21 10:17:42,633 basehttp "GET /wp-login.php HTTP/1.0" 404 179
WARNING 2026-04-21 10:43:30,943 log Not Found: /
WARNING 2026-04-21 10:43:30,944 basehttp "GET / HTTP/1.0" 404 179
WARNING 2026-04-21 10:43:31,128 log Not Found: /
WARNING 2026-04-21 10:43:31,129 basehttp "POST / HTTP/1.0" 404 179
WARNING 2026-04-21 10:43:31,295 log Not Found: /
WARNING 2026-04-21 10:43:31,296 basehttp "POST / HTTP/1.0" 404 179
WARNING 2026-04-21 10:43:31,464 log Not Found: /
WARNING 2026-04-21 10:43:31,464 basehttp "POST / HTTP/1.0" 404 179
WARNING 2026-04-21 10:43:31,631 log Not Found: /.git/config
WARNING 2026-04-21 10:43:31,632 basehttp "GET /.git/config HTTP/1.0" 404 179
WARNING 2026-04-21 10:43:31,801 log Not Found: /
WARNING 2026-04-21 10:43:31,802 basehttp "POST / HTTP/1.0" 404 179
WARNING 2026-04-21 10:43:31,970 log Not Found: /.env
WARNING 2026-04-21 10:43:31,971 basehttp "GET /.env HTTP/1.0" 404 179
WARNING 2026-04-21 10:43:32,140 log Not Found: /.env.local
WARNING 2026-04-21 10:43:32,141 basehttp "GET /.env.local HTTP/1.0" 404 179
WARNING 2026-04-21 10:43:32,307 log Not Found: /.env.production
WARNING 2026-04-21 10:43:32,308 basehttp "GET /.env.production HTTP/1.0" 404 179
WARNING 2026-04-21 10:43:32,476 log Not Found: /.env.staging
WARNING 2026-04-21 10:43:32,482 basehttp "GET /.env.staging HTTP/1.0" 404 179
WARNING 2026-04-21 10:43:32,650 log Not Found: /.env.development
WARNING 2026-04-21 10:43:32,651 basehttp "GET /.env.development HTTP/1.0" 404 179
WARNING 2026-04-21 10:43:32,823 log Not Found: /.env.test
WARNING 2026-04-21 10:43:32,833 basehttp "GET /.env.test HTTP/1.0" 404 179
WARNING 2026-04-21 10:43:33,007 log Not Found: /.env.remote
WARNING 2026-04-21 10:43:33,008 basehttp "GET /.env.remote HTTP/1.0" 404 179
WARNING 2026-04-21 10:43:33,175 log Not Found: /.env.bak
WARNING 2026-04-21 10:43:33,175 basehttp "GET /.env.bak HTTP/1.0" 404 179
WARNING 2026-04-21 10:43:33,343 log Not Found: /.env.backup
WARNING 2026-04-21 10:43:33,343 basehttp "GET /.env.backup HTTP/1.0" 404 179
WARNING 2026-04-21 10:43:33,509 log Not Found: /.env.save
WARNING 2026-04-21 10:43:33,511 basehttp "GET /.env.save HTTP/1.0" 404 179
WARNING 2026-04-21 10:43:33,677 log Not Found: /.env.old
WARNING 2026-04-21 10:43:33,678 basehttp "GET /.env.old HTTP/1.0" 404 179
WARNING 2026-04-21 10:43:33,843 log Not Found: /.env.sample
WARNING 2026-04-21 10:43:33,844 basehttp "GET /.env.sample HTTP/1.0" 404 179
WARNING 2026-04-21 10:43:34,011 log Not Found: /.env.example
WARNING 2026-04-21 10:43:34,012 basehttp "GET /.env.example HTTP/1.0" 404 179
WARNING 2026-04-21 10:43:34,177 log Not Found: /.env.dev
WARNING 2026-04-21 10:43:34,177 basehttp "GET /.env.dev HTTP/1.0" 404 179
WARNING 2026-04-21 10:43:34,434 log Not Found: /.env.prod
WARNING 2026-04-21 10:43:34,436 basehttp "GET /.env.prod HTTP/1.0" 404 179
WARNING 2026-04-21 10:43:34,603 log Not Found: /.env.stage
WARNING 2026-04-21 10:43:34,604 basehttp "GET /.env.stage HTTP/1.0" 404 179
WARNING 2026-04-21 10:43:34,768 log Not Found: /.env.ci
WARNING 2026-04-21 10:43:34,769 basehttp "GET /.env.ci HTTP/1.0" 404 179
WARNING 2026-04-21 10:43:34,934 log Not Found: /.env.docker
WARNING 2026-04-21 10:43:34,935 basehttp "GET /.env.docker HTTP/1.0" 404 179
WARNING 2026-04-21 10:43:35,103 log Not Found: /.env.live
WARNING 2026-04-21 10:43:35,105 basehttp "GET /.env.live HTTP/1.0" 404 179
WARNING 2026-04-21 10:43:35,271 log Not Found: /.env.preprod
WARNING 2026-04-21 10:43:35,272 basehttp "GET /.env.preprod HTTP/1.0" 404 179
WARNING 2026-04-21 10:43:35,439 log Not Found: /.env.uat
WARNING 2026-04-21 10:43:35,440 basehttp "GET /.env.uat HTTP/1.0" 404 179
WARNING 2026-04-21 10:43:35,607 log Not Found: /.env.dist
WARNING 2026-04-21 10:43:35,610 basehttp "GET /.env.dist HTTP/1.0" 404 179
WARNING 2026-04-21 10:43:35,776 log Not Found: /.env.swp
WARNING 2026-04-21 10:43:35,777 basehttp "GET /.env.swp HTTP/1.0" 404 179
WARNING 2026-04-21 10:43:35,942 log Not Found: /.env~
WARNING 2026-04-21 10:43:35,943 basehttp "GET /.env~ HTTP/1.0" 404 179
WARNING 2026-04-21 10:43:36,117 log Not Found: /app/.env
WARNING 2026-04-21 10:43:36,119 basehttp "GET /app/.env HTTP/1.0" 404 179
WARNING 2026-04-21 10:43:36,284 log Not Found: /apps/.env
WARNING 2026-04-21 10:43:36,285 basehttp "GET /apps/.env HTTP/1.0" 404 179
WARNING 2026-04-21 10:43:36,503 log Not Found: /api/.env
WARNING 2026-04-21 10:43:36,505 basehttp "GET /api/.env HTTP/1.0" 404 23
WARNING 2026-04-21 10:43:36,680 log Not Found: /web/.env
WARNING 2026-04-21 10:43:36,680 basehttp "GET /web/.env HTTP/1.0" 404 179
WARNING 2026-04-21 10:43:36,845 log Not Found: /site/.env
WARNING 2026-04-21 10:43:36,847 basehttp "GET /site/.env HTTP/1.0" 404 179
WARNING 2026-04-21 10:43:37,013 log Not Found: /public/.env
WARNING 2026-04-21 10:43:37,014 basehttp "GET /public/.env HTTP/1.0" 404 179
INFO 2026-04-21 10:43:37,203 basehttp "GET /admin/.env HTTP/1.0" 302 0
INFO 2026-04-21 10:43:37,505 basehttp "GET /admin/login/?next=/admin/.env HTTP/1.0" 200 4167
WARNING 2026-04-21 10:43:37,683 log Not Found: /backend/.env
WARNING 2026-04-21 10:43:37,686 basehttp "GET /backend/.env HTTP/1.0" 404 179
WARNING 2026-04-21 10:43:37,851 log Not Found: /server/.env
WARNING 2026-04-21 10:43:37,852 basehttp "GET /server/.env HTTP/1.0" 404 179
WARNING 2026-04-21 10:43:38,018 log Not Found: /frontend/.env
WARNING 2026-04-21 10:43:38,020 basehttp "GET /frontend/.env HTTP/1.0" 404 179
WARNING 2026-04-21 10:43:38,189 log Not Found: /src/.env
WARNING 2026-04-21 10:43:38,190 basehttp "GET /src/.env HTTP/1.0" 404 179
WARNING 2026-04-21 10:43:38,357 log Not Found: /core/.env
WARNING 2026-04-21 10:43:38,358 basehttp "GET /core/.env HTTP/1.0" 404 179
WARNING 2026-04-21 10:43:38,524 log Not Found: /core/app/.env
WARNING 2026-04-21 10:43:38,525 basehttp "GET /core/app/.env HTTP/1.0" 404 179
WARNING 2026-04-21 10:43:38,691 log Not Found: /core/Database/.env
WARNING 2026-04-21 10:43:38,691 basehttp "GET /core/Database/.env HTTP/1.0" 404 179
WARNING 2026-04-21 10:43:38,856 log Not Found: /config/.env
WARNING 2026-04-21 10:43:38,857 basehttp "GET /config/.env HTTP/1.0" 404 179
WARNING 2026-04-21 10:43:39,025 log Not Found: /private/.env
WARNING 2026-04-21 10:43:39,026 basehttp "GET /private/.env HTTP/1.0" 404 179
WARNING 2026-04-21 10:43:39,194 log Not Found: /current/.env
WARNING 2026-04-21 10:43:39,195 basehttp "GET /current/.env HTTP/1.0" 404 179
WARNING 2026-04-21 10:43:39,361 log Not Found: /release/.env
WARNING 2026-04-21 10:43:39,362 basehttp "GET /release/.env HTTP/1.0" 404 179
WARNING 2026-04-21 10:43:39,527 log Not Found: /releases/.env
WARNING 2026-04-21 10:43:39,529 basehttp "GET /releases/.env HTTP/1.0" 404 179
WARNING 2026-04-21 10:43:39,695 log Not Found: /shared/.env
WARNING 2026-04-21 10:43:39,696 basehttp "GET /shared/.env HTTP/1.0" 404 179
WARNING 2026-04-21 10:43:39,862 log Not Found: /deploy/.env
WARNING 2026-04-21 10:43:39,863 basehttp "GET /deploy/.env HTTP/1.0" 404 179
WARNING 2026-04-21 10:43:40,029 log Not Found: /build/.env
WARNING 2026-04-21 10:43:40,030 basehttp "GET /build/.env HTTP/1.0" 404 179
WARNING 2026-04-21 10:43:40,195 log Not Found: /dist/.env
WARNING 2026-04-21 10:43:40,196 basehttp "GET /dist/.env HTTP/1.0" 404 179
WARNING 2026-04-21 10:43:40,365 log Not Found: /public_html/.env
WARNING 2026-04-21 10:43:40,372 basehttp "GET /public_html/.env HTTP/1.0" 404 179
WARNING 2026-04-21 10:43:40,538 log Not Found: /htdocs/.env
WARNING 2026-04-21 10:43:40,539 basehttp "GET /htdocs/.env HTTP/1.0" 404 179
WARNING 2026-04-21 10:43:40,711 log Not Found: /www/.env
WARNING 2026-04-21 10:43:40,712 basehttp "GET /www/.env HTTP/1.0" 404 179
WARNING 2026-04-21 10:43:40,879 log Not Found: /html/.env
WARNING 2026-04-21 10:43:40,880 basehttp "GET /html/.env HTTP/1.0" 404 179
WARNING 2026-04-21 10:43:41,047 log Not Found: /live/.env
WARNING 2026-04-21 10:43:41,048 basehttp "GET /live/.env HTTP/1.0" 404 179
WARNING 2026-04-21 10:43:41,217 log Not Found: /prod/.env
WARNING 2026-04-21 10:43:41,220 basehttp "GET /prod/.env HTTP/1.0" 404 179
WARNING 2026-04-21 10:43:41,386 log Not Found: /dev/.env
WARNING 2026-04-21 10:43:41,386 basehttp "GET /dev/.env HTTP/1.0" 404 179
WARNING 2026-04-21 10:43:41,552 log Not Found: /staging/.env
WARNING 2026-04-21 10:43:41,553 basehttp "GET /staging/.env HTTP/1.0" 404 179
WARNING 2026-04-21 10:43:41,720 log Not Found: /laravel/.env
WARNING 2026-04-21 10:43:41,721 basehttp "GET /laravel/.env HTTP/1.0" 404 179
WARNING 2026-04-21 10:43:41,886 log Not Found: /symfony/.env
WARNING 2026-04-21 10:43:41,887 basehttp "GET /symfony/.env HTTP/1.0" 404 179
WARNING 2026-04-21 10:43:42,055 log Not Found: /wordpress/.env
WARNING 2026-04-21 10:43:42,056 basehttp "GET /wordpress/.env HTTP/1.0" 404 179
WARNING 2026-04-21 10:43:42,222 log Not Found: /wp/.env
WARNING 2026-04-21 10:43:42,223 basehttp "GET /wp/.env HTTP/1.0" 404 179
WARNING 2026-04-21 10:43:42,389 log Not Found: /cms/.env
WARNING 2026-04-21 10:43:42,389 basehttp "GET /cms/.env HTTP/1.0" 404 179
WARNING 2026-04-21 10:43:42,557 log Not Found: /drupal/.env
WARNING 2026-04-21 10:43:42,560 basehttp "GET /drupal/.env HTTP/1.0" 404 179
WARNING 2026-04-21 10:43:42,727 log Not Found: /joomla/.env
WARNING 2026-04-21 10:43:42,728 basehttp "GET /joomla/.env HTTP/1.0" 404 179
WARNING 2026-04-21 10:43:42,902 log Not Found: /magento/.env
WARNING 2026-04-21 10:43:42,902 basehttp "GET /magento/.env HTTP/1.0" 404 179
WARNING 2026-04-21 10:43:43,075 log Not Found: /shopify/.env
WARNING 2026-04-21 10:43:43,078 basehttp "GET /shopify/.env HTTP/1.0" 404 179
WARNING 2026-04-21 10:43:43,249 log Not Found: /prestashop/.env
WARNING 2026-04-21 10:43:43,250 basehttp "GET /prestashop/.env HTTP/1.0" 404 179
WARNING 2026-04-21 10:43:43,415 log Not Found: /v1/.env
WARNING 2026-04-21 10:43:43,417 basehttp "GET /v1/.env HTTP/1.0" 404 179
WARNING 2026-04-21 10:43:43,583 log Not Found: /v2/.env
WARNING 2026-04-21 10:43:43,584 basehttp "GET /v2/.env HTTP/1.0" 404 179
WARNING 2026-04-21 10:43:43,751 log Not Found: /v3/.env
WARNING 2026-04-21 10:43:43,752 basehttp "GET /v3/.env HTTP/1.0" 404 179
WARNING 2026-04-21 10:43:43,919 log Not Found: /api/v1/.env
WARNING 2026-04-21 10:43:43,920 basehttp "GET /api/v1/.env HTTP/1.0" 404 179
WARNING 2026-04-21 10:43:44,089 log Not Found: /api/v2/.env
WARNING 2026-04-21 10:43:44,090 basehttp "GET /api/v2/.env HTTP/1.0" 404 179
WARNING 2026-04-21 10:43:44,255 log Not Found: /rest/.env
WARNING 2026-04-21 10:43:44,256 basehttp "GET /rest/.env HTTP/1.0" 404 179
WARNING 2026-04-21 10:43:44,428 log Not Found: /graphql/.env
WARNING 2026-04-21 10:43:44,429 basehttp "GET /graphql/.env HTTP/1.0" 404 179
WARNING 2026-04-21 10:43:44,593 log Not Found: /gateway/.env
WARNING 2026-04-21 10:43:44,594 basehttp "GET /gateway/.env HTTP/1.0" 404 179
WARNING 2026-04-21 10:43:44,758 log Not Found: /microservice/.env
WARNING 2026-04-21 10:43:44,759 basehttp "GET /microservice/.env HTTP/1.0" 404 179
WARNING 2026-04-21 10:43:44,926 log Not Found: /service/.env
WARNING 2026-04-21 10:43:44,927 basehttp "GET /service/.env HTTP/1.0" 404 179
WARNING 2026-04-21 10:43:45,093 log Not Found: /vendor/.env
WARNING 2026-04-21 10:43:45,094 basehttp "GET /vendor/.env HTTP/1.0" 404 179
WARNING 2026-04-21 10:43:45,261 log Not Found: /lib/.env
WARNING 2026-04-21 10:43:45,262 basehttp "GET /lib/.env HTTP/1.0" 404 179
WARNING 2026-04-21 10:43:45,432 log Not Found: /database/.env
WARNING 2026-04-21 10:43:45,433 basehttp "GET /database/.env HTTP/1.0" 404 179
WARNING 2026-04-21 10:43:45,600 log Not Found: /resources/.env
WARNING 2026-04-21 10:43:45,601 basehttp "GET /resources/.env HTTP/1.0" 404 179
WARNING 2026-04-21 10:43:45,766 log Not Found: /storage/.env
WARNING 2026-04-21 10:43:45,767 basehttp "GET /storage/.env HTTP/1.0" 404 179
WARNING 2026-04-21 10:43:45,932 log Not Found: /assets/.env
WARNING 2026-04-21 10:43:45,932 basehttp "GET /assets/.env HTTP/1.0" 404 179
WARNING 2026-04-21 10:43:46,097 log Not Found: /uploads/.env
WARNING 2026-04-21 10:43:46,098 basehttp "GET /uploads/.env HTTP/1.0" 404 179
WARNING 2026-04-21 10:43:46,266 log Not Found: /internal/.env
WARNING 2026-04-21 10:43:46,266 basehttp "GET /internal/.env HTTP/1.0" 404 179
WARNING 2026-04-21 10:43:46,431 log Not Found: /tools/.env
WARNING 2026-04-21 10:43:46,432 basehttp "GET /tools/.env HTTP/1.0" 404 179
WARNING 2026-04-21 10:43:46,598 log Not Found: /scripts/.env
WARNING 2026-04-21 10:43:46,599 basehttp "GET /scripts/.env HTTP/1.0" 404 179
WARNING 2026-04-21 10:43:46,765 log Not Found: /portal/.env
WARNING 2026-04-21 10:43:46,765 basehttp "GET /portal/.env HTTP/1.0" 404 179
WARNING 2026-04-21 10:43:46,931 log Not Found: /dashboard/.env
WARNING 2026-04-21 10:43:46,931 basehttp "GET /dashboard/.env HTTP/1.0" 404 179
WARNING 2026-04-21 10:43:47,096 log Not Found: /panel/.env
WARNING 2026-04-21 10:43:47,098 basehttp "GET /panel/.env HTTP/1.0" 404 179
WARNING 2026-04-21 10:43:47,263 log Not Found: /crm/.env
WARNING 2026-04-21 10:43:47,264 basehttp "GET /crm/.env HTTP/1.0" 404 179
WARNING 2026-04-21 10:43:47,429 log Not Found: /erp/.env
WARNING 2026-04-21 10:43:47,430 basehttp "GET /erp/.env HTTP/1.0" 404 179
WARNING 2026-04-21 10:43:47,602 log Not Found: /shop/.env
WARNING 2026-04-21 10:43:47,603 basehttp "GET /shop/.env HTTP/1.0" 404 179
WARNING 2026-04-21 10:43:47,769 log Not Found: /store/.env
WARNING 2026-04-21 10:43:47,770 basehttp "GET /store/.env HTTP/1.0" 404 179
WARNING 2026-04-21 10:43:47,937 log Not Found: /saas/.env
WARNING 2026-04-21 10:43:47,938 basehttp "GET /saas/.env HTTP/1.0" 404 179
WARNING 2026-04-21 10:43:48,105 log Not Found: /client/.env
WARNING 2026-04-21 10:43:48,106 basehttp "GET /client/.env HTTP/1.0" 404 179
WARNING 2026-04-21 10:43:48,275 log Not Found: /project/.env
WARNING 2026-04-21 10:43:48,276 basehttp "GET /project/.env HTTP/1.0" 404 179
WARNING 2026-04-21 10:43:48,441 log Not Found: /node/.env
WARNING 2026-04-21 10:43:48,442 basehttp "GET /node/.env HTTP/1.0" 404 179
WARNING 2026-04-21 10:43:48,608 log Not Found: /express/.env
WARNING 2026-04-21 10:43:48,611 basehttp "GET /express/.env HTTP/1.0" 404 179
WARNING 2026-04-21 10:43:48,776 log Not Found: /next/.env
WARNING 2026-04-21 10:43:48,778 basehttp "GET /next/.env HTTP/1.0" 404 179
WARNING 2026-04-21 10:43:48,945 log Not Found: /nuxt/.env
WARNING 2026-04-21 10:43:48,946 basehttp "GET /nuxt/.env HTTP/1.0" 404 179
WARNING 2026-04-21 10:43:49,111 log Not Found: /nest/.env
WARNING 2026-04-21 10:43:49,112 basehttp "GET /nest/.env HTTP/1.0" 404 179
WARNING 2026-04-21 10:43:49,276 log Not Found: /backup/.env
WARNING 2026-04-21 10:43:49,277 basehttp "GET /backup/.env HTTP/1.0" 404 179
WARNING 2026-04-21 10:43:49,448 log Not Found: /backups/.env
WARNING 2026-04-21 10:43:49,450 basehttp "GET /backups/.env HTTP/1.0" 404 179
WARNING 2026-04-21 10:43:49,616 log Not Found: /old/.env
WARNING 2026-04-21 10:43:49,618 basehttp "GET /old/.env HTTP/1.0" 404 179
WARNING 2026-04-21 10:43:49,786 log Not Found: /tmp/.env
WARNING 2026-04-21 10:43:49,787 basehttp "GET /tmp/.env HTTP/1.0" 404 179
WARNING 2026-04-21 10:43:49,951 log Not Found: /temp/.env
WARNING 2026-04-21 10:43:49,951 basehttp "GET /temp/.env HTTP/1.0" 404 179
WARNING 2026-04-21 10:43:50,117 log Not Found: /lab/.env
WARNING 2026-04-21 10:43:50,118 basehttp "GET /lab/.env HTTP/1.0" 404 179
WARNING 2026-04-21 10:43:50,284 log Not Found: /cronlab/.env
WARNING 2026-04-21 10:43:50,285 basehttp "GET /cronlab/.env HTTP/1.0" 404 179
WARNING 2026-04-21 10:43:50,451 log Not Found: /cron/.env
WARNING 2026-04-21 10:43:50,451 basehttp "GET /cron/.env HTTP/1.0" 404 179
WARNING 2026-04-21 10:43:50,616 log Not Found: /en/.env
WARNING 2026-04-21 10:43:50,617 basehttp "GET /en/.env HTTP/1.0" 404 179
WARNING 2026-04-21 10:43:50,783 log Not Found: /administrator/.env
WARNING 2026-04-21 10:43:50,784 basehttp "GET /administrator/.env HTTP/1.0" 404 179
WARNING 2026-04-21 10:43:50,949 log Not Found: /psnlink/.env
WARNING 2026-04-21 10:43:50,950 basehttp "GET /psnlink/.env HTTP/1.0" 404 179
WARNING 2026-04-21 10:43:51,116 log Not Found: /exapi/.env
WARNING 2026-04-21 10:43:51,117 basehttp "GET /exapi/.env HTTP/1.0" 404 179
WARNING 2026-04-21 10:43:51,282 log Not Found: /sitemaps/.env
WARNING 2026-04-21 10:43:51,282 basehttp "GET /sitemaps/.env HTTP/1.0" 404 179
WARNING 2026-04-21 10:43:51,448 log Not Found: /mailer/.env
WARNING 2026-04-21 10:43:51,449 basehttp "GET /mailer/.env HTTP/1.0" 404 179
WARNING 2026-04-21 10:43:51,615 log Not Found: /mail/.env
WARNING 2026-04-21 10:43:51,616 basehttp "GET /mail/.env HTTP/1.0" 404 179
WARNING 2026-04-21 10:43:51,782 log Not Found: /email/.env
WARNING 2026-04-21 10:43:51,783 basehttp "GET /email/.env HTTP/1.0" 404 179
WARNING 2026-04-21 10:43:51,947 log Not Found: /smtp/.env
WARNING 2026-04-21 10:43:51,948 basehttp "GET /smtp/.env HTTP/1.0" 404 179
WARNING 2026-04-21 10:43:52,113 log Not Found: /mailing/.env
WARNING 2026-04-21 10:43:52,114 basehttp "GET /mailing/.env HTTP/1.0" 404 179
WARNING 2026-04-21 10:43:52,282 log Not Found: /notifications/.env
WARNING 2026-04-21 10:43:52,283 basehttp "GET /notifications/.env HTTP/1.0" 404 179
WARNING 2026-04-21 10:43:52,449 log Not Found: /notify/.env
WARNING 2026-04-21 10:43:52,450 basehttp "GET /notify/.env HTTP/1.0" 404 179
WARNING 2026-04-21 10:43:52,618 log Not Found: /sender/.env
WARNING 2026-04-21 10:43:52,619 basehttp "GET /sender/.env HTTP/1.0" 404 179
WARNING 2026-04-21 10:43:52,785 log Not Found: /campaign/.env
WARNING 2026-04-21 10:43:52,786 basehttp "GET /campaign/.env HTTP/1.0" 404 179
WARNING 2026-04-21 10:43:52,952 log Not Found: /newsletter/.env
WARNING 2026-04-21 10:43:52,953 basehttp "GET /newsletter/.env HTTP/1.0" 404 179
WARNING 2026-04-21 10:43:53,117 log Not Found: /ses/.env
WARNING 2026-04-21 10:43:53,118 basehttp "GET /ses/.env HTTP/1.0" 404 179
WARNING 2026-04-21 10:43:53,284 log Not Found: /sendgrid/.env
WARNING 2026-04-21 10:43:53,285 basehttp "GET /sendgrid/.env HTTP/1.0" 404 179
WARNING 2026-04-21 10:43:53,450 log Not Found: /sparkpost/.env
WARNING 2026-04-21 10:43:53,451 basehttp "GET /sparkpost/.env HTTP/1.0" 404 179
WARNING 2026-04-21 10:43:53,615 log Not Found: /postmark/.env
WARNING 2026-04-21 10:43:53,616 basehttp "GET /postmark/.env HTTP/1.0" 404 179
WARNING 2026-04-21 10:43:53,782 log Not Found: /mailgun/.env
WARNING 2026-04-21 10:43:53,783 basehttp "GET /mailgun/.env HTTP/1.0" 404 179
WARNING 2026-04-21 10:43:53,950 log Not Found: /mandrill/.env
WARNING 2026-04-21 10:43:53,951 basehttp "GET /mandrill/.env HTTP/1.0" 404 179
WARNING 2026-04-21 10:43:54,117 log Not Found: /mailjet/.env
WARNING 2026-04-21 10:43:54,118 basehttp "GET /mailjet/.env HTTP/1.0" 404 179
WARNING 2026-04-21 10:43:54,284 log Not Found: /brevo/.env
WARNING 2026-04-21 10:43:54,285 basehttp "GET /brevo/.env HTTP/1.0" 404 179
WARNING 2026-04-21 10:43:54,450 log Not Found: /transactional/.env
WARNING 2026-04-21 10:43:54,451 basehttp "GET /transactional/.env HTTP/1.0" 404 179
WARNING 2026-04-21 10:43:54,618 log Not Found: /bulk/.env
WARNING 2026-04-21 10:43:54,619 basehttp "GET /bulk/.env HTTP/1.0" 404 179
WARNING 2026-04-21 10:43:54,784 log Not Found: /phpinfo.php
WARNING 2026-04-21 10:43:54,785 basehttp "GET /phpinfo.php HTTP/1.0" 404 179
WARNING 2026-04-21 10:43:54,951 log Not Found: /info.php
WARNING 2026-04-21 10:43:54,952 basehttp "GET /info.php HTTP/1.0" 404 179
WARNING 2026-04-21 10:43:55,120 log Not Found: /php.php
WARNING 2026-04-21 10:43:55,121 basehttp "GET /php.php HTTP/1.0" 404 179
WARNING 2026-04-21 10:43:55,287 log Not Found: /i.php
WARNING 2026-04-21 10:43:55,287 basehttp "GET /i.php HTTP/1.0" 404 179
WARNING 2026-04-21 10:43:55,453 log Not Found: /pi.php
WARNING 2026-04-21 10:43:55,454 basehttp "GET /pi.php HTTP/1.0" 404 179
WARNING 2026-04-21 10:43:55,621 log Not Found: /pinfo.php
WARNING 2026-04-21 10:43:55,622 basehttp "GET /pinfo.php HTTP/1.0" 404 179
WARNING 2026-04-21 10:43:55,790 log Not Found: /test.php
WARNING 2026-04-21 10:43:55,792 basehttp "GET /test.php HTTP/1.0" 404 179
WARNING 2026-04-21 10:43:55,957 log Not Found: /phpinfo
WARNING 2026-04-21 10:43:55,958 basehttp "GET /phpinfo HTTP/1.0" 404 179
WARNING 2026-04-21 10:43:56,124 log Not Found: /p.php
WARNING 2026-04-21 10:43:56,125 basehttp "GET /p.php HTTP/1.0" 404 179
WARNING 2026-04-21 10:43:56,290 log Not Found: /debug.php
WARNING 2026-04-21 10:43:56,291 basehttp "GET /debug.php HTTP/1.0" 404 179
INFO 2026-04-21 10:43:56,458 basehttp "GET /admin/phpinfo.php HTTP/1.0" 302 0
INFO 2026-04-21 10:43:56,632 basehttp "GET /admin/login/?next=/admin/phpinfo.php HTTP/1.0" 200 4181
WARNING 2026-04-21 10:43:56,805 log Not Found: /test/phpinfo.php
WARNING 2026-04-21 10:43:56,806 basehttp "GET /test/phpinfo.php HTTP/1.0" 404 179
WARNING 2026-04-21 10:43:56,972 log Not Found: /dev/phpinfo.php
WARNING 2026-04-21 10:43:56,973 basehttp "GET /dev/phpinfo.php HTTP/1.0" 404 179
WARNING 2026-04-21 10:43:57,137 log Not Found: /old/phpinfo.php
WARNING 2026-04-21 10:43:57,138 basehttp "GET /old/phpinfo.php HTTP/1.0" 404 179
WARNING 2026-04-21 10:43:57,309 log Not Found: /tmp/phpinfo.php
WARNING 2026-04-21 10:43:57,310 basehttp "GET /tmp/phpinfo.php HTTP/1.0" 404 179
WARNING 2026-04-21 10:43:57,476 log Not Found: /public/phpinfo.php
WARNING 2026-04-21 10:43:57,477 basehttp "GET /public/phpinfo.php HTTP/1.0" 404 179
WARNING 2026-04-21 10:43:57,642 log Not Found: /info
WARNING 2026-04-21 10:43:57,643 basehttp "GET /info HTTP/1.0" 404 179
WARNING 2026-04-21 10:43:57,808 log Not Found: /php-info.php
WARNING 2026-04-21 10:43:57,809 basehttp "GET /php-info.php HTTP/1.0" 404 179
WARNING 2026-04-21 10:43:57,974 log Not Found: /phpversion.php
WARNING 2026-04-21 10:43:57,975 basehttp "GET /phpversion.php HTTP/1.0" 404 179
WARNING 2026-04-21 10:43:58,141 log Not Found: /_phpinfo.php
WARNING 2026-04-21 10:43:58,142 basehttp "GET /_phpinfo.php HTTP/1.0" 404 179
WARNING 2026-04-21 10:43:58,308 log Not Found: /old_phpinfo.php
WARNING 2026-04-21 10:43:58,309 basehttp "GET /old_phpinfo.php HTTP/1.0" 404 179
WARNING 2026-04-21 10:43:58,473 log Not Found: /server-info.php
WARNING 2026-04-21 10:43:58,474 basehttp "GET /server-info.php HTTP/1.0" 404 179
WARNING 2026-04-21 10:43:58,649 log Not Found: /server-status.php
WARNING 2026-04-21 10:43:58,650 basehttp "GET /server-status.php HTTP/1.0" 404 179
WARNING 2026-04-21 10:43:58,816 log Not Found: /_profiler/phpinfo
WARNING 2026-04-21 10:43:58,817 basehttp "GET /_profiler/phpinfo HTTP/1.0" 404 179
WARNING 2026-04-21 10:43:58,982 log Not Found: /_environment
WARNING 2026-04-21 10:43:58,982 basehttp "GET /_environment HTTP/1.0" 404 179
WARNING 2026-04-21 10:43:59,147 log Not Found: /webroot/index.php/_environment
WARNING 2026-04-21 10:43:59,148 basehttp "GET /webroot/index.php/_environment HTTP/1.0" 404 179
WARNING 2026-04-21 10:43:59,314 log Not Found: /mail/phpinfo.php
WARNING 2026-04-21 10:43:59,315 basehttp "GET /mail/phpinfo.php HTTP/1.0" 404 179
WARNING 2026-04-21 10:43:59,480 log Not Found: /cpanel/phpinfo.php
WARNING 2026-04-21 10:43:59,481 basehttp "GET /cpanel/phpinfo.php HTTP/1.0" 404 179
WARNING 2026-04-21 10:43:59,648 log Not Found: /hosting/phpinfo.php
WARNING 2026-04-21 10:43:59,650 basehttp "GET /hosting/phpinfo.php HTTP/1.0" 404 179
WARNING 2026-04-21 10:43:59,815 log Not Found: /webmail/phpinfo.php
WARNING 2026-04-21 10:43:59,816 basehttp "GET /webmail/phpinfo.php HTTP/1.0" 404 179
WARNING 2026-04-21 10:43:59,981 log Not Found: /smtp/phpinfo.php
WARNING 2026-04-21 10:43:59,981 basehttp "GET /smtp/phpinfo.php HTTP/1.0" 404 179
WARNING 2026-04-21 11:57:18,754 log Not Found: /.git/config
WARNING 2026-04-21 11:57:18,759 basehttp "GET /.git/config HTTP/1.0" 404 179
WARNING 2026-04-21 12:54:36,859 log Not Found: /secrets/.env
WARNING 2026-04-21 12:54:36,864 basehttp "GET /secrets/.env HTTP/1.0" 404 179
WARNING 2026-04-21 12:54:36,914 log Not Found: /docker/.env
WARNING 2026-04-21 12:54:36,915 basehttp "GET /docker/.env HTTP/1.0" 404 179
WARNING 2026-04-21 12:54:36,925 log Not Found: /production/.env
WARNING 2026-04-21 12:54:36,925 basehttp "GET /production/.env HTTP/1.0" 404 179
WARNING 2026-04-21 12:54:36,928 log Not Found: /config/.env.production
WARNING 2026-04-21 12:54:36,929 basehttp "GET /config/.env.production HTTP/1.0" 404 179
WARNING 2026-04-21 12:54:36,996 log Not Found: /kubernetes/secrets.env
WARNING 2026-04-21 12:54:36,998 basehttp "GET /kubernetes/secrets.env HTTP/1.0" 404 179
WARNING 2026-04-21 12:54:37,156 log Not Found: /.env
WARNING 2026-04-21 12:54:37,157 basehttp "GET /.env HTTP/1.0" 404 179
WARNING 2026-04-21 12:54:38,891 log Not Found: /.github/workflows/secrets.env
WARNING 2026-04-21 12:54:38,892 basehttp "GET /.github/workflows/secrets.env HTTP/1.0" 404 179
WARNING 2026-04-21 12:54:38,951 log Not Found: /.env.production
WARNING 2026-04-21 12:54:38,952 basehttp "GET /.env.production HTTP/1.0" 404 179
WARNING 2026-04-21 14:40:54,248 log Not Found: /
WARNING 2026-04-21 14:40:54,253 basehttp "GET / HTTP/1.0" 404 179
WARNING 2026-04-21 20:05:35,498 log Not Found: /
WARNING 2026-04-21 20:05:35,504 basehttp "GET / HTTP/1.0" 404 179
WARNING 2026-04-21 20:08:34,064 log Not Found: /
WARNING 2026-04-21 20:08:34,065 basehttp "GET / HTTP/1.0" 404 179
WARNING 2026-04-22 04:19:31,760 log Not Found: /
WARNING 2026-04-22 04:19:31,767 basehttp "GET / HTTP/1.0" 404 179
WARNING 2026-04-22 04:19:31,785 log Not Found: /info.php
WARNING 2026-04-22 04:19:31,786 basehttp "GET /info.php HTTP/1.0" 404 179
WARNING 2026-04-22 04:19:31,803 log Not Found: /
WARNING 2026-04-22 04:19:31,804 basehttp "GET / HTTP/1.0" 404 179
WARNING 2026-04-22 04:19:31,820 log Not Found: /phpinfo.php
WARNING 2026-04-22 04:19:31,821 basehttp "GET /phpinfo.php HTTP/1.0" 404 179
WARNING 2026-04-22 04:19:31,839 log Not Found: /.aws/config
WARNING 2026-04-22 04:19:31,841 basehttp "GET /.aws/config HTTP/1.0" 404 179
WARNING 2026-04-22 04:19:31,856 log Not Found: /.npmrc
WARNING 2026-04-22 04:19:31,857 basehttp "GET /.npmrc HTTP/1.0" 404 179
WARNING 2026-04-22 04:19:31,869 log Not Found: /.env.production
WARNING 2026-04-22 04:19:31,870 basehttp "GET /.env.production HTTP/1.0" 404 179
WARNING 2026-04-22 04:19:31,883 log Not Found: /.env.backup
WARNING 2026-04-22 04:19:31,884 basehttp "GET /.env.backup HTTP/1.0" 404 179
WARNING 2026-04-22 04:19:31,897 log Not Found: /php.php
WARNING 2026-04-22 04:19:31,898 basehttp "GET /php.php HTTP/1.0" 404 179
WARNING 2026-04-22 04:19:31,914 log Not Found: /test.php
WARNING 2026-04-22 04:19:31,914 basehttp "GET /test.php HTTP/1.0" 404 179
WARNING 2026-04-22 04:19:31,928 log Not Found: /debug.php
WARNING 2026-04-22 04:19:31,930 basehttp "GET /debug.php HTTP/1.0" 404 179
WARNING 2026-04-22 04:19:31,944 log Not Found: /.pgpass
WARNING 2026-04-22 04:19:31,946 basehttp "GET /.pgpass HTTP/1.0" 404 179
WARNING 2026-04-22 04:19:31,960 log Not Found: /.aws/credentials
WARNING 2026-04-22 04:19:31,961 basehttp "GET /.aws/credentials HTTP/1.0" 404 179
WARNING 2026-04-22 04:19:31,974 log Not Found: /.netrc
WARNING 2026-04-22 04:19:31,975 basehttp "GET /.netrc HTTP/1.0" 404 179
WARNING 2026-04-22 04:19:31,989 log Not Found: /.env.local
WARNING 2026-04-22 04:19:31,992 basehttp "GET /.env.local HTTP/1.0" 404 179
WARNING 2026-04-22 04:19:32,003 log Not Found: /.env.prod
WARNING 2026-04-22 04:19:32,003 basehttp "GET /.env.prod HTTP/1.0" 404 179
WARNING 2026-04-22 04:19:32,009 log Not Found: /.env
WARNING 2026-04-22 04:19:32,018 log Not Found: /_profiler
WARNING 2026-04-22 04:19:32,022 basehttp "GET /_profiler HTTP/1.0" 404 179
WARNING 2026-04-22 04:19:32,023 basehttp "GET /.env HTTP/1.0" 404 179
WARNING 2026-04-22 04:19:32,029 log Not Found: /wp-config.php.bak
WARNING 2026-04-22 04:19:32,031 basehttp "GET /wp-config.php.bak HTTP/1.0" 404 179
WARNING 2026-04-22 04:19:32,039 log Not Found: /wp-config.php.old
WARNING 2026-04-22 04:19:32,046 log Not Found: /.env.bak
WARNING 2026-04-22 04:19:32,059 basehttp "GET /.env.bak HTTP/1.0" 404 179
WARNING 2026-04-22 04:19:32,055 log Not Found: /.env.old
WARNING 2026-04-22 04:19:32,057 basehttp "GET /wp-config.php.old HTTP/1.0" 404 179
WARNING 2026-04-22 04:19:32,063 basehttp "GET /.env.old HTTP/1.0" 404 179
WARNING 2026-04-22 04:19:32,067 log Not Found: /wp-config.php.swp
WARNING 2026-04-22 04:19:32,069 log Not Found: /wp-config.php~
WARNING 2026-04-22 04:19:32,082 log Not Found: /backup/wp-config.php
WARNING 2026-04-22 04:19:32,089 log Not Found: /.env.save
WARNING 2026-04-22 04:19:32,109 basehttp "GET /wp-config.php.swp HTTP/1.0" 404 179
WARNING 2026-04-22 04:19:32,124 log Not Found: /config/database.php
WARNING 2026-04-22 04:19:32,215 log Not Found: /laravel/.env
WARNING 2026-04-22 04:19:32,152 log Not Found: /backend/.env
WARNING 2026-04-22 04:19:32,176 basehttp "GET /backup/wp-config.php HTTP/1.0" 404 179
WARNING 2026-04-22 04:19:32,188 log Not Found: /api/.env
WARNING 2026-04-22 04:19:32,189 basehttp "GET /.env.save HTTP/1.0" 404 179
WARNING 2026-04-22 04:19:32,198 log Not Found: /public/.env
WARNING 2026-04-22 04:19:32,201 basehttp "GET /wp-config.php~ HTTP/1.0" 404 179
WARNING 2026-04-22 04:19:32,140 log Not Found: /config/database.yml
WARNING 2026-04-22 04:19:32,221 log Not Found: /config/secrets.yml
WARNING 2026-04-22 04:19:32,229 log Not Found: /config/mail.php
WARNING 2026-04-22 04:19:32,261 basehttp "GET /config/mail.php HTTP/1.0" 404 179
WARNING 2026-04-22 04:19:32,232 basehttp "GET /config/database.php HTTP/1.0" 404 179
WARNING 2026-04-22 04:19:32,233 basehttp "GET /backend/.env HTTP/1.0" 404 179
WARNING 2026-04-22 04:19:32,241 log Not Found: /actuator/env
WARNING 2026-04-22 04:19:32,268 basehttp "GET /config/secrets.yml HTTP/1.0" 404 179
WARNING 2026-04-22 04:19:32,249 basehttp "GET /api/.env HTTP/1.0" 404 23
WARNING 2026-04-22 04:19:32,254 log Not Found: /actuator/heapdump
WARNING 2026-04-22 04:19:32,255 basehttp "GET /public/.env HTTP/1.0" 404 179
WARNING 2026-04-22 04:19:32,259 basehttp "GET /config/database.yml HTTP/1.0" 404 179
WARNING 2026-04-22 04:19:32,299 basehttp "GET /actuator/heapdump HTTP/1.0" 404 179
WARNING 2026-04-22 04:19:32,248 log Not Found: /config/.env
WARNING 2026-04-22 04:19:32,269 basehttp "GET /actuator/env HTTP/1.0" 404 179
WARNING 2026-04-22 04:19:32,279 log Not Found: /application.properties
WARNING 2026-04-22 04:19:32,289 log Not Found: /application.yml
WARNING 2026-04-22 04:19:32,295 log Not Found: /web.config
WARNING 2026-04-22 04:19:32,230 basehttp "GET /laravel/.env HTTP/1.0" 404 179
WARNING 2026-04-22 04:19:32,303 log Not Found: /appsettings.json
WARNING 2026-04-22 04:19:32,306 basehttp "GET /config/.env HTTP/1.0" 404 179
WARNING 2026-04-22 04:19:32,310 basehttp "GET /application.yml HTTP/1.0" 404 179
WARNING 2026-04-22 04:19:32,310 basehttp "GET /application.properties HTTP/1.0" 404 179
WARNING 2026-04-22 04:19:32,314 basehttp "GET /web.config HTTP/1.0" 404 179
WARNING 2026-04-22 04:19:32,320 log Not Found: /.gitlab-ci.yml
WARNING 2026-04-22 04:19:32,327 basehttp "GET /appsettings.json HTTP/1.0" 404 179
WARNING 2026-04-22 04:19:32,329 basehttp "GET /.gitlab-ci.yml HTTP/1.0" 404 179
WARNING 2026-04-22 04:19:32,330 log Not Found: /terraform.tfstate
WARNING 2026-04-22 04:19:32,334 log Not Found: /terraform.tfvars
WARNING 2026-04-22 04:19:32,338 log Not Found: /secrets.json
WARNING 2026-04-22 04:19:32,342 log Not Found: /secrets.yml
WARNING 2026-04-22 04:19:32,344 basehttp "GET /terraform.tfvars HTTP/1.0" 404 179
WARNING 2026-04-22 04:19:32,346 basehttp "GET /terraform.tfstate HTTP/1.0" 404 179
WARNING 2026-04-22 04:19:32,348 log Not Found: /credentials.json
WARNING 2026-04-22 04:19:32,353 basehttp "GET /secrets.yml HTTP/1.0" 404 179
WARNING 2026-04-22 04:19:32,353 basehttp "GET /secrets.json HTTP/1.0" 404 179
WARNING 2026-04-22 04:19:32,356 basehttp "GET /credentials.json HTTP/1.0" 404 179
WARNING 2026-04-22 04:19:32,364 log Not Found: /.git/config
WARNING 2026-04-22 04:19:32,369 log Not Found: /.git/HEAD
WARNING 2026-04-22 04:19:32,371 log Not Found: /.git-credentials
WARNING 2026-04-22 04:19:32,372 basehttp "GET /.git/config HTTP/1.0" 404 179
WARNING 2026-04-22 04:19:32,375 log Not Found: /backup.sql
WARNING 2026-04-22 04:19:32,383 basehttp "GET /.git-credentials HTTP/1.0" 404 179
WARNING 2026-04-22 04:19:32,392 basehttp "GET /.git/HEAD HTTP/1.0" 404 179
WARNING 2026-04-22 04:19:32,396 log Not Found: /dump.sql
WARNING 2026-04-22 04:19:32,397 basehttp "GET /backup.sql HTTP/1.0" 404 179
WARNING 2026-04-22 04:19:32,401 log Not Found: /database.sql
WARNING 2026-04-22 04:19:32,407 log Not Found: /wp-content/debug.log
WARNING 2026-04-22 04:19:32,410 log Not Found: /error_log
WARNING 2026-04-22 04:19:32,414 basehttp "GET /dump.sql HTTP/1.0" 404 179
WARNING 2026-04-22 04:19:32,415 basehttp "GET /database.sql HTTP/1.0" 404 179
WARNING 2026-04-22 04:19:32,415 basehttp "GET /wp-content/debug.log HTTP/1.0" 404 179
WARNING 2026-04-22 04:19:32,421 basehttp "GET /error_log HTTP/1.0" 404 179
INFO 2026-04-22 09:55:59,682 basehttp "OPTIONS /api/auth/login/ HTTP/1.0" 200 0
INFO 2026-04-22 09:56:01,011 basehttp "POST /api/auth/login/ HTTP/1.0" 200 483
INFO 2026-04-22 09:56:02,080 basehttp "OPTIONS /api/subjects/ HTTP/1.0" 200 0
INFO 2026-04-22 09:56:02,083 basehttp "OPTIONS /api/subjects/ HTTP/1.0" 200 0
INFO 2026-04-22 09:56:02,491 basehttp "GET /api/subjects/ HTTP/1.0" 200 1882
INFO 2026-04-22 09:56:02,791 basehttp "GET /api/subjects/ HTTP/1.0" 200 1882
INFO 2026-04-22 09:56:08,317 basehttp "OPTIONS /api/subjects/f4eff948-fc72-49c5-bb14-c13e919845c6/ HTTP/1.0" 200 0
INFO 2026-04-22 09:56:08,319 basehttp "OPTIONS /api/subjects/f4eff948-fc72-49c5-bb14-c13e919845c6/stats/ HTTP/1.0" 200 0
INFO 2026-04-22 09:56:08,327 basehttp "OPTIONS /api/topics/?subject_uuid=f4eff948-fc72-49c5-bb14-c13e919845c6&ordering=order HTTP/1.0" 200 0
INFO 2026-04-22 09:56:08,334 basehttp "OPTIONS /api/subjects/f4eff948-fc72-49c5-bb14-c13e919845c6/stats/ HTTP/1.0" 200 0
INFO 2026-04-22 09:56:08,338 basehttp "OPTIONS /api/subjects/f4eff948-fc72-49c5-bb14-c13e919845c6/ HTTP/1.0" 200 0
INFO 2026-04-22 09:56:08,338 basehttp "OPTIONS /api/topics/?subject_uuid=f4eff948-fc72-49c5-bb14-c13e919845c6&ordering=order HTTP/1.0" 200 0
INFO 2026-04-22 09:56:08,574 basehttp "GET /api/subjects/f4eff948-fc72-49c5-bb14-c13e919845c6/ HTTP/1.0" 200 386
INFO 2026-04-22 09:56:08,611 basehttp "GET /api/subjects/f4eff948-fc72-49c5-bb14-c13e919845c6/stats/ HTTP/1.0" 200 89
INFO 2026-04-22 09:56:08,620 basehttp "GET /api/topics/?subject_uuid=f4eff948-fc72-49c5-bb14-c13e919845c6&ordering=order HTTP/1.0" 200 1072
INFO 2026-04-22 09:56:08,731 basehttp "GET /api/subjects/f4eff948-fc72-49c5-bb14-c13e919845c6/ HTTP/1.0" 200 386
INFO 2026-04-22 09:56:08,778 basehttp "GET /api/subjects/f4eff948-fc72-49c5-bb14-c13e919845c6/stats/ HTTP/1.0" 200 89
INFO 2026-04-22 09:56:08,833 basehttp "GET /api/topics/?subject_uuid=f4eff948-fc72-49c5-bb14-c13e919845c6&ordering=order HTTP/1.0" 200 1072
INFO 2026-04-22 09:56:09,016 basehttp "GET /api/topics/?subject_uuid=f4eff948-fc72-49c5-bb14-c13e919845c6&ordering=order HTTP/1.0" 200 1072
INFO 2026-04-22 09:56:09,257 basehttp "GET /api/topics/?subject_uuid=f4eff948-fc72-49c5-bb14-c13e919845c6&ordering=order HTTP/1.0" 200 1072
INFO 2026-04-22 09:56:13,942 basehttp "OPTIONS /api/topics/1c1af993-0060-4c6e-b65c-4924c30c383d/ HTTP/1.0" 200 0
INFO 2026-04-22 09:56:13,945 basehttp "OPTIONS /api/topics/1c1af993-0060-4c6e-b65c-4924c30c383d/ HTTP/1.0" 200 0
INFO 2026-04-22 09:56:13,984 basehttp "GET /api/subjects/f4eff948-fc72-49c5-bb14-c13e919845c6/ HTTP/1.0" 200 386
INFO 2026-04-22 09:56:14,134 basehttp "GET /api/topics/1c1af993-0060-4c6e-b65c-4924c30c383d/ HTTP/1.0" 200 708
INFO 2026-04-22 09:56:14,145 basehttp "GET /api/subjects/f4eff948-fc72-49c5-bb14-c13e919845c6/ HTTP/1.0" 200 386
INFO 2026-04-22 09:56:14,300 basehttp "GET /api/topics/1c1af993-0060-4c6e-b65c-4924c30c383d/ HTTP/1.0" 200 708
INFO 2026-04-22 09:56:14,306 basehttp "OPTIONS /api/resources/?topic=1c1af993-0060-4c6e-b65c-4924c30c383d HTTP/1.0" 200 0
INFO 2026-04-22 09:56:14,314 basehttp "OPTIONS /api/resources/?topic=1c1af993-0060-4c6e-b65c-4924c30c383d HTTP/1.0" 200 0
INFO 2026-04-22 09:56:14,502 basehttp "GET /api/resources/?topic=1c1af993-0060-4c6e-b65c-4924c30c383d HTTP/1.0" 200 448
INFO 2026-04-22 09:56:14,813 basehttp "GET /api/resources/?topic=1c1af993-0060-4c6e-b65c-4924c30c383d HTTP/1.0" 200 448
INFO 2026-04-22 09:56:21,950 basehttp "GET /api/resources/?topic=1c1af993-0060-4c6e-b65c-4924c30c383d HTTP/1.0" 200 448
INFO 2026-04-22 09:56:22,101 basehttp "GET /api/resources/?topic=1c1af993-0060-4c6e-b65c-4924c30c383d HTTP/1.0" 200 448
WARNING 2026-04-22 10:28:43,964 log Not Found: /
WARNING 2026-04-22 10:28:43,978 basehttp "GET / HTTP/1.0" 404 179
WARNING 2026-04-22 12:35:35,148 log Not Found: /
WARNING 2026-04-22 12:35:35,151 log Not Found: /
WARNING 2026-04-22 12:35:35,156 basehttp "GET / HTTP/1.0" 404 179
WARNING 2026-04-22 12:35:35,157 basehttp "GET / HTTP/1.0" 404 179
WARNING 2026-04-22 12:35:35,208 log Not Found: /secrets.json
WARNING 2026-04-22 12:35:35,208 basehttp "GET /secrets.json HTTP/1.0" 404 179
WARNING 2026-04-22 12:35:35,210 log Not Found: /.env
WARNING 2026-04-22 12:35:35,213 basehttp "GET /.env HTTP/1.0" 404 179
WARNING 2026-04-22 12:35:35,216 log Not Found: /.env.local
WARNING 2026-04-22 12:35:35,217 basehttp "GET /.env.local HTTP/1.0" 404 179
WARNING 2026-04-22 12:35:35,224 log Not Found: /.env.backup
WARNING 2026-04-22 12:35:35,228 log Not Found: /backend/.env
WARNING 2026-04-22 12:35:35,243 basehttp "GET /backend/.env HTTP/1.0" 404 179
WARNING 2026-04-22 12:35:35,233 log Not Found: /.env.production
WARNING 2026-04-22 12:35:35,234 log Not Found: /.env.bak
WARNING 2026-04-22 12:35:35,229 log Not Found: /app/.env
WARNING 2026-04-22 12:35:35,245 basehttp "GET /.env.production HTTP/1.0" 404 179
WARNING 2026-04-22 12:35:35,247 log Not Found: /api/.env
WARNING 2026-04-22 12:35:35,251 basehttp "GET /app/.env HTTP/1.0" 404 179
WARNING 2026-04-22 12:35:35,253 basehttp "GET /.env.backup HTTP/1.0" 404 179
WARNING 2026-04-22 12:35:35,253 basehttp "GET /.env.bak HTTP/1.0" 404 179
WARNING 2026-04-22 12:35:35,259 basehttp "GET /api/.env HTTP/1.0" 404 23
WARNING 2026-04-22 12:35:35,278 log Not Found: /.anthropic/config.json
WARNING 2026-04-22 12:35:35,265 log Not Found: /laravel/.env
WARNING 2026-04-22 12:35:35,261 log Not Found: /.openai/config.json
WARNING 2026-04-22 12:35:35,283 basehttp "GET /.openai/config.json HTTP/1.0" 404 179
WARNING 2026-04-22 12:35:35,287 basehttp "GET /.anthropic/config.json HTTP/1.0" 404 179
WARNING 2026-04-22 12:35:35,291 log Not Found: /.cursor/mcp.json
WARNING 2026-04-22 12:35:35,292 basehttp "GET /.cursor/mcp.json HTTP/1.0" 404 179
WARNING 2026-04-22 12:35:35,297 basehttp "GET /laravel/.env HTTP/1.0" 404 179
WARNING 2026-04-22 12:35:35,299 log Not Found: /.aws/credentials
WARNING 2026-04-22 12:35:35,302 basehttp "GET /.aws/credentials HTTP/1.0" 404 179
WARNING 2026-04-22 12:35:35,304 log Not Found: /credentials.json
WARNING 2026-04-22 12:35:35,305 basehttp "GET /credentials.json HTTP/1.0" 404 179
WARNING 2026-04-22 12:35:35,309 log Not Found: /serviceAccountKey.json
WARNING 2026-04-22 12:35:35,310 basehttp "GET /serviceAccountKey.json HTTP/1.0" 404 179
WARNING 2026-04-22 12:35:35,312 log Not Found: /config.json
WARNING 2026-04-22 12:35:35,315 basehttp "GET /config.json HTTP/1.0" 404 179
WARNING 2026-04-22 12:35:35,365 log Not Found: /
WARNING 2026-04-22 12:35:35,366 basehttp "GET / HTTP/1.0" 404 179
INFO 2026-04-22 17:20:50,940 autoreload /root/SPS-Subjects-Presentation-System-/spsapp/serializers.py changed, reloading.
INFO 2026-04-22 17:20:55,465 autoreload Watching for file changes with StatReloader
INFO 2026-04-22 17:21:44,463 autoreload /root/SPS-Subjects-Presentation-System-/spsapp/views.py changed, reloading.
INFO 2026-04-22 17:21:45,322 autoreload Watching for file changes with StatReloader
INFO 2026-04-22 17:22:19,960 autoreload /root/SPS-Subjects-Presentation-System-/spsapp/serializers.py changed, reloading.
INFO 2026-04-22 17:22:20,828 autoreload Watching for file changes with StatReloader
INFO 2026-04-22 17:22:56,463 autoreload /root/SPS-Subjects-Presentation-System-/spsapp/views.py changed, reloading.
INFO 2026-04-22 17:22:57,255 autoreload Watching for file changes with StatReloader
INFO 2026-04-22 17:26:12,423 autoreload /root/SPS-Subjects-Presentation-System-/spsapp/urls.py changed, reloading.
INFO 2026-04-22 17:26:13,186 autoreload Watching for file changes with StatReloader
INFO 2026-04-22 17:26:32,112 autoreload Watching for file changes with StatReloader
WARNING 2026-04-22 17:27:46,172 log Unauthorized: /api/quizzes/
WARNING 2026-04-22 17:27:46,174 basehttp "POST /api/quizzes/ HTTP/1.0" 401 183
INFO 2026-04-22 17:27:53,799 basehttp "POST /api/auth/refresh/ HTTP/1.0" 200 483
ERROR 2026-04-22 17:28:07,565 log Internal Server Error: /api/quizzes/
Traceback (most recent call last):
  File "/root/SPS-Subjects-Presentation-System-/venv/lib/python3.12/site-packages/rest_framework/serializers.py", line 962, in create
    instance = ModelClass._default_manager.create(**validated_data)
               ^^^^^^^^^^^^^^^^^^^^^^^^^^^^^^^^^^^^^^^^^^^^^^^^^^^^
  File "/root/SPS-Subjects-Presentation-System-/venv/lib/python3.12/site-packages/django/db/models/manager.py", line 87, in manager_method
    return getattr(self.get_queryset(), name)(*args, **kwargs)
           ^^^^^^^^^^^^^^^^^^^^^^^^^^^^^^^^^^^^^^^^^^^^^^^^^^^
  File "/root/SPS-Subjects-Presentation-System-/venv/lib/python3.12/site-packages/django/db/models/query.py", line 675, in create
    obj = self.model(**kwargs)
          ^^^^^^^^^^^^^^^^^^^^
  File "/root/SPS-Subjects-Presentation-System-/venv/lib/python3.12/site-packages/django/db/models/base.py", line 567, in __init__
    raise TypeError(
TypeError: Quiz() got unexpected keyword arguments: 'topic_uuid'

During handling of the above exception, another exception occurred:

Traceback (most recent call last):
  File "/root/SPS-Subjects-Presentation-System-/venv/lib/python3.12/site-packages/django/core/handlers/exception.py", line 55, in inner
    response = get_response(request)
               ^^^^^^^^^^^^^^^^^^^^^
  File "/root/SPS-Subjects-Presentation-System-/venv/lib/python3.12/site-packages/django/core/handlers/base.py", line 197, in _get_response
    response = wrapped_callback(request, *callback_args, **callback_kwargs)
               ^^^^^^^^^^^^^^^^^^^^^^^^^^^^^^^^^^^^^^^^^^^^^^^^^^^^^^^^^^^^
  File "/root/SPS-Subjects-Presentation-System-/venv/lib/python3.12/site-packages/django/views/decorators/csrf.py", line 65, in _view_wrapper
    return view_func(request, *args, **kwargs)
           ^^^^^^^^^^^^^^^^^^^^^^^^^^^^^^^^^^^
  File "/root/SPS-Subjects-Presentation-System-/venv/lib/python3.12/site-packages/rest_framework/viewsets.py", line 125, in view
    return self.dispatch(request, *args, **kwargs)
           ^^^^^^^^^^^^^^^^^^^^^^^^^^^^^^^^^^^^^^^
  File "/root/SPS-Subjects-Presentation-System-/venv/lib/python3.12/site-packages/rest_framework/views.py", line 509, in dispatch
    response = self.handle_exception(exc)
               ^^^^^^^^^^^^^^^^^^^^^^^^^^
  File "/root/SPS-Subjects-Presentation-System-/venv/lib/python3.12/site-packages/rest_framework/views.py", line 469, in handle_exception
    self.raise_uncaught_exception(exc)
  File "/root/SPS-Subjects-Presentation-System-/venv/lib/python3.12/site-packages/rest_framework/views.py", line 480, in raise_uncaught_exception
    raise exc
  File "/root/SPS-Subjects-Presentation-System-/venv/lib/python3.12/site-packages/rest_framework/views.py", line 506, in dispatch
    response = handler(request, *args, **kwargs)
               ^^^^^^^^^^^^^^^^^^^^^^^^^^^^^^^^^
  File "/root/SPS-Subjects-Presentation-System-/venv/lib/python3.12/site-packages/rest_framework/mixins.py", line 19, in create
    self.perform_create(serializer)
  File "/root/SPS-Subjects-Presentation-System-/spsapp/views.py", line 309, in perform_create
    quiz = serializer.save(teacher=self.request.user, topic=topic)
           ^^^^^^^^^^^^^^^^^^^^^^^^^^^^^^^^^^^^^^^^^^^^^^^^^^^^^^^
  File "/root/SPS-Subjects-Presentation-System-/venv/lib/python3.12/site-packages/rest_framework/serializers.py", line 212, in save
    self.instance = self.create(validated_data)
                    ^^^^^^^^^^^^^^^^^^^^^^^^^^^
  File "/root/SPS-Subjects-Presentation-System-/venv/lib/python3.12/site-packages/rest_framework/serializers.py", line 981, in create
    raise TypeError(msg)
TypeError: Got a `TypeError` when calling `Quiz.objects.create()`. This may be because you have a writable field on the serializer class that is not a valid argument to `Quiz.objects.create()`. You may need to make the field read-only, or override the QuizSerializer.create() method to handle this correctly.
Original exception was:
 Traceback (most recent call last):
  File "/root/SPS-Subjects-Presentation-System-/venv/lib/python3.12/site-packages/rest_framework/serializers.py", line 962, in create
    instance = ModelClass._default_manager.create(**validated_data)
               ^^^^^^^^^^^^^^^^^^^^^^^^^^^^^^^^^^^^^^^^^^^^^^^^^^^^
  File "/root/SPS-Subjects-Presentation-System-/venv/lib/python3.12/site-packages/django/db/models/manager.py", line 87, in manager_method
    return getattr(self.get_queryset(), name)(*args, **kwargs)
           ^^^^^^^^^^^^^^^^^^^^^^^^^^^^^^^^^^^^^^^^^^^^^^^^^^^
  File "/root/SPS-Subjects-Presentation-System-/venv/lib/python3.12/site-packages/django/db/models/query.py", line 675, in create
    obj = self.model(**kwargs)
          ^^^^^^^^^^^^^^^^^^^^
  File "/root/SPS-Subjects-Presentation-System-/venv/lib/python3.12/site-packages/django/db/models/base.py", line 567, in __init__
    raise TypeError(
TypeError: Quiz() got unexpected keyword arguments: 'topic_uuid'

ERROR 2026-04-22 17:28:07,576 basehttp "POST /api/quizzes/ HTTP/1.0" 500 145
WARNING 2026-04-22 17:30:58,568 log Not Found: /docs/
WARNING 2026-04-22 17:30:58,570 basehttp "GET /docs/ HTTP/1.0" 404 179
WARNING 2026-04-22 17:30:58,754 log Not Found: /favicon.ico
WARNING 2026-04-22 17:30:58,756 basehttp "GET /favicon.ico HTTP/1.0" 404 179
INFO 2026-04-22 17:32:38,449 autoreload /root/SPS-Subjects-Presentation-System-/spsapp/serializers.py changed, reloading.
INFO 2026-04-22 17:32:39,376 autoreload Watching for file changes with StatReloader
INFO 2026-04-22 17:32:50,448 autoreload Watching for file changes with StatReloader
INFO 2026-04-22 17:32:55,612 basehttp "POST /api/quizzes/ HTTP/1.0" 201 425
WARNING 2026-04-22 17:33:26,660 log Unauthorized: /api/quizzes/
WARNING 2026-04-22 17:33:26,661 basehttp "GET /api/quizzes/?topic_uuid=1c1af993-0060-4c6e-b65c-4924c30c383d HTTP/1.0" 401 183
WARNING 2026-04-22 17:33:36,495 log Unauthorized: /api/quizzes/
WARNING 2026-04-22 17:33:36,495 basehttp "GET /api/quizzes/?topic_uuid=1c1af993-0060-4c6e-b65c-4924c30c383d HTTP/1.0" 401 183
INFO 2026-04-22 17:33:48,992 basehttp "GET /api/quizzes/?topic_uuid=1c1af993-0060-4c6e-b65c-4924c30c383d HTTP/1.0" 200 1005
WARNING 2026-04-22 17:33:57,432 log Unauthorized: /api/quizzes/8fd8d09c-d5b1-4e44-903c-3fb1aea4ebb5/
WARNING 2026-04-22 17:33:57,434 basehttp "GET /api/quizzes/8fd8d09c-d5b1-4e44-903c-3fb1aea4ebb5/ HTTP/1.0" 401 183
INFO 2026-04-22 17:34:00,766 basehttp "GET /api/quizzes/8fd8d09c-d5b1-4e44-903c-3fb1aea4ebb5/ HTTP/1.0" 200 472
INFO 2026-04-22 17:34:17,971 basehttp "PATCH /api/quizzes/8fd8d09c-d5b1-4e44-903c-3fb1aea4ebb5/ HTTP/1.0" 200 475
INFO 2026-04-22 17:34:36,231 basehttp "DELETE /api/quizzes/8fd8d09c-d5b1-4e44-903c-3fb1aea4ebb5/ HTTP/1.0" 204 0
WARNING 2026-04-22 17:34:55,552 log Not Found: /api/quizzes/8fd8d09c-d5b1-4e44-903c-3fb1aea4ebb5/regenerate-code/
WARNING 2026-04-22 17:34:55,554 basehttp "POST /api/quizzes/8fd8d09c-d5b1-4e44-903c-3fb1aea4ebb5/regenerate-code/ HTTP/1.0" 404 179
WARNING 2026-04-22 17:35:27,135 log Not Found: /api/quizzes/2f4e1803-65ae-45a1-83bf-b3e8ecac7c53/regenerate-code/
WARNING 2026-04-22 17:35:27,136 basehttp "POST /api/quizzes/2f4e1803-65ae-45a1-83bf-b3e8ecac7c53/regenerate-code/ HTTP/1.0" 404 179
WARNING 2026-04-22 17:35:47,586 log Not Found: /api/quizzes/2f4e1803-65ae-45a1-83bf-b3e8ecac7c53/regenerate-code/
WARNING 2026-04-22 17:35:47,587 basehttp "POST /api/quizzes/2f4e1803-65ae-45a1-83bf-b3e8ecac7c53/regenerate-code/ HTTP/1.0" 404 179
INFO 2026-04-22 17:37:06,174 autoreload /root/SPS-Subjects-Presentation-System-/spsapp/urls.py changed, reloading.
INFO 2026-04-22 17:37:08,916 autoreload Watching for file changes with StatReloader
INFO 2026-04-22 17:37:15,502 basehttp "POST /api/quizzes/2f4e1803-65ae-45a1-83bf-b3e8ecac7c53/regenerate-code/ HTTP/1.0" 200 25
INFO 2026-04-22 17:37:46,038 basehttp "GET /api/quizzes/2f4e1803-65ae-45a1-83bf-b3e8ecac7c53/results/ HTTP/1.0" 200 609
INFO 2026-04-22 17:38:17,751 basehttp "GET /api/quizzes/2f4e1803-65ae-45a1-83bf-b3e8ecac7c53/export-excel/ HTTP/1.0" 200 5013
INFO 2026-04-22 17:39:12,829 basehttp "GET /api/quizzes/2f4e1803-65ae-45a1-83bf-b3e8ecac7c53/export-excel/ HTTP/1.0" 200 5013
INFO 2026-04-22 17:55:27,629 basehttp "GET /api/quizzes/2f4e1803-65ae-45a1-83bf-b3e8ecac7c53/questions/ HTTP/1.0" 200 52
ERROR 2026-04-22 17:55:44,527 log Internal Server Error: /api/quizzes/2f4e1803-65ae-45a1-83bf-b3e8ecac7c53/questions/
Traceback (most recent call last):
  File "/root/SPS-Subjects-Presentation-System-/venv/lib/python3.12/site-packages/django/core/handlers/exception.py", line 55, in inner
    response = get_response(request)
               ^^^^^^^^^^^^^^^^^^^^^
  File "/root/SPS-Subjects-Presentation-System-/venv/lib/python3.12/site-packages/django/core/handlers/base.py", line 197, in _get_response
    response = wrapped_callback(request, *callback_args, **callback_kwargs)
               ^^^^^^^^^^^^^^^^^^^^^^^^^^^^^^^^^^^^^^^^^^^^^^^^^^^^^^^^^^^^
  File "/root/SPS-Subjects-Presentation-System-/venv/lib/python3.12/site-packages/django/views/decorators/csrf.py", line 65, in _view_wrapper
    return view_func(request, *args, **kwargs)
           ^^^^^^^^^^^^^^^^^^^^^^^^^^^^^^^^^^^
  File "/root/SPS-Subjects-Presentation-System-/venv/lib/python3.12/site-packages/rest_framework/viewsets.py", line 125, in view
    return self.dispatch(request, *args, **kwargs)
           ^^^^^^^^^^^^^^^^^^^^^^^^^^^^^^^^^^^^^^^
  File "/root/SPS-Subjects-Presentation-System-/venv/lib/python3.12/site-packages/rest_framework/views.py", line 509, in dispatch
    response = self.handle_exception(exc)
               ^^^^^^^^^^^^^^^^^^^^^^^^^^
  File "/root/SPS-Subjects-Presentation-System-/venv/lib/python3.12/site-packages/rest_framework/views.py", line 469, in handle_exception
    self.raise_uncaught_exception(exc)
  File "/root/SPS-Subjects-Presentation-System-/venv/lib/python3.12/site-packages/rest_framework/views.py", line 480, in raise_uncaught_exception
    raise exc
  File "/root/SPS-Subjects-Presentation-System-/venv/lib/python3.12/site-packages/rest_framework/views.py", line 506, in dispatch
    response = handler(request, *args, **kwargs)
               ^^^^^^^^^^^^^^^^^^^^^^^^^^^^^^^^^
  File "/root/SPS-Subjects-Presentation-System-/venv/lib/python3.12/site-packages/rest_framework/mixins.py", line 18, in create
    serializer.is_valid(raise_exception=True)
  File "/root/SPS-Subjects-Presentation-System-/venv/lib/python3.12/site-packages/rest_framework/serializers.py", line 227, in is_valid
    self._validated_data = self.run_validation(self.initial_data)
                           ^^^^^^^^^^^^^^^^^^^^^^^^^^^^^^^^^^^^^^
  File "/root/SPS-Subjects-Presentation-System-/venv/lib/python3.12/site-packages/rest_framework/serializers.py", line 426, in run_validation
    value = self.to_internal_value(data)
            ^^^^^^^^^^^^^^^^^^^^^^^^^^^^
  File "/root/SPS-Subjects-Presentation-System-/venv/lib/python3.12/site-packages/rest_framework/serializers.py", line 479, in to_internal_value
    for field in fields:
  File "/root/SPS-Subjects-Presentation-System-/venv/lib/python3.12/site-packages/rest_framework/serializers.py", line 362, in _writable_fields
    for field in self.fields.values():
                 ^^^^^^^^^^^
  File "/root/SPS-Subjects-Presentation-System-/venv/lib/python3.12/site-packages/django/utils/functional.py", line 47, in __get__
    res = instance.__dict__[self.name] = self.func(instance)
                                         ^^^^^^^^^^^^^^^^^^^
  File "/root/SPS-Subjects-Presentation-System-/venv/lib/python3.12/site-packages/rest_framework/serializers.py", line 356, in fields
    for key, value in self.get_fields().items():
                      ^^^^^^^^^^^^^^^^^
  File "/root/SPS-Subjects-Presentation-System-/venv/lib/python3.12/site-packages/rest_framework/serializers.py", line 1076, in get_fields
    field_class, field_kwargs = self.build_field(
                                ^^^^^^^^^^^^^^^^^
  File "/root/SPS-Subjects-Presentation-System-/venv/lib/python3.12/site-packages/rest_framework/serializers.py", line 1222, in build_field
    return self.build_unknown_field(field_name, model_class)
           ^^^^^^^^^^^^^^^^^^^^^^^^^^^^^^^^^^^^^^^^^^^^^^^^^
  File "/root/SPS-Subjects-Presentation-System-/venv/lib/python3.12/site-packages/rest_framework/serializers.py", line 1340, in build_unknown_field
    raise ImproperlyConfigured(
django.core.exceptions.ImproperlyConfigured: Field name `updated_at` is not valid for model `Question`.
ERROR 2026-04-22 17:55:44,540 basehttp "POST /api/quizzes/2f4e1803-65ae-45a1-83bf-b3e8ecac7c53/questions/ HTTP/1.0" 500 145
INFO 2026-04-22 17:57:08,960 autoreload /root/SPS-Subjects-Presentation-System-/spsapp/serializers.py changed, reloading.
INFO 2026-04-22 17:57:09,876 autoreload Watching for file changes with StatReloader
INFO 2026-04-22 17:57:12,348 autoreload Watching for file changes with StatReloader
INFO 2026-04-22 17:57:24,375 basehttp "POST /api/quizzes/2f4e1803-65ae-45a1-83bf-b3e8ecac7c53/questions/ HTTP/1.0" 201 530
INFO 2026-04-22 17:58:57,388 basehttp "POST /api/quizzes/2f4e1803-65ae-45a1-83bf-b3e8ecac7c53/questions/ HTTP/1.0" 201 531
WARNING 2026-04-22 17:59:35,666 log Bad Request: /api/quizzes/2f4e1803-65ae-45a1-83bf-b3e8ecac7c53/questions/
WARNING 2026-04-22 17:59:35,666 basehttp "POST /api/quizzes/2f4e1803-65ae-45a1-83bf-b3e8ecac7c53/questions/ HTTP/1.0" 400 61
WARNING 2026-04-22 18:00:08,940 log Unauthorized: /api/quizzes/2f4e1803-65ae-45a1-83bf-b3e8ecac7c53/questions/
WARNING 2026-04-22 18:00:08,941 basehttp "GET /api/quizzes/2f4e1803-65ae-45a1-83bf-b3e8ecac7c53/questions/ HTTP/1.0" 401 58
INFO 2026-04-22 18:00:14,203 basehttp "GET /api/quizzes/2f4e1803-65ae-45a1-83bf-b3e8ecac7c53/questions/ HTTP/1.0" 200 1114
WARNING 2026-04-22 18:02:17,484 log Not Found: /api/quizzes/2f4e1803-65ae-45a1-83bf-b3e8ecac7c53/questions/b668b26a-ea2e-4cd7-b9c8-80b0cb7e4140
WARNING 2026-04-22 18:02:17,485 basehttp "GET /api/quizzes/2f4e1803-65ae-45a1-83bf-b3e8ecac7c53/questions/b668b26a-ea2e-4cd7-b9c8-80b0cb7e4140 HTTP/1.0" 404 179
WARNING 2026-04-22 18:02:25,721 log Unauthorized: /api/quizzes/2f4e1803-65ae-45a1-83bf-b3e8ecac7c53/questions/b668b26a-ea2e-4cd7-b9c8-80b0cb7e4140/
WARNING 2026-04-22 18:02:25,723 basehttp "GET /api/quizzes/2f4e1803-65ae-45a1-83bf-b3e8ecac7c53/questions/b668b26a-ea2e-4cd7-b9c8-80b0cb7e4140/ HTTP/1.0" 401 58
INFO 2026-04-22 18:02:29,824 basehttp "GET /api/quizzes/2f4e1803-65ae-45a1-83bf-b3e8ecac7c53/questions/b668b26a-ea2e-4cd7-b9c8-80b0cb7e4140/ HTTP/1.0" 200 531
INFO 2026-04-22 18:04:35,671 basehttp "PATCH /api/quizzes/2f4e1803-65ae-45a1-83bf-b3e8ecac7c53/questions/b668b26a-ea2e-4cd7-b9c8-80b0cb7e4140/ HTTP/1.0" 200 420
INFO 2026-04-22 18:06:17,224 basehttp "DELETE /api/quizzes/2f4e1803-65ae-45a1-83bf-b3e8ecac7c53/questions/b668b26a-ea2e-4cd7-b9c8-80b0cb7e4140/ HTTP/1.0" 204 0
INFO 2026-04-22 18:39:59,592 basehttp "OPTIONS /api/subjects/ HTTP/1.0" 200 0
INFO 2026-04-22 18:39:59,599 basehttp "OPTIONS /api/subjects/ HTTP/1.0" 200 0
WARNING 2026-04-22 18:39:59,732 log Unauthorized: /api/subjects/
WARNING 2026-04-22 18:39:59,742 basehttp "GET /api/subjects/ HTTP/1.0" 401 183
WARNING 2026-04-22 18:39:59,860 log Unauthorized: /api/subjects/
WARNING 2026-04-22 18:39:59,873 basehttp "GET /api/subjects/ HTTP/1.0" 401 183
INFO 2026-04-22 18:39:59,876 basehttp "OPTIONS /api/auth/refresh/ HTTP/1.0" 200 0
INFO 2026-04-22 18:40:00,021 basehttp "POST /api/auth/refresh/ HTTP/1.0" 200 483
INFO 2026-04-22 18:40:00,041 basehttp "POST /api/auth/refresh/ HTTP/1.0" 200 483
INFO 2026-04-22 18:40:00,290 basehttp "GET /api/subjects/ HTTP/1.0" 200 1882
INFO 2026-04-22 18:40:00,497 basehttp "GET /api/subjects/ HTTP/1.0" 200 1882
INFO 2026-04-22 18:40:03,875 basehttp "OPTIONS /api/subjects/f4eff948-fc72-49c5-bb14-c13e919845c6/ HTTP/1.0" 200 0
INFO 2026-04-22 18:40:03,876 basehttp "OPTIONS /api/topics/?subject_uuid=f4eff948-fc72-49c5-bb14-c13e919845c6&ordering=order HTTP/1.0" 200 0
INFO 2026-04-22 18:40:03,876 basehttp "OPTIONS /api/subjects/f4eff948-fc72-49c5-bb14-c13e919845c6/stats/ HTTP/1.0" 200 0
INFO 2026-04-22 18:40:03,879 basehttp "OPTIONS /api/subjects/f4eff948-fc72-49c5-bb14-c13e919845c6/stats/ HTTP/1.0" 200 0
INFO 2026-04-22 18:40:03,888 basehttp "OPTIONS /api/subjects/f4eff948-fc72-49c5-bb14-c13e919845c6/ HTTP/1.0" 200 0
INFO 2026-04-22 18:40:03,895 basehttp "OPTIONS /api/topics/?subject_uuid=f4eff948-fc72-49c5-bb14-c13e919845c6&ordering=order HTTP/1.0" 200 0
INFO 2026-04-22 18:40:04,128 basehttp "GET /api/subjects/f4eff948-fc72-49c5-bb14-c13e919845c6/ HTTP/1.0" 200 386
INFO 2026-04-22 18:40:04,268 basehttp "GET /api/subjects/f4eff948-fc72-49c5-bb14-c13e919845c6/stats/ HTTP/1.0" 200 89
INFO 2026-04-22 18:40:04,308 basehttp "GET /api/topics/?subject_uuid=f4eff948-fc72-49c5-bb14-c13e919845c6&ordering=order HTTP/1.0" 200 1072
INFO 2026-04-22 18:40:04,323 basehttp "GET /api/subjects/f4eff948-fc72-49c5-bb14-c13e919845c6/ HTTP/1.0" 200 386
INFO 2026-04-22 18:40:04,632 basehttp "GET /api/subjects/f4eff948-fc72-49c5-bb14-c13e919845c6/stats/ HTTP/1.0" 200 89
INFO 2026-04-22 18:40:04,635 basehttp "GET /api/topics/?subject_uuid=f4eff948-fc72-49c5-bb14-c13e919845c6&ordering=order HTTP/1.0" 200 1072
INFO 2026-04-22 18:40:04,804 basehttp "GET /api/topics/?subject_uuid=f4eff948-fc72-49c5-bb14-c13e919845c6&ordering=order HTTP/1.0" 200 1072
INFO 2026-04-22 18:40:04,982 basehttp "GET /api/topics/?subject_uuid=f4eff948-fc72-49c5-bb14-c13e919845c6&ordering=order HTTP/1.0" 200 1072
INFO 2026-04-22 18:40:08,800 basehttp "OPTIONS /api/topics/1c1af993-0060-4c6e-b65c-4924c30c383d/ HTTP/1.0" 200 0
INFO 2026-04-22 18:40:08,818 basehttp "OPTIONS /api/topics/1c1af993-0060-4c6e-b65c-4924c30c383d/ HTTP/1.0" 200 0
INFO 2026-04-22 18:40:08,901 basehttp "GET /api/subjects/f4eff948-fc72-49c5-bb14-c13e919845c6/ HTTP/1.0" 200 386
INFO 2026-04-22 18:40:08,970 basehttp "GET /api/topics/1c1af993-0060-4c6e-b65c-4924c30c383d/ HTTP/1.0" 200 708
INFO 2026-04-22 18:40:09,065 basehttp "GET /api/subjects/f4eff948-fc72-49c5-bb14-c13e919845c6/ HTTP/1.0" 200 386
INFO 2026-04-22 18:40:09,124 basehttp "OPTIONS /api/resources/?topic=1c1af993-0060-4c6e-b65c-4924c30c383d HTTP/1.0" 200 0
INFO 2026-04-22 18:40:09,125 basehttp "OPTIONS /api/resources/?topic=1c1af993-0060-4c6e-b65c-4924c30c383d HTTP/1.0" 200 0
INFO 2026-04-22 18:40:09,197 basehttp "GET /api/topics/1c1af993-0060-4c6e-b65c-4924c30c383d/ HTTP/1.0" 200 708
INFO 2026-04-22 18:40:09,426 basehttp "GET /api/resources/?topic=1c1af993-0060-4c6e-b65c-4924c30c383d HTTP/1.0" 200 448
INFO 2026-04-22 18:40:09,597 basehttp "GET /api/resources/?topic=1c1af993-0060-4c6e-b65c-4924c30c383d HTTP/1.0" 200 448
INFO 2026-04-22 18:40:11,645 basehttp "OPTIONS /api/quizzes/?topic_uuid=1c1af993-0060-4c6e-b65c-4924c30c383d HTTP/1.0" 200 0
INFO 2026-04-22 18:40:11,647 basehttp "OPTIONS /api/quizzes/?topic_uuid=1c1af993-0060-4c6e-b65c-4924c30c383d HTTP/1.0" 200 0
INFO 2026-04-22 18:40:11,825 basehttp "GET /api/quizzes/?topic_uuid=1c1af993-0060-4c6e-b65c-4924c30c383d HTTP/1.0" 200 532
INFO 2026-04-22 18:40:12,035 basehttp "GET /api/quizzes/?topic_uuid=1c1af993-0060-4c6e-b65c-4924c30c383d HTTP/1.0" 200 532
INFO 2026-04-22 18:40:16,542 basehttp "OPTIONS /api/quizzes/2f4e1803-65ae-45a1-83bf-b3e8ecac7c53/results/ HTTP/1.0" 200 0
INFO 2026-04-22 18:40:16,726 basehttp "GET /api/quizzes/2f4e1803-65ae-45a1-83bf-b3e8ecac7c53/results/ HTTP/1.0" 200 610
INFO 2026-04-22 18:40:21,431 basehttp "OPTIONS /api/quizzes/2f4e1803-65ae-45a1-83bf-b3e8ecac7c53/ HTTP/1.0" 200 0
INFO 2026-04-22 18:40:21,433 basehttp "OPTIONS /api/quizzes/2f4e1803-65ae-45a1-83bf-b3e8ecac7c53/ HTTP/1.0" 200 0
INFO 2026-04-22 18:40:21,591 basehttp "GET /api/quizzes/2f4e1803-65ae-45a1-83bf-b3e8ecac7c53/ HTTP/1.0" 200 480
INFO 2026-04-22 18:40:21,758 basehttp "OPTIONS /api/quizzes/2f4e1803-65ae-45a1-83bf-b3e8ecac7c53/questions/ HTTP/1.0" 200 0
INFO 2026-04-22 18:40:21,759 basehttp "OPTIONS /api/quizzes/2f4e1803-65ae-45a1-83bf-b3e8ecac7c53/questions/ HTTP/1.0" 200 0
INFO 2026-04-22 18:40:21,781 basehttp "GET /api/quizzes/2f4e1803-65ae-45a1-83bf-b3e8ecac7c53/ HTTP/1.0" 200 480
INFO 2026-04-22 18:40:21,938 basehttp "GET /api/quizzes/2f4e1803-65ae-45a1-83bf-b3e8ecac7c53/questions/ HTTP/1.0" 200 582
INFO 2026-04-22 18:40:22,102 basehttp "GET /api/quizzes/2f4e1803-65ae-45a1-83bf-b3e8ecac7c53/questions/ HTTP/1.0" 200 582
INFO 2026-04-22 18:40:28,226 basehttp "GET /api/subjects/ HTTP/1.0" 200 1882
INFO 2026-04-22 18:40:28,384 basehttp "GET /api/subjects/ HTTP/1.0" 200 1882
INFO 2026-04-22 18:40:30,358 basehttp "GET /api/subjects/f4eff948-fc72-49c5-bb14-c13e919845c6/ HTTP/1.0" 200 386
INFO 2026-04-22 18:40:30,410 basehttp "GET /api/subjects/f4eff948-fc72-49c5-bb14-c13e919845c6/stats/ HTTP/1.0" 200 89
INFO 2026-04-22 18:40:30,410 basehttp "GET /api/topics/?subject_uuid=f4eff948-fc72-49c5-bb14-c13e919845c6&ordering=order HTTP/1.0" 200 1072
INFO 2026-04-22 18:40:30,507 basehttp "GET /api/subjects/f4eff948-fc72-49c5-bb14-c13e919845c6/ HTTP/1.0" 200 386
INFO 2026-04-22 18:40:30,668 basehttp "GET /api/subjects/f4eff948-fc72-49c5-bb14-c13e919845c6/stats/ HTTP/1.0" 200 89
INFO 2026-04-22 18:40:30,702 basehttp "GET /api/topics/?subject_uuid=f4eff948-fc72-49c5-bb14-c13e919845c6&ordering=order HTTP/1.0" 200 1072
INFO 2026-04-22 18:40:30,857 basehttp "GET /api/topics/?subject_uuid=f4eff948-fc72-49c5-bb14-c13e919845c6&ordering=order HTTP/1.0" 200 1072
INFO 2026-04-22 18:40:31,024 basehttp "GET /api/topics/?subject_uuid=f4eff948-fc72-49c5-bb14-c13e919845c6&ordering=order HTTP/1.0" 200 1072
INFO 2026-04-22 18:40:32,155 basehttp "GET /api/topics/1c1af993-0060-4c6e-b65c-4924c30c383d/ HTTP/1.0" 200 708
INFO 2026-04-22 18:40:32,160 basehttp "GET /api/subjects/f4eff948-fc72-49c5-bb14-c13e919845c6/ HTTP/1.0" 200 386
INFO 2026-04-22 18:40:32,314 basehttp "GET /api/topics/1c1af993-0060-4c6e-b65c-4924c30c383d/ HTTP/1.0" 200 708
INFO 2026-04-22 18:40:32,328 basehttp "GET /api/subjects/f4eff948-fc72-49c5-bb14-c13e919845c6/ HTTP/1.0" 200 386
INFO 2026-04-22 18:40:32,353 basehttp "GET /api/resources/?topic=1c1af993-0060-4c6e-b65c-4924c30c383d HTTP/1.0" 200 448
INFO 2026-04-22 18:40:32,504 basehttp "GET /api/resources/?topic=1c1af993-0060-4c6e-b65c-4924c30c383d HTTP/1.0" 200 448
INFO 2026-04-22 18:40:37,544 basehttp "GET /api/quizzes/?topic_uuid=1c1af993-0060-4c6e-b65c-4924c30c383d HTTP/1.0" 200 532
INFO 2026-04-22 18:40:37,710 basehttp "GET /api/quizzes/?topic_uuid=1c1af993-0060-4c6e-b65c-4924c30c383d HTTP/1.0" 200 532
INFO 2026-04-22 18:40:40,707 basehttp "OPTIONS /api/quizzes/2f4e1803-65ae-45a1-83bf-b3e8ecac7c53/regenerate-code/ HTTP/1.0" 200 0
INFO 2026-04-22 18:40:40,872 basehttp "POST /api/quizzes/2f4e1803-65ae-45a1-83bf-b3e8ecac7c53/regenerate-code/ HTTP/1.0" 200 25
INFO 2026-04-22 18:40:45,183 basehttp "GET /api/quizzes/2f4e1803-65ae-45a1-83bf-b3e8ecac7c53/ HTTP/1.0" 200 480
INFO 2026-04-22 18:40:45,372 basehttp "GET /api/quizzes/2f4e1803-65ae-45a1-83bf-b3e8ecac7c53/ HTTP/1.0" 200 480
INFO 2026-04-22 18:40:45,405 basehttp "GET /api/quizzes/2f4e1803-65ae-45a1-83bf-b3e8ecac7c53/questions/ HTTP/1.0" 200 582
INFO 2026-04-22 18:40:45,606 basehttp "GET /api/quizzes/2f4e1803-65ae-45a1-83bf-b3e8ecac7c53/questions/ HTTP/1.0" 200 582
INFO 2026-04-22 18:43:22,938 basehttp "GET /api/public/quiz/2f4e1803-65ae-45a1-83bf-b3e8ecac7c53/ HTTP/1.0" 200 713
INFO 2026-04-22 18:48:24,179 basehttp "POST /api/public/quiz/2f4e1803-65ae-45a1-83bf-b3e8ecac7c53/submit/ HTTP/1.0" 201 580
INFO 2026-04-22 18:50:30,017 basehttp "GET /api/public/quiz/result/76c8a031-7f6b-4ed4-a9b0-620f6410e019/ HTTP/1.0" 200 580
WARNING 2026-04-22 18:51:49,514 log Not Found: /api/public/quiz/result/2f4e1803-65ae-45a1-83bf-b3e8ecac7c53/leaderboard/
WARNING 2026-04-22 18:51:49,515 basehttp "GET /api/public/quiz/result/2f4e1803-65ae-45a1-83bf-b3e8ecac7c53/leaderboard/ HTTP/1.0" 404 179
INFO 2026-04-22 18:52:02,023 basehttp "GET /api/public/quiz/2f4e1803-65ae-45a1-83bf-b3e8ecac7c53/leaderboard/ HTTP/1.0" 200 189
WARNING 2026-04-22 18:54:13,544 log Not Found: /ws/leaderboard/2f4e1803-65ae-45a1-83bf-b3e8ecac7c53/
WARNING 2026-04-22 18:54:13,545 basehttp "GET /ws/leaderboard/2f4e1803-65ae-45a1-83bf-b3e8ecac7c53/ HTTP/1.1" 404 179
WARNING 2026-04-22 18:55:04,896 log Not Found: /ws/leaderboard/2f4e1803-65ae-45a1-83bf-b3e8ecac7c53
WARNING 2026-04-22 18:55:04,897 basehttp "GET /ws/leaderboard/2f4e1803-65ae-45a1-83bf-b3e8ecac7c53 HTTP/1.1" 404 179
WARNING 2026-04-22 18:55:09,996 log Not Found: /ws/leaderboard/2f4e1803-65ae-45a1-83bf-b3e8ecac7c53/
WARNING 2026-04-22 18:55:09,997 basehttp "GET /ws/leaderboard/2f4e1803-65ae-45a1-83bf-b3e8ecac7c53/ HTTP/1.1" 404 179
WARNING 2026-04-22 18:57:30,171 log Not Found: /ws/leaderboard/2f4e1803-65ae-45a1-83bf-b3e8ecac7c53/
WARNING 2026-04-22 18:57:30,173 basehttp "GET /ws/leaderboard/2f4e1803-65ae-45a1-83bf-b3e8ecac7c53/ HTTP/1.1" 404 179
INFO 2026-04-22 18:58:14,779 autoreload Watching for file changes with StatReloader
WARNING 2026-04-22 18:58:19,981 log Not Found: /ws/leaderboard/2f4e1803-65ae-45a1-83bf-b3e8ecac7c53/
WARNING 2026-04-22 18:58:19,981 basehttp "GET /ws/leaderboard/2f4e1803-65ae-45a1-83bf-b3e8ecac7c53/ HTTP/1.1" 404 179
INFO 2026-04-22 18:59:11,349 autoreload Watching for file changes with StatReloader
WARNING 2026-04-22 18:59:14,743 log Not Found: /ws/leaderboard/2f4e1803-65ae-45a1-83bf-b3e8ecac7c53/
WARNING 2026-04-22 18:59:14,745 basehttp "GET /ws/leaderboard/2f4e1803-65ae-45a1-83bf-b3e8ecac7c53/ HTTP/1.1" 404 179
WARNING 2026-04-22 21:56:54,547 log Not Found: /
WARNING 2026-04-22 21:56:54,667 log Not Found: //wp-includes/wlwmanifest.xml
WARNING 2026-04-22 21:56:54,775 log Not Found: //xmlrpc.php
WARNING 2026-04-22 21:56:54,882 log Not Found: /
WARNING 2026-04-22 21:56:55,029 log Not Found: //blog/wp-includes/wlwmanifest.xml
WARNING 2026-04-22 21:56:55,137 log Not Found: //web/wp-includes/wlwmanifest.xml
WARNING 2026-04-22 21:56:55,274 log Not Found: //wordpress/wp-includes/wlwmanifest.xml
WARNING 2026-04-22 21:56:55,391 log Not Found: //website/wp-includes/wlwmanifest.xml
WARNING 2026-04-22 21:56:55,499 log Not Found: //wp/wp-includes/wlwmanifest.xml
WARNING 2026-04-22 21:56:55,602 log Not Found: //news/wp-includes/wlwmanifest.xml
WARNING 2026-04-22 21:56:55,710 log Not Found: //wp1/wp-includes/wlwmanifest.xml
WARNING 2026-04-22 21:56:55,823 log Not Found: //test/wp-includes/wlwmanifest.xml
WARNING 2026-04-22 21:56:55,953 log Not Found: //wp2/wp-includes/wlwmanifest.xml
WARNING 2026-04-22 21:56:56,055 log Not Found: //site/wp-includes/wlwmanifest.xml
WARNING 2026-04-22 21:56:56,162 log Not Found: //cms/wp-includes/wlwmanifest.xml
WARNING 2026-04-22 21:56:56,267 log Not Found: //sito/wp-includes/wlwmanifest.xml
WARNING 2026-04-23 01:26:25,788 log Not Found: /.git/HEAD
WARNING 2026-04-23 09:03:08,875 log Not Found: /
WARNING 2026-04-23 14:44:02,180 log Unauthorized: /api/subjects/
WARNING 2026-04-23 22:35:42,206 log Not Found: /.git/config
WARNING 2026-04-23 23:07:57,859 log Not Found: /robots.txt
WARNING 2026-04-23 23:08:00,731 log Not Found: /
WARNING 2026-04-24 02:07:02,344 log Not Found: /
WARNING 2026-04-24 06:08:42,102 log Not Found: /.env
WARNING 2026-04-24 06:11:57,815 log Not Found: /robots.txt
WARNING 2026-04-24 06:11:58,685 log Not Found: /sitemap.xml
WARNING 2026-04-24 06:12:13,643 log Not Found: /backup.sql
WARNING 2026-04-24 06:17:55,739 log Not Found: /.env
WARNING 2026-04-24 06:17:59,574 log Not Found: /.env.local
WARNING 2026-04-24 10:31:17,494 log Not Found: /
WARNING 2026-04-24 10:31:17,542 log Not Found: /js/lkk_ch.js
WARNING 2026-04-24 10:31:17,571 log Not Found: /bot-connect.js
WARNING 2026-04-24 10:31:17,602 log Not Found: /js/twint_ch.js
WARNING 2026-04-24 10:31:17,641 log Not Found: /css/support_parent.css
WARNING 2026-04-24 10:31:17,666 log Not Found: /assets/js/auth.js
WARNING 2026-04-24 10:31:17,699 log Not Found: /assets/js/message.js
WARNING 2026-04-24 10:31:17,728 log Not Found: /robots.txt
WARNING 2026-04-24 10:31:17,772 log Not Found: /assets/js/qr_modal.js
WARNING 2026-04-24 11:09:26,080 log Not Found: /
WARNING 2026-04-24 22:11:16,602 log Not Found: /robots.txt
WARNING 2026-04-25 11:40:38,982 log Not Found: /
WARNING 2026-04-25 17:19:37,079 log Unauthorized: /api/subjects/
WARNING 2026-04-25 17:54:04,089 log Unauthorized: /api/subjects/f4eff948-fc72-49c5-bb14-c13e919845c6/
WARNING 2026-04-25 17:54:04,091 log Unauthorized: /api/topics/1c1af993-0060-4c6e-b65c-4924c30c383d/
WARNING 2026-04-25 18:01:59,946 log Unauthorized: /api/auth/refresh/
WARNING 2026-04-25 18:11:27,181 log Not Found: /api/quizzes/2f4e1803-65ae-45a1-83bf-b3e8ecac7c53/end-session
WARNING 2026-04-25 18:11:34,982 log Unauthorized: /api/quizzes/2f4e1803-65ae-45a1-83bf-b3e8ecac7c53/end-session/
WARNING 2026-04-25 18:11:49,229 log Not Found: /api/quiz/join/657318/
WARNING 2026-04-25 18:12:42,542 log Gone: /api/public/quiz/2f4e1803-65ae-45a1-83bf-b3e8ecac7c53/
WARNING 2026-04-25 18:13:33,156 log Not Found: /api/quiz/join/992022/
WARNING 2026-04-25 18:39:14,988 log Unauthorized: /api/topics/1c1af993-0060-4c6e-b65c-4924c30c383d/
WARNING 2026-04-25 18:39:14,989 log Unauthorized: /api/subjects/f4eff948-fc72-49c5-bb14-c13e919845c6/
WARNING 2026-04-25 18:53:21,075 log Not Found: /api/resources/bulk-upload/
WARNING 2026-04-25 18:53:44,531 log Unauthorized: /api/subjects/
WARNING 2026-04-25 18:54:44,977 log Unauthorized: /api/subjects/
WARNING 2026-04-25 18:54:45,114 log Unauthorized: /api/subjects/
WARNING 2026-04-25 18:58:11,510 log Bad Request: /api/topics/7378651f-994c-4131-936f-25cc26bda0d4/
WARNING 2026-04-25 18:58:25,803 log Bad Request: /api/topics/81d7e516-8d57-4389-bc67-5c57460d8b00/
WARNING 2026-04-25 19:02:21,900 log Unauthorized: /api/resources/
WARNING 2026-04-25 19:02:30,269 log Unauthorized: /api/resources/
WARNING 2026-04-25 19:02:56,559 log Bad Request: /api/auth/refresh/
ERROR 2026-04-25 19:03:24,890 log Internal Server Error: /api/resources/
Traceback (most recent call last):
  File "/root/SPS-Subjects-Presentation-System-/venv/lib/python3.12/site-packages/django/db/models/fields/__init__.py", line 2747, in to_python
    return uuid.UUID(**{input_form: value})
           ^^^^^^^^^^^^^^^^^^^^^^^^^^^^^^^^
  File "/usr/lib/python3.12/uuid.py", line 178, in __init__
    raise ValueError('badly formed hexadecimal UUID string')
ValueError: badly formed hexadecimal UUID string

During handling of the above exception, another exception occurred:

Traceback (most recent call last):
  File "/root/SPS-Subjects-Presentation-System-/venv/lib/python3.12/site-packages/asgiref/sync.py", line 557, in thread_handler
    raise exc_info[1]
  File "/root/SPS-Subjects-Presentation-System-/venv/lib/python3.12/site-packages/django/core/handlers/exception.py", line 42, in inner
    response = await get_response(request)
               ^^^^^^^^^^^^^^^^^^^^^^^^^^^
  File "/root/SPS-Subjects-Presentation-System-/venv/lib/python3.12/site-packages/asgiref/sync.py", line 557, in thread_handler
    raise exc_info[1]
  File "/root/SPS-Subjects-Presentation-System-/venv/lib/python3.12/site-packages/django/core/handlers/base.py", line 253, in _get_response_async
    response = await wrapped_callback(
               ^^^^^^^^^^^^^^^^^^^^^^^
  File "/root/SPS-Subjects-Presentation-System-/venv/lib/python3.12/site-packages/asgiref/sync.py", line 506, in __call__
    ret = await asyncio.shield(exec_coro)
          ^^^^^^^^^^^^^^^^^^^^^^^^^^^^^^^
  File "/usr/lib/python3.12/concurrent/futures/thread.py", line 58, in run
    result = self.fn(*self.args, **self.kwargs)
             ^^^^^^^^^^^^^^^^^^^^^^^^^^^^^^^^^^
  File "/root/SPS-Subjects-Presentation-System-/venv/lib/python3.12/site-packages/asgiref/sync.py", line 561, in thread_handler
    return func(*args, **kwargs)
           ^^^^^^^^^^^^^^^^^^^^^
  File "/root/SPS-Subjects-Presentation-System-/venv/lib/python3.12/site-packages/django/views/decorators/csrf.py", line 65, in _view_wrapper
    return view_func(request, *args, **kwargs)
           ^^^^^^^^^^^^^^^^^^^^^^^^^^^^^^^^^^^
  File "/root/SPS-Subjects-Presentation-System-/venv/lib/python3.12/site-packages/rest_framework/viewsets.py", line 125, in view
    return self.dispatch(request, *args, **kwargs)
           ^^^^^^^^^^^^^^^^^^^^^^^^^^^^^^^^^^^^^^^
  File "/root/SPS-Subjects-Presentation-System-/venv/lib/python3.12/site-packages/rest_framework/views.py", line 509, in dispatch
    response = self.handle_exception(exc)
               ^^^^^^^^^^^^^^^^^^^^^^^^^^
  File "/root/SPS-Subjects-Presentation-System-/venv/lib/python3.12/site-packages/rest_framework/views.py", line 469, in handle_exception
    self.raise_uncaught_exception(exc)
  File "/root/SPS-Subjects-Presentation-System-/venv/lib/python3.12/site-packages/rest_framework/views.py", line 480, in raise_uncaught_exception
    raise exc
  File "/root/SPS-Subjects-Presentation-System-/venv/lib/python3.12/site-packages/rest_framework/views.py", line 506, in dispatch
    response = handler(request, *args, **kwargs)
               ^^^^^^^^^^^^^^^^^^^^^^^^^^^^^^^^^
  File "/root/SPS-Subjects-Presentation-System-/venv/lib/python3.12/site-packages/rest_framework/mixins.py", line 38, in list
    queryset = self.filter_queryset(self.get_queryset())
                                    ^^^^^^^^^^^^^^^^^^^
  File "/root/SPS-Subjects-Presentation-System-/spsapp/views.py", line 231, in get_queryset
    queryset = queryset.filter(topic__topic_uuid=topic_uuid)
               ^^^^^^^^^^^^^^^^^^^^^^^^^^^^^^^^^^^^^^^^^^^^^
  File "/root/SPS-Subjects-Presentation-System-/venv/lib/python3.12/site-packages/django/db/models/query.py", line 1476, in filter
    return self._filter_or_exclude(False, args, kwargs)
           ^^^^^^^^^^^^^^^^^^^^^^^^^^^^^^^^^^^^^^^^^^^^
  File "/root/SPS-Subjects-Presentation-System-/venv/lib/python3.12/site-packages/django/db/models/query.py", line 1494, in _filter_or_exclude
    clone._filter_or_exclude_inplace(negate, args, kwargs)
  File "/root/SPS-Subjects-Presentation-System-/venv/lib/python3.12/site-packages/django/db/models/query.py", line 1501, in _filter_or_exclude_inplace
    self._query.add_q(Q(*args, **kwargs))
  File "/root/SPS-Subjects-Presentation-System-/venv/lib/python3.12/site-packages/django/db/models/sql/query.py", line 1602, in add_q
    clause, _ = self._add_q(q_object, self.used_aliases)
                ^^^^^^^^^^^^^^^^^^^^^^^^^^^^^^^^^^^^^^^^
  File "/root/SPS-Subjects-Presentation-System-/venv/lib/python3.12/site-packages/django/db/models/sql/query.py", line 1634, in _add_q
    child_clause, needed_inner = self.build_filter(
                                 ^^^^^^^^^^^^^^^^^^
  File "/root/SPS-Subjects-Presentation-System-/venv/lib/python3.12/site-packages/django/db/models/sql/query.py", line 1548, in build_filter
    condition = self.build_lookup(lookups, col, value)
                ^^^^^^^^^^^^^^^^^^^^^^^^^^^^^^^^^^^^^^
  File "/root/SPS-Subjects-Presentation-System-/venv/lib/python3.12/site-packages/django/db/models/sql/query.py", line 1378, in build_lookup
    lookup = lookup_class(lhs, rhs)
             ^^^^^^^^^^^^^^^^^^^^^^
  File "/root/SPS-Subjects-Presentation-System-/venv/lib/python3.12/site-packages/django/db/models/lookups.py", line 30, in __init__
    self.rhs = self.get_prep_lookup()
               ^^^^^^^^^^^^^^^^^^^^^^
  File "/root/SPS-Subjects-Presentation-System-/venv/lib/python3.12/site-packages/django/db/models/lookups.py", line 362, in get_prep_lookup
    return super().get_prep_lookup()
           ^^^^^^^^^^^^^^^^^^^^^^^^^
  File "/root/SPS-Subjects-Presentation-System-/venv/lib/python3.12/site-packages/django/db/models/lookups.py", line 88, in get_prep_lookup
    return self.lhs.output_field.get_prep_value(self.rhs)
           ^^^^^^^^^^^^^^^^^^^^^^^^^^^^^^^^^^^^^^^^^^^^^^
  File "/root/SPS-Subjects-Presentation-System-/venv/lib/python3.12/site-packages/django/db/models/fields/__init__.py", line 2731, in get_prep_value
    return self.to_python(value)
           ^^^^^^^^^^^^^^^^^^^^^
  File "/root/SPS-Subjects-Presentation-System-/venv/lib/python3.12/site-packages/django/db/models/fields/__init__.py", line 2749, in to_python
    raise exceptions.ValidationError(
django.core.exceptions.ValidationError: ['"17418a95-2bdb-486c-ad9a-9b073940f4b3/" to\'g\'ri UUID emas.']
WARNING 2026-04-25 20:35:14,209 log Not Found: /robots.txt
WARNING 2026-04-26 14:34:43,386 log Not Found: /
WARNING 2026-04-26 14:34:43,392 log Not Found: /.git/config
WARNING 2026-04-26 14:34:43,399 log Not Found: /.git/HEAD
WARNING 2026-04-26 15:05:42,525 log Not Found: /
WARNING 2026-04-26 16:08:51,153 log Not Found: /
WARNING 2026-04-26 16:08:55,966 log Not Found: /robots.txt
WARNING 2026-04-26 19:09:14,104 log Unauthorized: /api/subjects/f4eff948-fc72-49c5-bb14-c13e919845c6/
WARNING 2026-04-26 19:09:14,111 log Unauthorized: /api/topics/
WARNING 2026-04-26 19:09:14,114 log Unauthorized: /api/subjects/f4eff948-fc72-49c5-bb14-c13e919845c6/stats/
WARNING 2026-04-26 20:25:10,997 log Not Found: /.git/config
WARNING 2026-04-26 20:25:11,004 log Not Found: /.git/HEAD
WARNING 2026-04-26 20:25:11,002 log Not Found: /
WARNING 2026-04-26 23:43:26,954 log Not Found: /
WARNING 2026-04-26 23:43:26,983 log Not Found: //wp-includes/wlwmanifest.xml
WARNING 2026-04-26 23:43:27,011 log Not Found: //xmlrpc.php
WARNING 2026-04-26 23:43:27,051 log Not Found: /
WARNING 2026-04-26 23:43:27,073 log Not Found: //blog/wp-includes/wlwmanifest.xml
WARNING 2026-04-26 23:43:27,099 log Not Found: //web/wp-includes/wlwmanifest.xml
WARNING 2026-04-26 23:43:27,125 log Not Found: //wordpress/wp-includes/wlwmanifest.xml
WARNING 2026-04-26 23:43:27,148 log Not Found: //website/wp-includes/wlwmanifest.xml
WARNING 2026-04-26 23:43:27,178 log Not Found: //wp/wp-includes/wlwmanifest.xml
WARNING 2026-04-26 23:43:27,203 log Not Found: //news/wp-includes/wlwmanifest.xml
WARNING 2026-04-26 23:43:27,227 log Not Found: //2018/wp-includes/wlwmanifest.xml
WARNING 2026-04-26 23:43:27,252 log Not Found: //2019/wp-includes/wlwmanifest.xml
WARNING 2026-04-26 23:43:27,281 log Not Found: //shop/wp-includes/wlwmanifest.xml
WARNING 2026-04-26 23:43:27,305 log Not Found: //wp1/wp-includes/wlwmanifest.xml
WARNING 2026-04-26 23:43:27,331 log Not Found: //test/wp-includes/wlwmanifest.xml
WARNING 2026-04-26 23:43:27,370 log Not Found: //wp2/wp-includes/wlwmanifest.xml
WARNING 2026-04-26 23:43:27,396 log Not Found: //site/wp-includes/wlwmanifest.xml
WARNING 2026-04-26 23:43:27,481 log Not Found: //cms/wp-includes/wlwmanifest.xml
WARNING 2026-04-26 23:43:27,539 log Not Found: //sito/wp-includes/wlwmanifest.xml
WARNING 2026-04-27 05:19:29,201 log Not Found: /wp-json/gravitysmtp/v1/tests/mock-data
WARNING 2026-04-27 05:19:29,552 log Not Found: /
WARNING 2026-04-27 10:14:32,798 log Unauthorized: /api/topics/1c1af993-0060-4c6e-b65c-4924c30c383d/
WARNING 2026-04-27 10:14:32,814 log Unauthorized: /api/subjects/f4eff948-fc72-49c5-bb14-c13e919845c6/
WARNING 2026-04-27 10:44:27,435 log Unauthorized: /api/subjects/
WARNING 2026-04-27 12:53:32,992 log Not Found: /.env
WARNING 2026-04-27 17:20:12,522 log Not Found: /wp-json/gravitysmtp/v1/tests/mock-data
WARNING 2026-04-27 17:20:12,848 log Not Found: /
WARNING 2026-04-27 22:35:11,303 log Not Found: /
WARNING 2026-04-27 22:35:11,344 log Not Found: //wp-includes/wlwmanifest.xml
WARNING 2026-04-27 22:35:11,380 log Not Found: //xmlrpc.php
WARNING 2026-04-27 22:35:11,566 log Not Found: /
WARNING 2026-04-27 22:35:11,601 log Not Found: //blog/wp-includes/wlwmanifest.xml
WARNING 2026-04-27 22:35:11,627 log Not Found: //web/wp-includes/wlwmanifest.xml
WARNING 2026-04-27 22:35:11,655 log Not Found: //wordpress/wp-includes/wlwmanifest.xml
WARNING 2026-04-27 22:35:11,681 log Not Found: //website/wp-includes/wlwmanifest.xml
WARNING 2026-04-27 22:35:11,704 log Not Found: //wp/wp-includes/wlwmanifest.xml
WARNING 2026-04-27 22:35:11,730 log Not Found: //news/wp-includes/wlwmanifest.xml
WARNING 2026-04-27 22:35:11,757 log Not Found: //2018/wp-includes/wlwmanifest.xml
WARNING 2026-04-27 22:35:11,788 log Not Found: //2019/wp-includes/wlwmanifest.xml
WARNING 2026-04-27 22:35:11,826 log Not Found: //shop/wp-includes/wlwmanifest.xml
WARNING 2026-04-27 22:35:11,874 log Not Found: //wp1/wp-includes/wlwmanifest.xml
WARNING 2026-04-27 22:35:11,919 log Not Found: //test/wp-includes/wlwmanifest.xml
WARNING 2026-04-27 22:35:11,965 log Not Found: //wp2/wp-includes/wlwmanifest.xml
WARNING 2026-04-27 22:35:11,996 log Not Found: //site/wp-includes/wlwmanifest.xml
WARNING 2026-04-27 22:35:12,028 log Not Found: //cms/wp-includes/wlwmanifest.xml
WARNING 2026-04-27 22:35:12,057 log Not Found: //sito/wp-includes/wlwmanifest.xml
WARNING 2026-04-28 02:38:41,211 log Not Found: /robots.txt
WARNING 2026-04-28 12:04:34,247 log Not Found: /
WARNING 2026-04-28 12:04:34,850 log Not Found: /favicon.ico
WARNING 2026-04-28 12:21:44,828 log Not Found: /
WARNING 2026-04-28 13:11:28,591 log Not Found: /test.php
WARNING 2026-04-28 13:11:28,594 log Not Found: /
WARNING 2026-04-28 13:11:28,595 log Not Found: /.aws/credentials
WARNING 2026-04-28 13:11:28,598 log Not Found: /phpinfo.php
WARNING 2026-04-28 13:11:28,601 log Not Found: /.env.prod
WARNING 2026-04-28 13:11:28,606 log Not Found: /.aws/credentials
WARNING 2026-04-28 13:11:28,608 log Not Found: /
WARNING 2026-04-28 13:11:28,611 log Not Found: /.docker/config.json
WARNING 2026-04-28 13:11:28,612 log Not Found: /i.php
WARNING 2026-04-28 13:11:28,615 log Not Found: /.env.production
WARNING 2026-04-28 13:11:28,616 log Not Found: /.env
WARNING 2026-04-28 13:11:28,618 log Not Found: /php.php
WARNING 2026-04-28 13:11:28,618 log Not Found: /info.php
WARNING 2026-04-28 13:11:28,622 log Not Found: /.env.local
WARNING 2026-04-28 13:11:28,623 log Not Found: /.aws/config
WARNING 2026-04-28 13:11:28,735 log Not Found: /.aws/config
WARNING 2026-04-28 13:11:28,741 log Not Found: /phpinfo.php
WARNING 2026-04-28 13:11:28,746 log Not Found: /php-info.php
WARNING 2026-04-28 13:11:28,747 log Not Found: /.dockerenv
WARNING 2026-04-28 13:11:28,748 log Not Found: /php_info.php
WARNING 2026-04-28 13:11:28,750 log Not Found: /.env.stage
WARNING 2026-04-28 13:11:28,751 log Not Found: /.env.staging
WARNING 2026-04-28 13:11:28,751 log Not Found: /.kube/config
WARNING 2026-04-28 13:11:28,753 log Not Found: /.env.development
WARNING 2026-04-28 13:11:28,758 log Not Found: /.netrc
WARNING 2026-04-28 13:11:28,761 log Not Found: /.env.dev
WARNING 2026-04-28 13:11:28,763 log Not Found: /.npmrc
WARNING 2026-04-28 13:11:28,764 log Not Found: /info.php
WARNING 2026-04-28 13:11:28,773 log Not Found: /test.php
WARNING 2026-04-28 13:11:28,796 log Not Found: /.env.test
WARNING 2026-04-28 13:11:28,873 log Not Found: /php.php
WARNING 2026-04-28 13:11:28,886 log Not Found: /.htpasswd
WARNING 2026-04-28 13:11:28,887 log Not Found: /.env.local
WARNING 2026-04-28 13:11:28,890 log Not Found: /.git/config
WARNING 2026-04-28 13:11:28,891 log Not Found: /.env
WARNING 2026-04-28 13:11:28,892 log Not Found: /
WARNING 2026-04-28 13:11:28,893 log Not Found: /.env.prod
WARNING 2026-04-28 13:11:28,894 log Not Found: /.env.production
WARNING 2026-04-28 13:11:28,895 log Not Found: /server-status
WARNING 2026-04-28 13:11:28,908 log Not Found: /.htpasswd
WARNING 2026-04-28 13:11:28,909 log Not Found: /.%67%69%74/%63%6F%6E%66%69%67
WARNING 2026-04-28 13:11:28,916 log Not Found: /
WARNING 2026-04-28 13:11:28,917 log Not Found: /.git/config
WARNING 2026-04-28 13:11:28,919 log Not Found: /index.php
WARNING 2026-04-28 13:11:28,919 log Not Found: /.env.staging
WARNING 2026-04-28 13:11:29,021 log Not Found: /server-status
WARNING 2026-04-28 13:11:29,047 log Not Found: /.git/index
WARNING 2026-04-28 13:11:29,055 log Not Found: /.env.test
WARNING 2026-04-28 13:11:29,057 log Not Found: /.git/HEAD
WARNING 2026-04-28 13:11:29,061 log Not Found: /server-info
WARNING 2026-04-28 13:11:29,063 log Not Found: /.git/logs/HEAD
WARNING 2026-04-28 13:11:29,063 log Not Found: /.env.development
WARNING 2026-04-28 13:11:29,066 log Not Found: /.env.dev
WARNING 2026-04-28 13:11:29,068 log Not Found: /nginx_status
WARNING 2026-04-28 13:11:29,068 log Not Found: /_profiler
WARNING 2026-04-28 13:11:29,069 log Not Found: /.%65%6Ev
WARNING 2026-04-28 13:11:29,071 log Not Found: /.git/refs/heads/main
WARNING 2026-04-28 13:11:29,078 log Not Found: /.git/refs/heads/master
WARNING 2026-04-28 13:11:29,081 log Not Found: /_profiler/phpinfo
WARNING 2026-04-28 13:11:29,093 log Not Found: /.env::$DATA
WARNING 2026-04-28 13:11:29,124 log Not Found: /app_dev.php
WARNING 2026-04-28 13:11:29,146 log Not Found: /.git/packed-refs
WARNING 2026-04-28 13:11:29,161 log Not Found: /.git-credentials
WARNING 2026-04-28 13:11:29,164 log Not Found: /.env;.jpg
WARNING 2026-04-28 13:11:29,172 log Not Found: /.env.bak
WARNING 2026-04-28 13:11:29,174 log Not Found: /.env;.css
WARNING 2026-04-28 13:11:29,175 log Not Found: /wp-config.php.bak
WARNING 2026-04-28 13:11:29,176 log Not Found: /.env.backup
WARNING 2026-04-28 13:11:29,176 log Not Found: /.git-credentials
WARNING 2026-04-28 13:11:29,186 log Not Found: /.gitconfig
WARNING 2026-04-28 13:11:29,195 log Not Found: /.env.old
WARNING 2026-04-28 13:11:29,243 log Not Found: /%77%70%2D%63%6F%6E%66%69%67.%70%68%70.%62%61%6B
WARNING 2026-04-28 13:11:29,248 log Not Found: /wp-config.php.old
WARNING 2026-04-28 13:11:29,270 log Not Found: /.env.save
WARNING 2026-04-28 13:11:29,274 log Not Found: /wp-config.php.save
WARNING 2026-04-28 13:11:29,275 log Not Found: /.env~
WARNING 2026-04-28 13:11:29,276 log Not Found: /.env.swp
WARNING 2026-04-28 13:11:29,279 log Not Found: /wp-config.php~
WARNING 2026-04-28 13:11:29,279 log Not Found: /.env.dist
WARNING 2026-04-28 13:11:29,283 log Not Found: /wp-config.php.txt
WARNING 2026-04-28 13:11:29,284 log Not Found: /.env_backup
WARNING 2026-04-28 13:11:29,334 log Not Found: /wp-config.php.orig
WARNING 2026-04-28 13:11:29,338 log Not Found: /wp-config.php.swp
WARNING 2026-04-28 13:11:29,341 log Not Found: /.env.production.local
WARNING 2026-04-28 13:11:29,351 log Not Found: /wp-config-backup.php
WARNING 2026-04-28 13:11:29,364 log Not Found: /.env.backup
WARNING 2026-04-28 13:11:29,365 log Not Found: /.env.development.local
WARNING 2026-04-28 13:11:29,376 log Not Found: /wp-config-old.php
WARNING 2026-04-28 13:11:29,378 log Not Found: /wp-config_old.php
WARNING 2026-04-28 13:11:29,384 log Not Found: /.env.bak
WARNING 2026-04-28 13:11:29,392 log Not Found: /.env.old
WARNING 2026-04-28 13:11:29,499 log Not Found: /.env.save
WARNING 2026-04-28 13:11:29,506 log Not Found: /backup/wp-config.php
WARNING 2026-04-28 13:11:29,507 log Not Found: /old-wp-config.php
WARNING 2026-04-28 13:11:29,531 log Not Found: /wp-content/debug.log
WARNING 2026-04-28 13:11:29,532 log Not Found: /wp-config.php::$DATA
WARNING 2026-04-28 13:11:29,535 log Not Found: /api/v1/.env
WARNING 2026-04-28 13:11:29,535 log Not Found: /storage/logs/laravel.log
WARNING 2026-04-28 13:11:29,536 log Not Found: /backend/.env
WARNING 2026-04-28 13:11:29,553 log Not Found: /app/.env
WARNING 2026-04-28 13:11:29,553 log Not Found: /api/.env
WARNING 2026-04-28 13:11:29,609 log Not Found: /apps/.env
WARNING 2026-04-28 13:11:29,623 log Not Found: /config/database.php
WARNING 2026-04-28 13:11:29,641 log Not Found: /config/mail.php
WARNING 2026-04-28 13:11:29,722 log Not Found: /config/services.php
WARNING 2026-04-28 13:11:29,723 log Not Found: /config/database.php::$DATA
WARNING 2026-04-28 13:11:29,727 log Not Found: /public/.env
WARNING 2026-04-28 13:11:29,731 log Not Found: /web/.env
WARNING 2026-04-28 13:11:29,738 log Not Found: /config/services.php::$DATA
WARNING 2026-04-28 13:11:29,742 log Not Found: /config/.env
WARNING 2026-04-28 13:11:31,499 log Not Found: /laravel/.env
WARNING 2026-04-28 13:44:38,211 log Not Found: /
WARNING 2026-04-28 13:44:42,396 log Not Found: /favicon.ico
WARNING 2026-04-28 18:36:33,265 log Not Found: /
WARNING 2026-04-28 18:36:33,359 log Not Found: /robots.txt
WARNING 2026-04-29 05:15:26,208 log Not Found: /.git/config
WARNING 2026-04-29 15:30:11,811 log Not Found: /
WARNING 2026-04-29 15:30:11,822 log Not Found: /.aws/config
WARNING 2026-04-29 15:30:11,832 log Not Found: /.env.prod
WARNING 2026-04-29 15:30:11,855 log Not Found: /.env.local
WARNING 2026-04-29 15:30:11,834 log Not Found: /info.php
WARNING 2026-04-29 15:30:11,835 log Not Found: /.aws/config
WARNING 2026-04-29 15:30:11,850 log Not Found: /.env
WARNING 2026-04-29 15:30:11,853 log Not Found: /.docker/config.json
WARNING 2026-04-29 15:30:11,853 log Not Found: /
WARNING 2026-04-29 15:30:11,855 log Not Found: /.env.production
WARNING 2026-04-29 15:30:11,842 log Not Found: /i.php
WARNING 2026-04-29 15:30:11,891 log Not Found: /php.php
WARNING 2026-04-29 15:30:11,892 log Not Found: /.aws/credentials
WARNING 2026-04-29 15:30:11,909 log Not Found: /.aws/credentials
WARNING 2026-04-29 15:30:11,910 log Not Found: /test.php
WARNING 2026-04-29 15:30:12,036 log Not Found: /phpinfo.php
WARNING 2026-04-29 15:30:12,045 log Not Found: /.env.development
WARNING 2026-04-29 15:30:12,045 log Not Found: /.dockerenv
WARNING 2026-04-29 15:30:12,051 log Not Found: /.env.staging
WARNING 2026-04-29 15:30:12,051 log Not Found: /.kube/config
WARNING 2026-04-29 15:30:12,053 log Not Found: /.env.test
WARNING 2026-04-29 15:30:12,057 log Not Found: /php-info.php
WARNING 2026-04-29 15:30:12,058 log Not Found: /.env.dev
WARNING 2026-04-29 15:30:12,070 log Not Found: /.netrc
WARNING 2026-04-29 15:30:12,072 log Not Found: /.env.stage
WARNING 2026-04-29 15:30:12,091 log Not Found: /.htpasswd
WARNING 2026-04-29 15:30:12,092 log Not Found: /info.php
WARNING 2026-04-29 15:30:12,104 log Not Found: /php_info.php
WARNING 2026-04-29 15:30:12,105 log Not Found: /phpinfo.php
WARNING 2026-04-29 15:30:12,123 log Not Found: /.npmrc
WARNING 2026-04-29 15:30:12,223 log Not Found: /test.php
WARNING 2026-04-29 15:30:12,244 log Not Found: /.htpasswd
WARNING 2026-04-29 15:30:12,252 log Not Found: /.env.staging
WARNING 2026-04-29 15:30:12,253 log Not Found: /.env.local
WARNING 2026-04-29 15:30:12,254 log Not Found: /php.php
WARNING 2026-04-29 15:30:12,254 log Not Found: /.env
WARNING 2026-04-29 15:30:12,256 log Not Found: /.env.prod
WARNING 2026-04-29 15:30:12,258 log Not Found: /
WARNING 2026-04-29 15:30:12,267 log Not Found: /.env.production
WARNING 2026-04-29 15:30:12,267 log Not Found: /.git/config
WARNING 2026-04-29 15:30:12,269 log Not Found: /.git/config
WARNING 2026-04-29 15:30:12,280 log Not Found: /_profiler/phpinfo
WARNING 2026-04-29 15:30:12,289 log Not Found: /.%67%69%74/%63%6F%6E%66%69%67
WARNING 2026-04-29 15:30:12,295 log Not Found: /.git/HEAD
WARNING 2026-04-29 15:30:12,306 log Not Found: /index.php
WARNING 2026-04-29 15:30:12,372 log Not Found: /.git/index
WARNING 2026-04-29 15:30:12,374 log Not Found: /.env.development
WARNING 2026-04-29 15:30:12,375 log Not Found: /.git/refs/heads/main
WARNING 2026-04-29 15:30:12,379 log Not Found: /.env::$DATA
WARNING 2026-04-29 15:30:12,380 log Not Found: /.env.dev
WARNING 2026-04-29 15:30:12,380 log Not Found: /.git/refs/heads/master
WARNING 2026-04-29 15:30:12,380 log Not Found: /.env.test
WARNING 2026-04-29 15:30:12,383 log Not Found: /.git/logs/HEAD
WARNING 2026-04-29 15:30:12,384 log Not Found: /.%65%6Ev
WARNING 2026-04-29 15:30:12,395 log Not Found: /.git/packed-refs
WARNING 2026-04-29 15:30:12,471 log Not Found: /.env;.jpg
WARNING 2026-04-29 15:30:12,490 log Not Found: /.git-credentials
WARNING 2026-04-29 15:30:12,492 log Not Found: /.gitconfig
WARNING 2026-04-29 15:30:12,493 log Not Found: /.env.backup
WARNING 2026-04-29 15:30:12,496 log Not Found: /.env.bak
WARNING 2026-04-29 15:30:12,496 log Not Found: /%77%70%2D%63%6F%6E%66%69%67.%70%68%70.%62%61%6B
WARNING 2026-04-29 15:30:12,501 log Not Found: /.env;.css
WARNING 2026-04-29 15:30:12,508 log Not Found: /.env.old
WARNING 2026-04-29 15:30:12,509 log Not Found: /wp-config.php.bak
WARNING 2026-04-29 15:30:12,517 log Not Found: /.git-credentials
WARNING 2026-04-29 15:30:12,562 log Not Found: /.env.save
WARNING 2026-04-29 15:30:12,577 log Not Found: /wp-config.php.old
WARNING 2026-04-29 15:30:12,579 log Not Found: /.env.swp
WARNING 2026-04-29 15:30:12,581 log Not Found: /wp-config.php.save
WARNING 2026-04-29 15:30:12,581 log Not Found: /.env~
WARNING 2026-04-29 15:30:12,626 log Not Found: /wp-config.php.txt
WARNING 2026-04-29 15:30:12,626 log Not Found: /.env.dist
WARNING 2026-04-29 15:30:12,633 log Not Found: /.env_backup
WARNING 2026-04-29 15:30:12,634 log Not Found: /wp-config.php.swp
WARNING 2026-04-29 15:30:12,634 log Not Found: /wp-config.php~
WARNING 2026-04-29 15:30:12,671 log Not Found: /.env.production.local
WARNING 2026-04-29 15:30:12,692 log Not Found: /wp-config.php.orig
WARNING 2026-04-29 15:30:12,692 log Not Found: /.env.backup
WARNING 2026-04-29 15:30:12,706 log Not Found: /.env.development.local
WARNING 2026-04-29 15:30:12,712 log Not Found: /wp-config-backup.php
WARNING 2026-04-29 15:30:12,750 log Not Found: /wp-config_old.php
WARNING 2026-04-29 15:30:12,757 log Not Found: /.env.bak
WARNING 2026-04-29 15:30:12,762 log Not Found: /.env.old
WARNING 2026-04-29 15:30:12,773 log Not Found: /old-wp-config.php
WARNING 2026-04-29 15:30:12,792 log Not Found: /wp-config-old.php
WARNING 2026-04-29 15:30:12,798 log Not Found: /.env.save
WARNING 2026-04-29 15:30:12,905 log Not Found: /backup/wp-config.php
WARNING 2026-04-29 15:30:12,916 log Not Found: /wp-config.php::$DATA
WARNING 2026-04-29 15:30:12,924 log Not Found: /api/v1/.env
WARNING 2026-04-29 15:30:12,935 log Not Found: /wp-content/debug.log
WARNING 2026-04-29 15:30:12,941 log Not Found: /api/.env
WARNING 2026-04-29 15:30:12,963 log Not Found: /app/.env
WARNING 2026-04-29 15:30:12,964 log Not Found: /backend/.env
WARNING 2026-04-29 15:30:12,982 log Not Found: /apps/.env
WARNING 2026-04-29 15:30:12,991 log Not Found: /server-status
WARNING 2026-04-29 15:30:12,998 log Not Found: /server-status
WARNING 2026-04-29 15:30:13,059 log Not Found: /nginx_status
WARNING 2026-04-29 15:30:13,059 log Not Found: /server-info
WARNING 2026-04-29 15:30:13,061 log Not Found: /_profiler
WARNING 2026-04-29 15:30:13,061 log Not Found: /public/.env
WARNING 2026-04-29 15:30:13,109 log Not Found: /web/.env
WARNING 2026-04-29 15:30:13,113 log Not Found: /laravel/.env
WARNING 2026-04-29 15:30:13,118 log Not Found: /config/.env
WARNING 2026-04-29 15:30:13,149 log Not Found: /app_dev.php
WARNING 2026-04-29 15:30:13,153 log Not Found: /
WARNING 2026-04-29 15:30:13,187 log Not Found: /composer.lock
WARNING 2026-04-29 15:30:13,193 log Not Found: /composer.json
WARNING 2026-04-29 15:30:13,208 log Not Found: /storage/.env
WARNING 2026-04-29 15:30:13,210 log Not Found: /auth.json
WARNING 2026-04-29 15:30:13,232 log Not Found: /src/.env
WARNING 2026-04-29 15:30:13,238 log Not Found: /server/.env
WARNING 2026-04-29 15:30:13,239 log Not Found: /prisma/.env
WARNING 2026-04-29 15:30:13,269 log Not Found: /api/.env
WARNING 2026-04-29 15:30:13,276 log Not Found: /.composer/auth.json
WARNING 2026-04-29 15:30:13,277 log Not Found: /actuator/env
WARNING 2026-04-29 15:30:13,295 log Not Found: /actuator/env
WARNING 2026-04-29 15:30:13,298 log Not Found: /actuator/configprops
WARNING 2026-04-29 15:30:13,315 log Not Found: /backend/.env
WARNING 2026-04-29 15:30:13,316 log Not Found: /actuator/configprops
WARNING 2026-04-29 15:30:13,320 log Not Found: /public/.env
WARNING 2026-04-29 15:30:13,327 log Not Found: /app/.env
WARNING 2026-04-29 17:38:04,418 log Not Found: /robots.txt
WARNING 2026-04-29 20:29:52,259 log Not Found: /
WARNING 2026-04-29 20:29:52,414 log Not Found: /favicon.ico
WARNING 2026-04-29 20:29:53,554 log Not Found: /favicon.ico
WARNING 2026-04-29 20:29:53,882 log Not Found: /apple-touch-icon.png
WARNING 2026-04-30 13:20:33,415 log Not Found: /
WARNING 2026-04-30 13:20:38,084 log Not Found: /favicon.ico
WARNING 2026-04-30 18:30:35,840 log Not Found: /robots.txt
WARNING 2026-05-01 00:15:39,478 log Not Found: /.git/config
WARNING 2026-05-01 10:15:53,572 log Not Found: /
WARNING 2026-05-01 10:15:59,036 log Not Found: /js/lkk_ch.js
WARNING 2026-05-01 10:15:59,083 log Not Found: /assets/js/message.js
WARNING 2026-05-01 10:15:59,230 log Not Found: /assets/js/auth.js
WARNING 2026-05-01 10:15:59,309 log Not Found: /robots.txt
WARNING 2026-05-01 10:15:59,395 log Not Found: /bot-connect.js
WARNING 2026-05-01 10:15:59,539 log Not Found: /css/support_parent.css
WARNING 2026-05-01 10:15:59,597 log Not Found: /js/twint_ch.js
WARNING 2026-05-01 20:50:16,896 log Not Found: /robots.txt
WARNING 2026-05-01 20:50:19,946 log Not Found: /
WARNING 2026-05-02 09:35:57,434 log Not Found: /
WARNING 2026-05-02 09:35:57,751 log Not Found: /
WARNING 2026-05-02 09:35:57,903 log Not Found: /en
WARNING 2026-05-02 15:19:51,667 log Not Found: /robots.txt
WARNING 2026-05-02 15:35:51,843 log Not Found: /.%67%69%74/%63%6F%6E%66%69%67
WARNING 2026-05-02 15:35:51,850 log Not Found: /.htpasswd
WARNING 2026-05-02 15:35:51,858 log Not Found: /test.php
WARNING 2026-05-02 15:35:51,858 log Not Found: /.env
WARNING 2026-05-02 15:35:51,859 log Not Found: /.env.staging
WARNING 2026-05-02 15:35:51,867 log Not Found: /.env.local
WARNING 2026-05-02 15:35:51,869 log Not Found: /.git/config
WARNING 2026-05-02 15:35:51,870 log Not Found: /_profiler/phpinfo
WARNING 2026-05-02 15:35:51,871 log Not Found: /.git/config
WARNING 2026-05-02 15:35:51,872 log Not Found: /index.php
WARNING 2026-05-02 15:35:51,884 log Not Found: /.env.production
WARNING 2026-05-02 15:35:51,889 log Not Found: /
WARNING 2026-05-02 15:35:51,889 log Not Found: /php.php
WARNING 2026-05-02 15:35:51,890 log Not Found: /.env.prod
WARNING 2026-05-02 15:35:51,890 log Not Found: /.git/HEAD
WARNING 2026-05-02 15:35:52,020 log Not Found: /.git/index
WARNING 2026-05-02 15:35:52,080 log Not Found: /.git/logs/HEAD
WARNING 2026-05-02 15:35:52,094 log Not Found: /.env.dev
WARNING 2026-05-02 15:35:52,100 log Not Found: /.env.development
WARNING 2026-05-02 15:35:52,103 log Not Found: /.git/refs/heads/main
WARNING 2026-05-02 15:35:52,108 log Not Found: /.env.test
WARNING 2026-05-02 15:35:52,109 log Not Found: /.git/refs/heads/master
WARNING 2026-05-02 15:35:52,112 log Not Found: /.%65%6Ev
WARNING 2026-05-02 15:35:52,118 log Not Found: /.env::$DATA
WARNING 2026-05-02 15:35:52,128 log Not Found: /.git/packed-refs
WARNING 2026-05-02 15:35:52,169 log Not Found: /.git-credentials
WARNING 2026-05-02 15:35:52,247 log Not Found: /.git-credentials
WARNING 2026-05-02 17:57:32,906 log Not Found: /.aws/config
WARNING 2026-05-02 17:57:32,909 log Not Found: /.env.production
WARNING 2026-05-02 17:57:32,911 log Not Found: /
WARNING 2026-05-02 17:57:32,916 log Not Found: /info.php
WARNING 2026-05-02 17:57:32,934 log Not Found: /test.php
WARNING 2026-05-02 17:57:32,935 log Not Found: /.aws/config
WARNING 2026-05-02 17:57:32,939 log Not Found: /.aws/credentials
WARNING 2026-05-02 17:57:32,940 log Not Found: /php.php
WARNING 2026-05-02 17:57:32,942 log Not Found: /phpinfo.php
WARNING 2026-05-02 17:57:32,941 log Not Found: /.env
WARNING 2026-05-02 17:57:32,941 log Not Found: /.env.prod
WARNING 2026-05-02 17:57:32,941 log Not Found: /i.php
WARNING 2026-05-02 17:57:32,943 log Not Found: /.docker/config.json
WARNING 2026-05-02 17:57:32,956 log Not Found: /.env.local
WARNING 2026-05-02 17:57:32,957 log Not Found: /
WARNING 2026-05-02 17:57:33,150 log Not Found: /.aws/credentials
WARNING 2026-05-02 17:57:33,155 log Not Found: /.dockerenv
WARNING 2026-05-02 17:57:33,155 log Not Found: /php_info.php
WARNING 2026-05-02 17:57:33,167 log Not Found: /.env.test
WARNING 2026-05-02 17:57:33,167 log Not Found: /.env.stage
WARNING 2026-05-02 17:57:33,169 log Not Found: /phpinfo.php
WARNING 2026-05-02 17:57:33,169 log Not Found: /info.php
WARNING 2026-05-02 17:57:33,169 log Not Found: /test.php
WARNING 2026-05-02 17:57:33,176 log Not Found: /.env.staging
WARNING 2026-05-02 17:57:33,177 log Not Found: /.env.dev
WARNING 2026-05-02 17:57:33,179 log Not Found: /.kube/config
WARNING 2026-05-02 17:57:33,184 log Not Found: /.netrc
WARNING 2026-05-02 17:57:33,185 log Not Found: /php-info.php
WARNING 2026-05-02 17:57:33,186 log Not Found: /.env.development
WARNING 2026-05-02 17:57:33,190 log Not Found: /.npmrc
WARNING 2026-05-02 17:57:33,272 log Not Found: /.htpasswd
WARNING 2026-05-02 17:57:33,303 log Not Found: /.htpasswd
WARNING 2026-05-02 17:57:33,313 log Not Found: /php.php
WARNING 2026-05-02 17:57:33,327 log Not Found: /
WARNING 2026-05-02 17:57:33,328 log Not Found: /.env
WARNING 2026-05-02 17:57:33,328 log Not Found: /_profiler/phpinfo
WARNING 2026-05-02 17:57:33,329 log Not Found: /.env.prod
WARNING 2026-05-02 17:57:33,344 log Not Found: /.git/config
WARNING 2026-05-02 17:57:33,335 log Not Found: /.%67%69%74/%63%6F%6E%66%69%67
WARNING 2026-05-02 17:57:33,336 log Not Found: /.env.local
WARNING 2026-05-02 17:57:33,336 log Not Found: /.env.production
WARNING 2026-05-02 17:57:33,342 log Not Found: /.git/config
WARNING 2026-05-02 17:57:33,333 log Not Found: /index.php
WARNING 2026-05-02 17:57:33,353 log Not Found: /.env.staging
WARNING 2026-05-02 17:57:33,429 log Not Found: /.git/index
WARNING 2026-05-02 17:57:33,438 log Not Found: /.git/HEAD
WARNING 2026-05-02 17:57:33,454 log Not Found: /.git/logs/HEAD
WARNING 2026-05-02 17:57:33,476 log Not Found: /.%65%6Ev
WARNING 2026-05-02 17:57:33,476 log Not Found: /.env.test
WARNING 2026-05-02 17:57:33,479 log Not Found: /.env.dev
WARNING 2026-05-02 17:57:33,481 log Not Found: /.env.development
WARNING 2026-05-02 17:57:33,482 log Not Found: /.git/refs/heads/main
WARNING 2026-05-02 17:57:33,489 log Not Found: /.git/refs/heads/master
WARNING 2026-05-02 17:57:33,514 log Not Found: /.env::$DATA
WARNING 2026-05-02 17:57:33,549 log Not Found: /.git/packed-refs
WARNING 2026-05-02 17:57:33,571 log Not Found: /.git-credentials
WARNING 2026-05-02 17:57:33,579 log Not Found: /.env;.css
WARNING 2026-05-02 17:57:33,584 log Not Found: /.env;.jpg
WARNING 2026-05-02 17:57:33,586 log Not Found: /.git-credentials
WARNING 2026-05-02 17:57:33,588 log Not Found: /.env.backup
WARNING 2026-05-02 17:57:33,596 log Not Found: /.env.bak
WARNING 2026-05-02 17:57:33,597 log Not Found: /.gitconfig
WARNING 2026-05-02 17:57:33,610 log Not Found: /.env.old
WARNING 2026-05-02 17:57:33,628 log Not Found: /wp-config.php.bak
WARNING 2026-05-02 17:57:33,684 log Not Found: /%77%70%2D%63%6F%6E%66%69%67.%70%68%70.%62%61%6B
WARNING 2026-05-02 17:57:33,687 log Not Found: /wp-config.php.old
WARNING 2026-05-02 17:57:33,699 log Not Found: /.env.save
WARNING 2026-05-02 17:57:33,709 log Not Found: /.env~
WARNING 2026-05-02 17:57:33,712 log Not Found: /.env_backup
WARNING 2026-05-02 17:57:33,717 log Not Found: /wp-config.php.save
WARNING 2026-05-02 17:57:33,721 log Not Found: /.env.swp
WARNING 2026-05-02 17:57:33,739 log Not Found: /wp-config.php~
WARNING 2026-05-02 17:57:33,749 log Not Found: /.env.dist
WARNING 2026-05-02 17:57:33,749 log Not Found: /wp-config.php.txt
WARNING 2026-05-02 17:57:33,793 log Not Found: /wp-config.php.swp
WARNING 2026-05-02 17:57:33,802 log Not Found: /wp-config.php.orig
WARNING 2026-05-02 17:57:33,804 log Not Found: /.env.backup
WARNING 2026-05-02 17:57:33,822 log Not Found: /.env.production.local
WARNING 2026-05-02 17:57:33,827 log Not Found: /wp-config-backup.php
WARNING 2026-05-02 17:57:33,829 log Not Found: /.env.development.local
WARNING 2026-05-02 17:57:33,859 log Not Found: /wp-config_old.php
WARNING 2026-05-02 17:57:33,859 log Not Found: /.env.bak
WARNING 2026-05-02 17:57:33,866 log Not Found: /wp-config-old.php
WARNING 2026-05-02 17:57:33,874 log Not Found: /.env.old
WARNING 2026-05-02 17:57:33,914 log Not Found: /old-wp-config.php
WARNING 2026-05-02 17:57:33,983 log Not Found: /backup/wp-config.php
WARNING 2026-05-02 17:57:33,997 log Not Found: /.env.save
WARNING 2026-05-02 17:57:33,998 log Not Found: /wp-config.php::$DATA
WARNING 2026-05-02 17:57:34,011 log Not Found: /api/v1/.env
WARNING 2026-05-02 17:57:34,020 log Not Found: /api/.env
WARNING 2026-05-02 17:57:34,068 log Not Found: /wp-content/debug.log
WARNING 2026-05-02 17:57:34,069 log Not Found: /server-status
WARNING 2026-05-02 17:57:34,069 log Not Found: /backend/.env
WARNING 2026-05-02 17:57:34,074 log Not Found: /server-status
WARNING 2026-05-02 17:57:34,077 log Not Found: /app/.env
WARNING 2026-05-02 17:57:34,152 log Not Found: /server-info
WARNING 2026-05-02 17:57:34,189 log Not Found: /nginx_status
WARNING 2026-05-02 17:57:34,190 log Not Found: /apps/.env
WARNING 2026-05-02 17:57:34,190 log Not Found: /public/.env
WARNING 2026-05-02 17:57:34,220 log Not Found: /web/.env
WARNING 2026-05-02 17:57:34,305 log Not Found: /app_dev.php
WARNING 2026-05-02 17:57:34,316 log Not Found: /_profiler
WARNING 2026-05-02 17:57:34,339 log Not Found: /config/.env
WARNING 2026-05-02 17:57:34,340 log Not Found: /
WARNING 2026-05-02 17:57:34,396 log Not Found: /composer.json
WARNING 2026-05-02 17:57:34,404 log Not Found: /composer.lock
WARNING 2026-05-02 17:57:34,409 log Not Found: /storage/.env
WARNING 2026-05-02 17:57:34,414 log Not Found: /laravel/.env
WARNING 2026-05-02 17:57:34,424 log Not Found: /src/.env
WARNING 2026-05-02 17:57:34,447 log Not Found: /auth.json
WARNING 2026-05-02 17:57:34,450 log Not Found: /.composer/auth.json
WARNING 2026-05-02 17:57:34,500 log Not Found: /prisma/.env
WARNING 2026-05-02 17:57:34,501 log Not Found: /server/.env
WARNING 2026-05-02 17:57:34,507 log Not Found: /actuator/env
WARNING 2026-05-02 17:57:34,551 log Not Found: /actuator/env
WARNING 2026-05-02 17:57:34,568 log Not Found: /actuator/configprops
WARNING 2026-05-02 17:57:34,577 log Not Found: /backend/.env
WARNING 2026-05-02 17:57:34,582 log Not Found: /app/.env
WARNING 2026-05-02 17:57:34,589 log Not Found: /api/.env
WARNING 2026-05-02 17:57:34,600 log Not Found: /actuator/health
WARNING 2026-05-02 17:57:34,601 log Not Found: /actuator/configprops
WARNING 2026-05-02 17:57:34,667 log Not Found: /public/.env
WARNING 2026-05-02 17:57:34,674 log Not Found: /actuator/mappings
WARNING 2026-05-02 17:57:34,686 log Not Found: /actuator/beans
WARNING 2026-05-02 17:57:34,690 log Not Found: /actuator/loggers
WARNING 2026-05-02 17:57:34,725 log Not Found: /config/.env
WARNING 2026-05-02 17:57:34,734 log Not Found: /laravel/.env
WARNING 2026-05-02 17:57:34,737 log Not Found: /src/.env
WARNING 2026-05-02 17:57:34,742 log Not Found: /actuator/threaddump
WARNING 2026-05-02 17:57:34,746 log Not Found: /actuator/beans
WARNING 2026-05-02 17:57:34,795 log Not Found: /actuator/httptrace
WARNING 2026-05-02 17:57:34,797 log Not Found: /actuator/trace
WARNING 2026-05-02 17:57:34,803 log Not Found: /server/.env
WARNING 2026-05-02 17:57:34,806 log Not Found: /dump.sql
WARNING 2026-05-02 17:57:34,807 log Not Found: /env
WARNING 2026-05-02 17:57:34,817 log Not Found: /env.json
WARNING 2026-05-02 17:57:34,817 log Not Found: /env.txt
WARNING 2026-05-02 17:57:34,820 log Not Found: /db.sql
WARNING 2026-05-03 10:34:32,162 log Not Found: /
WARNING 2026-05-03 17:42:38,601 log Not Found: /robots.txt
WARNING 2026-05-03 21:07:48,164 log Not Found: /
WARNING 2026-05-04 00:42:29,381 log Not Found: /
WARNING 2026-05-04 00:42:30,459 log Not Found: /favicon.ico
WARNING 2026-05-04 00:42:33,782 log Not Found: /favicon.ico
WARNING 2026-05-04 00:42:34,369 log Not Found: /apple-touch-icon.png
WARNING 2026-05-04 04:15:45,440 log Not Found: /
WARNING 2026-05-04 06:58:19,798 log Not Found: /.env
WARNING 2026-05-04 16:42:22,951 log Not Found: /
WARNING 2026-05-04 16:42:22,975 log Not Found: /robots.txt
WARNING 2026-05-05 06:31:18,675 log Not Found: /
WARNING 2026-05-05 06:31:19,984 log Not Found: /
WARNING 2026-05-05 06:31:20,047 log Not Found: /
WARNING 2026-05-05 06:31:20,091 log Not Found: /
WARNING 2026-05-05 06:31:20,136 log Not Found: /
WARNING 2026-05-05 06:31:20,182 log Not Found: /
WARNING 2026-05-05 06:31:20,235 log Not Found: /
WARNING 2026-05-05 10:25:09,275 log Not Found: /
WARNING 2026-05-05 10:25:11,437 log Not Found: /
WARNING 2026-05-05 14:01:03,273 log Not Found: /
WARNING 2026-05-05 15:22:06,914 log Not Found: /
WARNING 2026-05-05 17:00:08,536 log Not Found: /robots.txt
WARNING 2026-05-05 21:12:56,889 log Not Found: /
WARNING 2026-05-05 22:04:38,817 log Not Found: /
WARNING 2026-05-06 01:52:53,666 log Not Found: /
WARNING 2026-05-06 01:53:01,341 log Not Found: /settings.py
WARNING 2026-05-06 01:53:02,240 log Not Found: /.env.bak
WARNING 2026-05-06 01:53:02,271 log Not Found: /.pypirc
WARNING 2026-05-06 01:53:02,273 log Not Found: /public/.env
WARNING 2026-05-06 01:53:02,276 log Not Found: /backend/.env
WARNING 2026-05-06 01:53:02,279 log Not Found: /.env.example
WARNING 2026-05-06 01:53:02,280 log Not Found: /.aws/credentials
WARNING 2026-05-06 01:53:02,281 log Not Found: /secrets.yml
WARNING 2026-05-06 01:53:02,310 log Not Found: /.env.local
WARNING 2026-05-06 01:53:02,311 log Not Found: /.npmrc
WARNING 2026-05-06 01:53:02,311 log Not Found: /application.properties
WARNING 2026-05-06 01:53:02,312 log Not Found: /config/secrets.yml
WARNING 2026-05-06 01:53:02,312 log Not Found: /.ssh/id_ed25519
WARNING 2026-05-06 01:53:02,340 log Not Found: /application.yml
WARNING 2026-05-06 01:53:02,313 log Not Found: /.env.production
WARNING 2026-05-06 01:53:02,360 log Not Found: /.env.development
WARNING 2026-05-06 01:53:02,360 log Not Found: /.env.backup
WARNING 2026-05-06 01:53:02,364 log Not Found: /storage/logs/laravel.log
WARNING 2026-05-06 01:53:02,425 log Not Found: /.env.old
WARNING 2026-05-06 01:53:02,425 log Not Found: /.env.test
WARNING 2026-05-06 01:53:02,425 log Not Found: /.docker/config.json
WARNING 2026-05-06 01:53:02,470 log Not Found: /config/application.properties
WARNING 2026-05-06 01:53:02,471 log Not Found: /.ssh/id_dsa
WARNING 2026-05-06 01:53:02,473 log Not Found: /api/.env
WARNING 2026-05-06 01:53:02,489 log Not Found: /secrets.json
WARNING 2026-05-06 01:53:03,632 log Not Found: /.git/config
WARNING 2026-05-06 01:53:05,423 log Not Found: /env.json
WARNING 2026-05-06 01:53:05,427 log Not Found: /openapi.json
WARNING 2026-05-06 01:53:05,434 log Not Found: /api/openapi.json
WARNING 2026-05-06 01:53:05,447 log Not Found: /api/settings
WARNING 2026-05-06 01:53:05,463 log Not Found: /config.json
WARNING 2026-05-06 01:53:05,484 log Not Found: /api/v2/config
WARNING 2026-05-06 01:53:05,488 log Not Found: /env.js
WARNING 2026-05-06 01:53:05,493 log Not Found: /config.js
WARNING 2026-05-06 01:53:05,511 log Not Found: /api/v1/settings
WARNING 2026-05-06 01:53:05,511 log Not Found: /api/env
WARNING 2026-05-06 01:53:05,512 log Not Found: /api/health
WARNING 2026-05-06 01:53:05,520 log Not Found: /api/v1/config
WARNING 2026-05-06 01:53:05,527 log Not Found: /api/v1/env
WARNING 2026-05-06 01:53:05,538 log Not Found: /__env.js
WARNING 2026-05-06 01:53:05,542 log Not Found: /api/v2/settings
WARNING 2026-05-06 01:53:05,541 log Not Found: /.well-known/jwks.json
WARNING 2026-05-06 01:53:05,539 log Not Found: /swagger.json
WARNING 2026-05-06 01:53:05,554 log Not Found: /health
WARNING 2026-05-06 01:53:05,563 log Not Found: /runtime-config.js
WARNING 2026-05-06 01:53:05,563 log Not Found: /api/config
WARNING 2026-05-06 01:53:05,563 log Not Found: /api/account
WARNING 2026-05-06 01:53:05,568 log Not Found: /settings.json
WARNING 2026-05-06 01:53:05,569 log Not Found: /app-config.json
WARNING 2026-05-06 01:53:05,573 log Not Found: /firebase-config.json
WARNING 2026-05-06 01:53:05,576 log Not Found: /manifest.webmanifest
WARNING 2026-05-06 01:53:05,580 log Not Found: /__/firebase/init.json
WARNING 2026-05-06 03:50:53,928 log Not Found: /
WARNING 2026-05-06 13:49:09,830 log Not Found: /
WARNING 2026-05-06 13:49:10,012 log Not Found: /
WARNING 2026-05-06 19:44:39,672 log Not Found: /robots.txt
WARNING 2026-05-06 19:44:39,673 log Not Found: /
WARNING 2026-05-06 20:24:57,670 log Not Found: /wp-content/plugins/hellopress/wp_filemanager.php
WARNING 2026-05-06 20:24:57,967 log Not Found: /class-t.api.php
WARNING 2026-05-06 20:24:58,230 log Not Found: /zwso.php
WARNING 2026-05-06 20:24:58,544 log Not Found: /wp-admin/css/colors/blue/index.php
WARNING 2026-05-06 20:24:58,823 log Not Found: /class19.php
WARNING 2026-05-06 20:25:00,638 log Not Found: /class20.php
WARNING 2026-05-06 20:25:00,972 log Not Found: /admin.php
WARNING 2026-05-06 20:25:01,271 log Not Found: /randkeyword.php
WARNING 2026-05-06 20:25:01,557 log Not Found: /fwe.php
WARNING 2026-05-06 20:25:02,008 log Not Found: /images/m.php
WARNING 2026-05-06 20:25:02,993 log Not Found: /g.php
WARNING 2026-05-06 20:25:03,256 log Not Found: /tx1.php
WARNING 2026-05-06 20:25:03,527 log Not Found: /xv.php
WARNING 2026-05-06 20:25:03,926 log Not Found: /x56.php
WARNING 2026-05-06 20:25:04,186 log Not Found: /htaccess.php
WARNING 2026-05-06 20:25:04,475 log Not Found: /readme.php
WARNING 2026-05-06 20:25:04,751 log Not Found: /x50.php
WARNING 2026-05-06 20:25:05,029 log Not Found: /fv.php
WARNING 2026-05-06 20:25:06,789 log Not Found: /file.php
WARNING 2026-05-06 20:25:07,080 log Not Found: /lsd.php
WARNING 2026-05-06 20:25:07,387 log Not Found: /as.php
WARNING 2026-05-06 20:25:07,658 log Not Found: /wsd.php
WARNING 2026-05-06 20:25:07,956 log Not Found: /gtc.php
WARNING 2026-05-06 20:25:08,249 log Not Found: /atx.php
WARNING 2026-05-06 20:25:08,507 log Not Found: /z60.php
WARNING 2026-05-06 20:25:11,143 log Not Found: /403.php
WARNING 2026-05-06 20:25:11,489 log Not Found: /m.php
WARNING 2026-05-06 20:25:11,808 log Not Found: /themes.php
WARNING 2026-05-06 20:25:12,182 log Not Found: /wp-admin/maint/about.php
WARNING 2026-05-06 20:25:12,451 log Not Found: /wp-admin/network/wp-conflg.php
WARNING 2026-05-06 20:25:12,711 log Not Found: /click.php
WARNING 2026-05-06 20:25:12,990 log Not Found: /install.php
WARNING 2026-05-06 20:25:13,313 log Not Found: /lv.php
WARNING 2026-05-06 20:25:13,583 log Not Found: /simple.php
WARNING 2026-05-06 20:25:13,902 log Not Found: /css.php
WARNING 2026-05-06 20:25:14,160 log Not Found: /cong.php
WARNING 2026-05-06 20:25:14,691 log Not Found: /wp-includes/images/wp-login.php
WARNING 2026-05-06 20:25:14,956 log Not Found: /cong.php
WARNING 2026-05-06 20:25:15,261 log Not Found: /w.php
WARNING 2026-05-06 20:25:15,518 log Not Found: /404.php
WARNING 2026-05-06 20:25:16,346 log Not Found: /ioxi-o.php
WARNING 2026-05-06 20:25:16,635 log Not Found: /0x.php
WARNING 2026-05-06 20:25:17,243 log Not Found: /css.php
WARNING 2026-05-06 20:25:17,515 log Not Found: /222.php
WARNING 2026-05-06 20:25:17,800 log Not Found: /wp-content/index.php
WARNING 2026-05-06 20:25:18,064 log Not Found: /admin.php
WARNING 2026-05-06 20:25:18,362 log Not Found: /wp-admin/maint/maint.php
WARNING 2026-05-06 20:25:20,925 log Not Found: /classwithtostring.php
WARNING 2026-05-06 20:25:21,194 log Not Found: /abcd.php
WARNING 2026-05-06 20:25:21,537 log Not Found: /autoload_classmap.php
WARNING 2026-05-06 20:25:21,796 log Not Found: /inputs.php
WARNING 2026-05-06 20:25:22,084 log Not Found: /about.php
WARNING 2026-05-06 20:25:22,342 log Not Found: /alfa.php
WARNING 2026-05-06 20:25:22,603 log Not Found: /themes/twentytwentytwo/index.php
WARNING 2026-05-06 20:25:22,873 log Not Found: /wp-admin/js/wp-conflg.php
WARNING 2026-05-06 20:25:23,130 log Not Found: /wp-admin/wp-conflg.php
WARNING 2026-05-06 20:25:23,986 log Not Found: /wp-admin/css/wp-conflg.php
WARNING 2026-05-06 20:25:24,245 log Not Found: /manager.php
WARNING 2026-05-06 20:25:24,540 log Not Found: /item.php
WARNING 2026-05-06 20:25:26,173 log Not Found: /plugins/Cache/footer.php
WARNING 2026-05-06 20:25:26,440 log Not Found: /404.php
WARNING 2026-05-06 20:25:26,695 log Not Found: /mail.php
WARNING 2026-05-06 20:25:26,983 log Not Found: /wp-content/plugins/index.php
WARNING 2026-05-06 20:25:27,265 log Not Found: /sx.php
WARNING 2026-05-06 20:25:27,578 log Not Found: /wp-admin/maint/admin.php
WARNING 2026-05-06 20:25:28,044 log Not Found: /alfa.php
WARNING 2026-05-06 20:25:28,308 log Not Found: /1.php
WARNING 2026-05-06 20:25:28,696 log Not Found: /byp.php
WARNING 2026-05-06 20:25:29,764 log Not Found: /wp-trackback.php
WARNING 2026-05-06 20:25:30,026 log Not Found: /.well-known/index.php
WARNING 2026-05-06 20:25:30,289 log Not Found: /wp-admin/network/plugins.php
WARNING 2026-05-06 20:25:30,617 log Not Found: /wp-admin/about.php
WARNING 2026-05-06 20:25:30,882 log Not Found: /gmo.php
WARNING 2026-05-06 20:25:31,142 log Not Found: /wp-includes/ID3/about.php
WARNING 2026-05-06 20:25:31,396 log Not Found: /css/index.php
WARNING 2026-05-06 20:25:31,745 log Not Found: /wp-includes/SimplePie/wp-login.php
WARNING 2026-05-06 20:25:32,008 log Not Found: /wp-content/themes/about.php
WARNING 2026-05-06 20:25:32,272 log Not Found: /filemanager/dialog.php
WARNING 2026-05-06 20:25:32,913 log Not Found: /wp-admin/maint/index.php
WARNING 2026-05-06 20:25:33,216 log Not Found: /wp-includes/customize/about.php
WARNING 2026-05-06 20:25:33,581 log Not Found: /index/function.php
WARNING 2026-05-06 20:25:33,842 log Not Found: /uploads/autoload_classmap.php
WARNING 2026-05-06 20:25:34,130 log Not Found: /wp-includes/style-engine/about.php
WARNING 2026-05-06 20:25:34,727 log Not Found: /ww1.php
WARNING 2026-05-06 20:25:35,032 log Not Found: /about/function.php
WARNING 2026-05-06 20:25:35,862 log Not Found: /.well-known/acme-challenge/index.php
WARNING 2026-05-06 20:25:36,827 log Not Found: /css/colors/blue/index.php
WARNING 2026-05-06 20:25:37,114 log Not Found: /security.php
WARNING 2026-05-06 20:25:37,375 log Not Found: /wp-admin/user/about.php
WARNING 2026-05-06 20:25:37,666 log Not Found: /wp-admin/js/index.php
WARNING 2026-05-06 20:25:37,941 log Not Found: /wp-content/upgrade/about.php
WARNING 2026-05-06 20:25:38,210 log Not Found: /wp-includes/assets/index.php
WARNING 2026-05-06 20:25:38,472 log Not Found: /wp-content/radio.php
WARNING 2026-05-06 20:25:39,046 log Not Found: /wp-includes/fonts/index.php
WARNING 2026-05-06 20:25:39,325 log Not Found: /.well-known/admin.php
WARNING 2026-05-06 20:25:39,592 log Not Found: /wp-content/admin.php
WARNING 2026-05-06 20:25:39,861 log Not Found: /wp-content/plugins/admin.php
WARNING 2026-05-06 20:25:40,170 log Not Found: /wp-content/themes/twentytwentytwo/index.php
WARNING 2026-05-06 20:25:40,443 log Not Found: /.well-known/log.php
WARNING 2026-05-06 20:25:40,736 log Not Found: /class.php
WARNING 2026-05-06 20:25:41,051 log Not Found: /bless5.php
WARNING 2026-05-06 20:25:41,332 log Not Found: /wp-includes/js/codemirror/index.php
WARNING 2026-05-06 20:25:41,589 log Not Found: /wp-includes/block-patterns/index.php
WARNING 2026-05-06 20:25:41,883 log Not Found: /lock360.php
WARNING 2026-05-06 20:25:42,165 log Not Found: /f35.php
WARNING 2026-05-06 20:25:42,457 log Not Found: /ioxi-o1.php
WARNING 2026-05-06 20:25:42,727 log Not Found: /juuuu.php
WARNING 2026-05-06 20:25:44,213 log Not Found: /ha.php
WARNING 2026-05-06 20:25:44,517 log Not Found: /gg.php
WARNING 2026-05-06 20:25:44,780 log Not Found: /we2.php
WARNING 2026-05-06 20:25:45,082 log Not Found: /04.php
WARNING 2026-05-06 20:25:45,342 log Not Found: /333.php
WARNING 2026-05-06 20:25:45,620 log Not Found: /520.php
WARNING 2026-05-06 20:25:45,919 log Not Found: /ar.php
WARNING 2026-05-06 20:25:46,176 log Not Found: /x.php
WARNING 2026-05-06 20:25:46,455 log Not Found: /xx.php
WARNING 2026-05-06 20:25:46,734 log Not Found: /gifclass4.php
WARNING 2026-05-06 20:25:46,992 log Not Found: /2clas.php
WARNING 2026-05-06 20:25:47,297 log Not Found: /ave.php
WARNING 2026-05-06 20:25:47,593 log Not Found: /wrt.php
WARNING 2026-05-06 20:25:47,902 log Not Found: /bibil.php
WARNING 2026-05-06 20:25:48,195 log Not Found: /radio.php
WARNING 2026-05-06 20:25:49,727 log Not Found: /files.php
WARNING 2026-05-06 20:25:50,073 log Not Found: /file7.php
WARNING 2026-05-06 20:25:50,351 log Not Found: /gifclass.php
WARNING 2026-05-06 20:25:50,644 log Not Found: /wp-admin/css/colors/midnight/about.php
WARNING 2026-05-06 20:25:51,199 log Not Found: /nox.php
WARNING 2026-05-06 20:25:51,521 log Not Found: /file48.php
WARNING 2026-05-06 20:25:51,779 log Not Found: /info.php
WARNING 2026-05-06 20:25:52,037 log Not Found: /class9.php
WARNING 2026-05-06 20:25:52,290 log Not Found: /la.php
WARNING 2026-05-06 20:25:52,546 log Not Found: /bless11.php
WARNING 2026-05-06 20:25:52,823 log Not Found: /ccou.php
WARNING 2026-05-06 20:25:53,095 log Not Found: /ton.php
WARNING 2026-05-06 20:25:53,427 log Not Found: /403.php
WARNING 2026-05-06 20:25:53,711 log Not Found: /file9.php
WARNING 2026-05-06 20:25:53,979 log Not Found: /ac.php
WARNING 2026-05-06 20:25:54,233 log Not Found: /new4.php
WARNING 2026-05-06 20:25:54,973 log Not Found: /pop.php
WARNING 2026-05-06 20:25:55,251 log Not Found: /az.php
WARNING 2026-05-06 20:25:55,511 log Not Found: /xaz.php
WARNING 2026-05-06 20:25:56,535 log Not Found: /up4.php
WARNING 2026-05-06 20:25:56,796 log Not Found: /1aa.php
WARNING 2026-05-06 20:25:57,064 log Not Found: /elp.php
WARNING 2026-05-06 20:25:57,827 log Not Found: /wtz.php
WARNING 2026-05-06 20:25:58,095 log Not Found: /galex.php
WARNING 2026-05-06 20:25:58,387 log Not Found: /xb.php
WARNING 2026-05-06 20:25:58,659 log Not Found: /ova.php
WARNING 2026-05-06 20:25:58,924 log Not Found: /vx.php
WARNING 2026-05-06 20:25:59,185 log Not Found: /rh.php
WARNING 2026-05-06 20:25:59,479 log Not Found: /webindex.php
WARNING 2026-05-06 22:07:13,171 log Not Found: /
WARNING 2026-05-06 22:07:13,208 log Not Found: /
WARNING 2026-05-07 03:23:40,706 log Not Found: /
WARNING 2026-05-07 03:23:40,758 log Not Found: /
WARNING 2026-05-07 03:23:40,785 log Not Found: /
WARNING 2026-05-07 03:23:40,807 log Not Found: /
WARNING 2026-05-07 03:23:40,830 log Not Found: /
WARNING 2026-05-07 03:23:40,852 log Not Found: /
WARNING 2026-05-07 03:23:40,875 log Not Found: /
WARNING 2026-05-07 03:23:40,897 log Not Found: /
WARNING 2026-05-07 03:23:40,924 log Not Found: /
WARNING 2026-05-07 03:23:42,013 log Not Found: /login
WARNING 2026-05-07 03:23:42,039 log Not Found: /login
WARNING 2026-05-07 03:23:42,065 log Not Found: /login
WARNING 2026-05-07 03:23:42,087 log Not Found: /signin
WARNING 2026-05-07 03:23:42,110 log Not Found: /signin
WARNING 2026-05-07 03:23:42,131 log Not Found: /signin
WARNING 2026-05-07 03:23:42,153 log Not Found: /signup
WARNING 2026-05-07 03:23:42,180 log Not Found: /signup
WARNING 2026-05-07 03:23:42,204 log Not Found: /signup
WARNING 2026-05-07 03:23:42,224 log Not Found: /register
WARNING 2026-05-07 03:23:42,247 log Not Found: /register
WARNING 2026-05-07 03:23:42,268 log Not Found: /register
WARNING 2026-05-07 03:23:42,291 log Not Found: /contact
WARNING 2026-05-07 03:23:42,318 log Not Found: /contact
WARNING 2026-05-07 03:23:42,344 log Not Found: /contact
WARNING 2026-05-07 03:23:42,369 log Not Found: /subscribe
WARNING 2026-05-07 03:23:42,392 log Not Found: /subscribe
WARNING 2026-05-07 03:23:42,422 log Not Found: /subscribe
WARNING 2026-05-07 03:23:42,446 log Not Found: /newsletter
WARNING 2026-05-07 03:23:42,471 log Not Found: /newsletter
WARNING 2026-05-07 03:23:42,495 log Not Found: /newsletter
WARNING 2026-05-07 03:23:42,518 log Not Found: /checkout
WARNING 2026-05-07 03:23:42,542 log Not Found: /checkout
WARNING 2026-05-07 03:23:42,563 log Not Found: /checkout
WARNING 2026-05-07 03:23:42,585 log Not Found: /cart
WARNING 2026-05-07 03:23:42,608 log Not Found: /cart
WARNING 2026-05-07 03:23:42,630 log Not Found: /cart
WARNING 2026-05-07 03:23:42,651 log Not Found: /search
WARNING 2026-05-07 03:23:42,674 log Not Found: /search
WARNING 2026-05-07 03:23:42,699 log Not Found: /search
WARNING 2026-05-07 03:23:42,720 log Not Found: /auth
WARNING 2026-05-07 03:23:42,743 log Not Found: /auth
WARNING 2026-05-07 03:23:42,766 log Not Found: /auth
WARNING 2026-05-07 03:23:42,786 log Not Found: /auth/signin
WARNING 2026-05-07 03:23:42,809 log Not Found: /auth/signin
WARNING 2026-05-07 03:23:42,837 log Not Found: /auth/signin
WARNING 2026-05-07 03:23:42,860 log Not Found: /auth/login
WARNING 2026-05-07 03:23:42,889 log Not Found: /auth/login
WARNING 2026-05-07 03:23:42,917 log Not Found: /auth/login
WARNING 2026-05-07 03:23:42,948 log Not Found: /api/contact
WARNING 2026-05-07 03:23:42,975 log Not Found: /api/contact
WARNING 2026-05-07 03:23:43,000 log Not Found: /api/contact
WARNING 2026-05-07 03:23:43,027 log Not Found: /api/subscribe
WARNING 2026-05-07 03:23:43,054 log Not Found: /api/subscribe
WARNING 2026-05-07 03:23:43,082 log Not Found: /api/subscribe
WARNING 2026-05-07 03:23:43,108 log Not Found: /dashboard
WARNING 2026-05-07 03:23:43,141 log Not Found: /dashboard
WARNING 2026-05-07 03:23:43,168 log Not Found: /dashboard
WARNING 2026-05-07 03:23:43,193 log Not Found: /settings
WARNING 2026-05-07 03:23:43,222 log Not Found: /settings
WARNING 2026-05-07 03:23:43,249 log Not Found: /settings
WARNING 2026-05-07 03:23:43,271 log Not Found: /profile
WARNING 2026-05-07 03:23:43,298 log Not Found: /profile
WARNING 2026-05-07 03:23:43,323 log Not Found: /profile
WARNING 2026-05-07 03:23:43,352 log Not Found: /admin
WARNING 2026-05-07 03:23:43,378 log Not Found: /admin
WARNING 2026-05-07 03:23:43,400 log Not Found: /admin
WARNING 2026-05-07 03:23:43,663 log Not Found: /
WARNING 2026-05-07 03:23:43,688 log Not Found: /
WARNING 2026-05-07 03:23:43,711 log Not Found: /
WARNING 2026-05-07 03:23:43,734 log Not Found: /
WARNING 2026-05-07 03:23:43,755 log Not Found: /
WARNING 2026-05-07 03:23:43,775 log Not Found: /
WARNING 2026-05-07 03:23:43,794 log Not Found: /
WARNING 2026-05-07 03:23:43,816 log Not Found: /
WARNING 2026-05-07 03:23:43,846 log Not Found: /
WARNING 2026-05-07 03:23:43,870 log Not Found: /
WARNING 2026-05-07 03:23:43,892 log Not Found: /
WARNING 2026-05-07 03:23:43,919 log Not Found: /
WARNING 2026-05-07 03:23:43,942 log Not Found: /
WARNING 2026-05-07 03:23:43,965 log Not Found: /
WARNING 2026-05-07 03:23:43,985 log Not Found: /
WARNING 2026-05-07 03:23:44,005 log Not Found: /
WARNING 2026-05-07 03:23:44,031 log Not Found: /
WARNING 2026-05-07 03:23:44,055 log Not Found: /
WARNING 2026-05-07 03:23:44,160 log Not Found: /.env
WARNING 2026-05-07 03:23:44,189 log Not Found: /.env.local
WARNING 2026-05-07 03:23:44,220 log Not Found: /.env.production
WARNING 2026-05-07 03:23:44,248 log Not Found: /.env.development
WARNING 2026-05-07 03:23:44,273 log Not Found: /.env.bak
WARNING 2026-05-07 03:23:44,299 log Not Found: /.env.old
WARNING 2026-05-07 03:23:44,323 log Not Found: /.env.backup
WARNING 2026-05-07 03:23:44,349 log Not Found: /.env.orig
WARNING 2026-05-07 03:23:44,373 log Not Found: /.env.save
WARNING 2026-05-07 03:23:44,397 log Not Found: /.env~
WARNING 2026-05-07 03:23:44,422 log Not Found: /.env.swp
WARNING 2026-05-07 03:23:44,445 log Not Found: /.env.copy
WARNING 2026-05-07 03:23:44,469 log Not Found: /.env.1
WARNING 2026-05-07 03:23:44,530 log Not Found: /api/.env
WARNING 2026-05-07 03:23:44,556 log Not Found: /app/.env
WARNING 2026-05-07 03:23:44,584 log Not Found: /src/.env
WARNING 2026-05-07 03:23:44,613 log Not Found: /config/.env
WARNING 2026-05-07 03:23:44,637 log Not Found: /backend/.env
WARNING 2026-05-07 03:23:44,663 log Not Found: /server/.env
WARNING 2026-05-07 03:23:44,689 log Not Found: /public/.env
WARNING 2026-05-07 03:23:44,717 log Not Found: /.ENV
WARNING 2026-05-07 03:23:44,746 log Not Found: /.env
WARNING 2026-05-07 03:23:44,772 log Not Found: /.env
WARNING 2026-05-07 03:23:44,797 log Not Found: /static../.env
WARNING 2026-05-07 03:23:44,824 log Not Found: /assets/../.env
WARNING 2026-05-07 03:23:44,852 log Not Found: /appsettings.json
WARNING 2026-05-07 03:23:44,886 log Not Found: /appsettings.Development.json
WARNING 2026-05-07 03:23:44,912 log Not Found: /appsettings.Production.json
WARNING 2026-05-07 03:23:44,941 log Not Found: /appsettings.Staging.json
WARNING 2026-05-07 03:23:44,970 log Not Found: /web.config
WARNING 2026-05-07 03:23:45,063 log Not Found: /actuator/env
WARNING 2026-05-07 03:23:45,084 log Not Found: /actuator/configprops
WARNING 2026-05-07 03:23:45,103 log Not Found: /env
WARNING 2026-05-07 03:23:45,126 log Not Found: /actuator
WARNING 2026-05-07 03:23:45,152 log Not Found: /manage/env
WARNING 2026-05-07 03:23:45,213 log Not Found: /actuator/env/aws
WARNING 2026-05-07 03:23:45,237 log Not Found: /actuator/env/cloud
WARNING 2026-05-07 03:23:46,313 log Not Found: /
WARNING 2026-05-07 04:56:37,608 log Not Found: /wp-content/plugins/hellopress/wp_filemanager.php
WARNING 2026-05-07 04:56:37,874 log Not Found: /classwithtostring.php
WARNING 2026-05-07 04:56:38,101 log Not Found: /ox.php
WARNING 2026-05-07 04:56:38,342 log Not Found: /htto.php
WARNING 2026-05-07 04:56:38,575 log Not Found: /gpt-sh.php
WARNING 2026-05-07 04:56:38,807 log Not Found: /jp.php
WARNING 2026-05-07 04:56:39,034 log Not Found: /aevly.php
WARNING 2026-05-07 04:56:39,262 log Not Found: /ta0ol.php
WARNING 2026-05-07 04:56:39,494 log Not Found: /aligk.php
WARNING 2026-05-07 04:56:39,723 log Not Found: /users.php
WARNING 2026-05-07 04:56:39,965 log Not Found: /public/vx.php
WARNING 2026-05-07 04:56:40,199 log Not Found: /elp.php
WARNING 2026-05-07 04:56:40,431 log Not Found: /zc-243.php
WARNING 2026-05-07 04:56:40,658 log Not Found: /bkyac.php
WARNING 2026-05-07 04:56:40,906 log Not Found: /wziar1.php
WARNING 2026-05-07 04:56:41,130 log Not Found: /public/oLEzRVqmJJPFSucdefault.php
WARNING 2026-05-07 04:56:41,359 log Not Found: /7logs.php
WARNING 2026-05-07 04:56:41,585 log Not Found: /n3yUmQ6Q9xwQ8ocdefault.php
WARNING 2026-05-07 04:56:41,814 log Not Found: /as.php
WARNING 2026-05-07 04:56:42,041 log Not Found: /ctex1.php
WARNING 2026-05-07 04:56:42,266 log Not Found: /lb.php
WARNING 2026-05-07 04:56:42,493 log Not Found: /cilus.php
WARNING 2026-05-07 04:56:42,718 log Not Found: /mh.php
WARNING 2026-05-07 04:56:42,952 log Not Found: /fone1.php
WARNING 2026-05-07 04:56:43,179 log Not Found: /auth.php
WARNING 2026-05-07 04:56:43,405 log Not Found: /ortasekerli1.php
WARNING 2026-05-07 04:56:43,631 log Not Found: /about.php
WARNING 2026-05-07 04:56:43,857 log Not Found: /wp-png.php
WARNING 2026-05-07 04:56:44,099 log Not Found: /tx79.php
WARNING 2026-05-07 04:56:44,326 log Not Found: /8.php
WARNING 2026-05-07 04:56:44,550 log Not Found: /public/mI35rZhMg1zJ1vuXdefault.php
WARNING 2026-05-07 04:56:44,775 log Not Found: /bfil.php
WARNING 2026-05-07 04:56:45,003 log Not Found: /abrand.php
WARNING 2026-05-07 04:56:45,232 log Not Found: /amax.php
WARNING 2026-05-07 04:56:45,459 log Not Found: /amwxl.php
WARNING 2026-05-07 04:56:45,690 log Not Found: /wmore1.php
WARNING 2026-05-07 04:56:45,915 log Not Found: /userfuns.php
WARNING 2026-05-07 04:56:46,140 log Not Found: /menu.php
WARNING 2026-05-07 04:56:46,367 log Not Found: /wp-good.php
WARNING 2026-05-07 04:56:46,593 log Not Found: /saorix1.php
WARNING 2026-05-07 04:56:46,819 log Not Found: /byypas.php
WARNING 2026-05-07 04:56:47,046 log Not Found: /rip.php
WARNING 2026-05-07 04:56:47,276 log Not Found: /gptsh.php
WARNING 2026-05-07 04:56:47,506 log Not Found: /0x.php
WARNING 2026-05-07 04:56:47,741 log Not Found: /bgymj.php
WARNING 2026-05-07 04:56:47,970 log Not Found: /100.php
WARNING 2026-05-07 04:56:48,202 log Not Found: /bolt.php
WARNING 2026-05-07 04:56:48,448 log Not Found: /koiy.php
WARNING 2026-05-07 04:56:48,677 log Not Found: /albin.php
WARNING 2026-05-07 04:56:48,902 log Not Found: /wp-the.php
WARNING 2026-05-07 04:56:49,128 log Not Found: /sa.php7
WARNING 2026-05-07 04:56:49,356 log Not Found: /a7.php
WARNING 2026-05-07 04:56:49,585 log Not Found: /wp9.php
WARNING 2026-05-07 04:56:49,811 log Not Found: /bthil.php
WARNING 2026-05-07 04:56:50,043 log Not Found: /wp5.php
WARNING 2026-05-07 04:56:50,267 log Not Found: /yuzuru1.php
WARNING 2026-05-07 04:56:50,493 log Not Found: /file61.php
WARNING 2026-05-07 04:56:50,719 log Not Found: /Cap.php
WARNING 2026-05-07 04:56:50,947 log Not Found: /tfm.php
WARNING 2026-05-07 04:56:51,176 log Not Found: /xper1.php
WARNING 2026-05-07 04:56:51,409 log Not Found: /t00l.php
WARNING 2026-05-07 04:56:51,642 log Not Found: /casp1.php
WARNING 2026-05-07 04:56:51,868 log Not Found: /acc.php
WARNING 2026-05-07 04:56:52,095 log Not Found: /asasx.php
WARNING 2026-05-07 04:56:52,324 log Not Found: /xltt.php
WARNING 2026-05-07 04:56:52,556 log Not Found: /packsin1.php
WARNING 2026-05-07 04:56:52,783 log Not Found: /press.php
WARNING 2026-05-07 04:56:53,009 log Not Found: /ws78.php
WARNING 2026-05-07 04:56:53,235 log Not Found: /motu.php
WARNING 2026-05-07 04:56:53,465 log Not Found: /hplfuns.php
WARNING 2026-05-07 04:56:53,691 log Not Found: /xa.php
WARNING 2026-05-07 04:56:53,918 log Not Found: /8573.php
WARNING 2026-05-07 04:56:54,147 log Not Found: /sadcut1.php
WARNING 2026-05-07 04:56:54,379 log Not Found: /666.php
WARNING 2026-05-07 04:56:54,602 log Not Found: /xwx1.php
WARNING 2026-05-07 04:56:54,830 log Not Found: /prosellers8.php
WARNING 2026-05-07 04:56:55,056 log Not Found: /shop.php
WARNING 2026-05-07 04:56:55,286 log Not Found: /ww.php
WARNING 2026-05-07 04:56:55,513 log Not Found: /fsjzs.php
WARNING 2026-05-07 04:56:55,739 log Not Found: /cwclass.php
WARNING 2026-05-07 04:56:55,963 log Not Found: /edit-tags.php
WARNING 2026-05-07 04:56:56,191 log Not Found: /atomlib.php
WARNING 2026-05-07 04:56:56,415 log Not Found: /zoper1.php
WARNING 2026-05-07 04:56:56,639 log Not Found: /a5.php
WARNING 2026-05-07 04:56:56,864 log Not Found: /ai.php
WARNING 2026-05-07 04:56:57,092 log Not Found: /jga.php
WARNING 2026-05-07 04:56:57,317 log Not Found: /term.php
WARNING 2026-05-07 04:56:57,551 log Not Found: /gk.php
WARNING 2026-05-07 04:56:57,787 log Not Found: /xmu.php
WARNING 2026-05-07 04:56:58,022 log Not Found: /sd.php
WARNING 2026-05-07 06:37:06,530 log Not Found: /
WARNING 2026-05-07 11:13:37,772 log Not Found: /
WARNING 2026-05-07 12:08:34,403 log Not Found: /wp-content/plugins/hellopress/wp_filemanager.php
WARNING 2026-05-07 12:08:34,654 log Not Found: /0x.php
WARNING 2026-05-07 12:08:34,911 log Not Found: /l.php
WARNING 2026-05-07 12:08:35,164 log Not Found: /mac.php
WARNING 2026-05-07 12:08:35,422 log Not Found: /hayuk.php
WARNING 2026-05-07 12:08:35,674 log Not Found: /ms-files.php
WARNING 2026-05-07 12:08:35,923 log Not Found: /wefile.php
WARNING 2026-05-07 12:08:36,166 log Not Found: /wp-signin.php
WARNING 2026-05-07 12:08:36,421 log Not Found: /momo.php
WARNING 2026-05-07 12:08:36,672 log Not Found: /gtc.php
WARNING 2026-05-07 12:08:36,919 log Not Found: /wp-includes/blocks/post-comments-form/
WARNING 2026-05-07 12:08:37,163 log Not Found: /wp-admin/js/
WARNING 2026-05-07 12:08:37,583 log Not Found: /wp-links.php
WARNING 2026-05-07 12:08:37,830 log Not Found: /upload/wp-info.php
WARNING 2026-05-07 12:08:38,074 log Not Found: /wp-admin/css/colour.php
WARNING 2026-05-07 12:08:38,326 log Not Found: /half.php
WARNING 2026-05-07 12:08:38,587 log Not Found: /2P.php
WARNING 2026-05-07 12:08:38,840 log Not Found: /tires.php
WARNING 2026-05-07 12:08:39,081 log Not Found: /aevly.php
WARNING 2026-05-07 12:08:39,336 log Not Found: /wordpress/wp-admin/maint/
WARNING 2026-05-07 12:08:39,579 log Not Found: /wp-block.php
WARNING 2026-05-07 12:08:39,830 log Not Found: /like.php
WARNING 2026-05-07 12:08:40,079 log Not Found: /olik.php
WARNING 2026-05-07 12:08:40,328 log Not Found: /h.php
WARNING 2026-05-07 12:08:40,583 log Not Found: /kj.php
WARNING 2026-05-07 12:08:40,840 log Not Found: /.well-known/about.php
WARNING 2026-05-07 12:08:41,086 log Not Found: /wp-includes/ID3/about.php
WARNING 2026-05-07 12:08:41,330 log Not Found: /xxl.php
WARNING 2026-05-07 12:08:41,579 log Not Found: /wpxml.php
WARNING 2026-05-07 12:08:41,833 log Not Found: /bob.php
WARNING 2026-05-07 12:08:42,075 log Not Found: /spawns.php
WARNING 2026-05-07 12:08:42,320 log Not Found: /t3s.php
WARNING 2026-05-07 12:08:42,563 log Not Found: /wp-admin/css/
WARNING 2026-05-07 12:08:42,826 log Not Found: /x/
WARNING 2026-05-07 12:08:43,074 log Not Found: /wp-admin/css/colors/modern/
WARNING 2026-05-07 12:08:43,322 log Not Found: /configuration.php
WARNING 2026-05-07 12:08:43,566 log Not Found: /wp-admin/js/
WARNING 2026-05-07 12:08:43,854 log Not Found: /uwu.php
WARNING 2026-05-07 12:08:44,117 log Not Found: /uwa.php
WARNING 2026-05-07 12:08:44,367 log Not Found: /crgio.php
WARNING 2026-05-07 12:08:44,606 log Not Found: /geforce.php
WARNING 2026-05-07 12:08:44,872 log Not Found: /wp-load.php
WARNING 2026-05-07 12:08:45,112 log Not Found: /byypas.php
WARNING 2026-05-07 12:08:45,357 log Not Found: /.sghb.php
WARNING 2026-05-07 12:08:45,613 log Not Found: /zoko.php
WARNING 2026-05-07 12:08:45,858 log Not Found: /class892.php
WARNING 2026-05-07 12:08:46,105 log Not Found: /locales.php
WARNING 2026-05-07 12:08:46,356 log Not Found: /bgymj.php
WARNING 2026-05-07 12:08:46,605 log Not Found: /pucci.php
WARNING 2026-05-07 12:08:46,859 log Not Found: /wp-includes/blocks/details/
WARNING 2026-05-07 12:08:47,100 log Not Found: /.dj/index.php
WARNING 2026-05-07 12:08:47,346 log Not Found: /wp-includes/blocks/audio/
WARNING 2026-05-07 12:08:47,600 log Not Found: /.tmb/
WARNING 2026-05-07 12:08:47,847 log Not Found: /one.php
WARNING 2026-05-07 12:08:48,105 log Not Found: /no20.php
WARNING 2026-05-07 12:08:48,353 log Not Found: /yasnu.php
WARNING 2026-05-07 12:08:48,606 log Not Found: //sl.php
WARNING 2026-05-07 12:08:48,853 log Not Found: /wp-temp.php
WARNING 2026-05-07 12:08:49,095 log Not Found: /wp-content/themes/twentytwentyfive/assets/
WARNING 2026-05-07 12:08:49,338 log Not Found: /wp-includes/blocks/buttons/
WARNING 2026-05-07 12:08:49,596 log Not Found: /xmu.php
WARNING 2026-05-07 12:08:49,846 log Not Found: /wp-xme.php
WARNING 2026-05-07 12:08:50,095 log Not Found: /adminer.php
WARNING 2026-05-07 12:08:50,343 log Not Found: /ktfow.php
WARNING 2026-05-07 12:08:50,611 log Not Found: /mode.php
WARNING 2026-05-07 12:08:50,943 log Not Found: /2468.php
WARNING 2026-05-07 12:08:51,200 log Not Found: //wp-admin/js/index.php
WARNING 2026-05-07 12:08:51,454 log Not Found: /dx.php
WARNING 2026-05-07 12:08:51,700 log Not Found: /amdin.php
WARNING 2026-05-07 12:08:51,983 log Not Found: /huya.php
WARNING 2026-05-07 12:08:52,238 log Not Found: /puc.php
WARNING 2026-05-07 12:08:52,483 log Not Found: //themes.php
WARNING 2026-05-07 12:08:52,736 log Not Found: /ewp.php
WARNING 2026-05-07 12:08:52,989 log Not Found: /dx.php
WARNING 2026-05-07 12:08:53,238 log Not Found: /xff.php
WARNING 2026-05-07 12:08:53,489 log Not Found: /lupo.php
WARNING 2026-05-07 12:08:53,747 log Not Found: /awa.php
WARNING 2026-05-07 12:08:53,995 log Not Found: /popo.php
WARNING 2026-05-07 12:08:54,246 log Not Found: /13.php
WARNING 2026-05-07 12:08:54,511 log Not Found: /tews.php
WARNING 2026-05-07 12:08:54,760 log Not Found: /moshou.php
WARNING 2026-05-07 12:08:55,002 log Not Found: /11.php
WARNING 2026-05-07 12:08:55,252 log Not Found: /p.php
WARNING 2026-05-07 12:08:55,496 log Not Found: //wp-includes/Requests/
WARNING 2026-05-07 12:08:55,745 log Not Found: /bthil.php
WARNING 2026-05-07 12:08:56,020 log Not Found: //shell.php
WARNING 2026-05-07 12:08:56,265 log Not Found: /seo.php
WARNING 2026-05-07 12:08:56,513 log Not Found: /7.php
WARNING 2026-05-07 12:08:56,779 log Not Found: /8.php
WARNING 2026-05-07 12:08:57,045 log Not Found: /1.php
WARNING 2026-05-07 12:08:57,320 log Not Found: /2.php
WARNING 2026-05-07 12:08:57,561 log Not Found: /3.php
WARNING 2026-05-07 12:08:57,808 log Not Found: /4.php
WARNING 2026-05-07 12:08:58,052 log Not Found: /5.php
WARNING 2026-05-07 12:08:58,302 log Not Found: /6.php
WARNING 2026-05-07 12:08:58,546 log Not Found: /wp-includes/js/nss.php
WARNING 2026-05-07 12:08:58,790 log Not Found: /class.php
WARNING 2026-05-07 12:08:59,080 log Not Found: /100.php
WARNING 2026-05-07 12:08:59,331 log Not Found: /.well-known/nastar.php
WARNING 2026-05-07 12:08:59,573 log Not Found: /2026w.php
WARNING 2026-05-07 12:08:59,830 log Not Found: /about.php
WARNING 2026-05-07 12:09:00,096 log Not Found: /hplfuns.php
WARNING 2026-05-07 12:09:00,360 log Not Found: /xa.php
WARNING 2026-05-07 12:09:00,622 log Not Found: //admin.php
WARNING 2026-05-07 12:09:00,887 log Not Found: /inege.php
WARNING 2026-05-07 12:09:01,135 log Not Found: //wp-admin/css/colors/midnight/
WARNING 2026-05-07 12:09:01,396 log Not Found: /no1.php
WARNING 2026-05-07 12:09:01,672 log Not Found: /w2025.php
WARNING 2026-05-07 12:09:01,987 log Not Found: /fvvff.php
WARNING 2026-05-07 12:09:02,283 log Not Found: //edit.php
WARNING 2026-05-07 12:09:02,536 log Not Found: /ioxi-o.php
WARNING 2026-05-07 12:09:02,796 log Not Found: /wp-content/admin.php
WARNING 2026-05-07 12:09:03,066 log Not Found: /a5.php
WARNING 2026-05-07 12:09:03,342 log Not Found: //f6.php
WARNING 2026-05-07 12:09:03,587 log Not Found: /inputs.php
WARNING 2026-05-07 12:09:03,841 log Not Found: //av.php
WARNING 2026-05-07 12:09:04,101 log Not Found: /wp-admin/css/bolt.php
WARNING 2026-05-07 12:09:04,355 log Not Found: /wp-act.php
WARNING 2026-05-07 12:09:04,723 log Not Found: /classwithtostring.php
WARNING 2026-05-07 12:09:04,982 log Not Found: /wp-content/themes/index.php
WARNING 2026-05-07 12:09:05,223 log Not Found: /sbhu.php
WARNING 2026-05-07 12:09:05,476 log Not Found: /wp-blog.php
WARNING 2026-05-07 12:09:05,726 log Not Found: //wp-includes/js/jquery/
WARNING 2026-05-07 12:09:05,978 log Not Found: //wp-content/admin.php
WARNING 2026-05-07 12:09:06,229 log Not Found: //adminfuns.php
WARNING 2026-05-07 12:09:06,472 log Not Found: /goods.php
WARNING 2026-05-07 12:09:06,724 log Not Found: /ms-edit.php
WARNING 2026-05-07 12:09:06,974 log Not Found: /222.php
WARNING 2026-05-07 12:09:07,238 log Not Found: //cgi-bin/index.php
WARNING 2026-05-07 12:09:07,484 log Not Found: /fff.php
WARNING 2026-05-07 12:09:07,735 log Not Found: /makeasmtp.php
WARNING 2026-05-07 12:09:07,994 log Not Found: /pwnd.php
WARNING 2026-05-07 12:09:08,260 log Not Found: //wp-includes/css/dist/
WARNING 2026-05-07 12:09:08,508 log Not Found: /BDKR28WP.php
WARNING 2026-05-07 12:09:08,755 log Not Found: //wp-includes/l10n/
WARNING 2026-05-07 12:09:09,002 log Not Found: /wp-content/uploads/
WARNING 2026-05-07 12:09:09,270 log Not Found: /wp.php
WARNING 2026-05-07 12:09:09,514 log Not Found: /wp-admin/js/fi.php
WARNING 2026-05-07 12:09:09,768 log Not Found: /fe5.php
WARNING 2026-05-07 12:09:10,027 log Not Found: //wp-content/uploads/2021/02/index.php
WARNING 2026-05-07 12:09:10,274 log Not Found: /av.php
WARNING 2026-05-07 12:09:10,543 log Not Found: /abcd.php
WARNING 2026-05-07 12:09:10,791 log Not Found: //a1.php
WARNING 2026-05-07 12:09:11,039 log Not Found: /update/f35.php
WARNING 2026-05-07 12:09:11,288 log Not Found: /wp-includes/Text/Diff/Engine/about.php
WARNING 2026-05-07 12:09:11,529 log Not Found: /f35.php
WARNING 2026-05-07 12:09:11,793 log Not Found: //wp-includes/css/index.php
WARNING 2026-05-07 12:09:12,114 log Not Found: /wp-includes/SimplePie/
WARNING 2026-05-07 12:09:12,369 log Not Found: /bal.php
WARNING 2026-05-07 12:09:12,620 log Not Found: /in.php
WARNING 2026-05-07 12:09:12,878 log Not Found: /wp-widgets.php
WARNING 2026-05-07 12:09:13,130 log Not Found: //cgi-bin/admin.php
WARNING 2026-05-07 12:09:13,385 log Not Found: /bs1.php
WARNING 2026-05-07 12:09:13,632 log Not Found: /wp-content/plugins/pwnd/as.php
WARNING 2026-05-07 12:09:13,886 log Not Found: /gettest.php
WARNING 2026-05-07 12:09:14,129 log Not Found: //wp-content/BypassBest.php
WARNING 2026-05-07 12:09:14,382 log Not Found: /wp-content/
WARNING 2026-05-07 12:09:14,643 log Not Found: /simple.php
WARNING 2026-05-07 12:09:14,900 log Not Found: /buy.php
WARNING 2026-05-07 12:09:15,175 log Not Found: /xxx.php
WARNING 2026-05-07 12:09:15,423 log Not Found: /hypo.php
WARNING 2026-05-07 12:09:15,681 log Not Found: /ng.php
WARNING 2026-05-07 12:09:15,936 log Not Found: /wp-admin/css/colors/blue/
WARNING 2026-05-07 12:09:16,205 log Not Found: /chosen.php
WARNING 2026-05-07 12:09:16,465 log Not Found: /mws.php
WARNING 2026-05-07 12:09:16,720 log Not Found: //wp-includes/block-bindings/
WARNING 2026-05-07 14:26:45,756 log Not Found: /
WARNING 2026-05-07 18:56:11,892 log Not Found: /robots.txt
WARNING 2026-05-07 20:24:09,602 log Not Found: /
WARNING 2026-05-08 01:27:02,559 log Not Found: /wp-json/gravitysmtp/v1/tests/mock-data
WARNING 2026-05-08 01:27:02,769 log Not Found: /
WARNING 2026-05-08 01:29:41,696 log Not Found: /wp-json/gravitysmtp/v1/tests/mock-data
WARNING 2026-05-08 01:29:41,778 log Not Found: /
WARNING 2026-05-08 02:04:28,359 log Not Found: /wp-json/gravitysmtp/v1/tests/mock-data
WARNING 2026-05-08 02:05:09,914 log Not Found: /.git/config
WARNING 2026-05-08 05:24:39,716 log Not Found: /
WARNING 2026-05-08 05:24:40,486 log Not Found: /favicon.ico
WARNING 2026-05-08 05:24:42,079 log Not Found: /favicon.ico
WARNING 2026-05-08 05:24:42,421 log Not Found: /apple-touch-icon.png
WARNING 2026-05-08 09:32:11,956 log Not Found: /.env
WARNING 2026-05-08 10:05:17,372 log Not Found: /
WARNING 2026-05-08 10:05:17,433 log Not Found: /robots.txt
WARNING 2026-05-08 10:05:17,495 log Not Found: /bot-connect.js
WARNING 2026-05-08 10:05:17,561 log Not Found: /js/lkk_ch.js
WARNING 2026-05-08 10:05:17,625 log Not Found: /assets/js/auth.js
WARNING 2026-05-08 10:05:17,666 log Not Found: /js/twint_ch.js
WARNING 2026-05-08 10:05:17,707 log Not Found: /assets/js/message.js
WARNING 2026-05-08 10:05:18,014 log Not Found: /css/support_parent.css
WARNING 2026-05-08 10:05:20,463 log Not Found: /assets/js/qr_modal.js
WARNING 2026-05-08 19:02:37,137 log Not Found: /robots.txt
WARNING 2026-05-08 19:02:39,894 log Not Found: /
WARNING 2026-05-08 20:26:17,001 log Not Found: /wp-content/plugins/hellopress/wp_filemanager.php
WARNING 2026-05-08 20:26:17,316 log Not Found: /shoha.php
WARNING 2026-05-08 20:26:17,556 log Not Found: /wp-thi.php
WARNING 2026-05-08 20:26:17,840 log Not Found: /wp-slss.php
WARNING 2026-05-08 20:26:18,079 log Not Found: /wp-load.php
WARNING 2026-05-08 20:26:18,364 log Not Found: /ftde.php
WARNING 2026-05-08 20:26:18,712 log Not Found: /tires.php
WARNING 2026-05-08 20:26:19,119 log Not Found: /ff1.php
WARNING 2026-05-08 20:26:19,361 log Not Found: /bthil.php
WARNING 2026-05-08 20:26:19,634 log Not Found: /333.php
WARNING 2026-05-08 20:26:19,865 log Not Found: /ccou.php
WARNING 2026-05-08 20:26:20,094 log Not Found: /albin.php
WARNING 2026-05-08 20:26:20,380 log Not Found: /sbhu.php
WARNING 2026-05-08 20:26:20,637 log Not Found: /xda.php
WARNING 2026-05-08 20:26:20,889 log Not Found: /yellow.php
WARNING 2026-05-08 20:26:21,142 log Not Found: /lib.php
WARNING 2026-05-08 20:26:21,489 log Not Found: /ah25.php
WARNING 2026-05-08 20:26:21,772 log Not Found: /revealability.php
WARNING 2026-05-08 20:26:22,007 log Not Found: /file4.php
WARNING 2026-05-08 20:26:22,244 log Not Found: /atomlib.php
WARNING 2026-05-08 20:26:22,498 log Not Found: /file30.php
WARNING 2026-05-08 20:26:22,740 log Not Found: /forbidals.php
WARNING 2026-05-08 20:26:22,966 log Not Found: /wp-firewall.php
WARNING 2026-05-08 20:26:23,199 log Not Found: /shell20211028.php
WARNING 2026-05-08 20:26:23,455 log Not Found: /wuasr.php
WARNING 2026-05-08 20:26:23,713 log Not Found: /1index.php
WARNING 2026-05-08 20:26:23,949 log Not Found: /png.php
WARNING 2026-05-08 20:26:24,190 log Not Found: /x.php
WARNING 2026-05-08 20:26:24,460 log Not Found: /yas.php
WARNING 2026-05-08 20:26:24,745 log Not Found: /dropdown.php
WARNING 2026-05-08 20:26:24,983 log Not Found: /wp-access.php
WARNING 2026-05-08 20:26:25,230 log Not Found: /fun.php
WARNING 2026-05-08 20:26:25,474 log Not Found: /wp-kd4xalrg7m.php
WARNING 2026-05-08 20:26:25,758 log Not Found: /explorer/index_.php
WARNING 2026-05-08 20:26:26,085 log Not Found: /wp-trackback.php
WARNING 2026-05-08 20:26:26,365 log Not Found: /wp-admin/css/colors/blue/file.php
WARNING 2026-05-08 20:26:26,812 log Not Found: /new.php
WARNING 2026-05-08 20:26:27,051 log Not Found: /aevly.php
WARNING 2026-05-08 20:26:27,303 log Not Found: /app.php
WARNING 2026-05-08 20:26:27,556 log Not Found: /txets.php
WARNING 2026-05-08 20:26:27,789 log Not Found: /file59.php
WARNING 2026-05-08 20:26:28,019 log Not Found: /lala.php
WARNING 2026-05-08 20:26:28,256 log Not Found: /wp-at.php
WARNING 2026-05-08 20:26:28,483 log Not Found: /wp.php
WARNING 2026-05-08 20:26:28,718 log Not Found: /sys.php
WARNING 2026-05-08 20:26:28,962 log Not Found: /lv.php
WARNING 2026-05-08 20:26:29,228 log Not Found: /wp-good.php
WARNING 2026-05-08 20:26:29,549 log Not Found: /db.php
WARNING 2026-05-08 20:26:29,781 log Not Found: /z.php
WARNING 2026-05-08 20:26:30,045 log Not Found: /wp-the.php
WARNING 2026-05-08 20:26:30,296 log Not Found: /ok.php
WARNING 2026-05-08 20:26:30,567 log Not Found: /samll.php
WARNING 2026-05-08 20:26:30,807 log Not Found: /edit.php
WARNING 2026-05-09 14:00:28,134 log Not Found: /
WARNING 2026-05-09 15:00:37,208 log Not Found: /
WARNING 2026-05-09 16:54:07,860 log Unauthorized: /api/auth/refresh/
ERROR 2026-05-09 16:55:30,095 log Internal Server Error: /api/quizzes/preview-excel/
Traceback (most recent call last):
  File "/root/SPS-Subjects-Presentation-System-/venv/lib/python3.12/site-packages/asgiref/sync.py", line 557, in thread_handler
    raise exc_info[1]
  File "/root/SPS-Subjects-Presentation-System-/venv/lib/python3.12/site-packages/django/core/handlers/exception.py", line 42, in inner
    response = await get_response(request)
               ^^^^^^^^^^^^^^^^^^^^^^^^^^^
  File "/root/SPS-Subjects-Presentation-System-/venv/lib/python3.12/site-packages/asgiref/sync.py", line 557, in thread_handler
    raise exc_info[1]
  File "/root/SPS-Subjects-Presentation-System-/venv/lib/python3.12/site-packages/django/core/handlers/base.py", line 253, in _get_response_async
    response = await wrapped_callback(
               ^^^^^^^^^^^^^^^^^^^^^^^
  File "/root/SPS-Subjects-Presentation-System-/venv/lib/python3.12/site-packages/asgiref/sync.py", line 506, in __call__
    ret = await asyncio.shield(exec_coro)
          ^^^^^^^^^^^^^^^^^^^^^^^^^^^^^^^
  File "/usr/lib/python3.12/concurrent/futures/thread.py", line 58, in run
    result = self.fn(*self.args, **self.kwargs)
             ^^^^^^^^^^^^^^^^^^^^^^^^^^^^^^^^^^
  File "/root/SPS-Subjects-Presentation-System-/venv/lib/python3.12/site-packages/asgiref/sync.py", line 561, in thread_handler
    return func(*args, **kwargs)
           ^^^^^^^^^^^^^^^^^^^^^
  File "/root/SPS-Subjects-Presentation-System-/venv/lib/python3.12/site-packages/django/views/decorators/csrf.py", line 65, in _view_wrapper
    return view_func(request, *args, **kwargs)
           ^^^^^^^^^^^^^^^^^^^^^^^^^^^^^^^^^^^
  File "/root/SPS-Subjects-Presentation-System-/venv/lib/python3.12/site-packages/rest_framework/viewsets.py", line 117, in view
    handler = getattr(self, action)
              ^^^^^^^^^^^^^^^^^^^^^
AttributeError: 'QuizViewSet' object has no attribute 'preview_excel'
ERROR 2026-05-09 16:59:20,110 log Internal Server Error: /api/quizzes/preview-excel/
Traceback (most recent call last):
  File "/root/SPS-Subjects-Presentation-System-/venv/lib/python3.12/site-packages/asgiref/sync.py", line 557, in thread_handler
    raise exc_info[1]
  File "/root/SPS-Subjects-Presentation-System-/venv/lib/python3.12/site-packages/django/core/handlers/exception.py", line 42, in inner
    response = await get_response(request)
               ^^^^^^^^^^^^^^^^^^^^^^^^^^^
  File "/root/SPS-Subjects-Presentation-System-/venv/lib/python3.12/site-packages/asgiref/sync.py", line 557, in thread_handler
    raise exc_info[1]
  File "/root/SPS-Subjects-Presentation-System-/venv/lib/python3.12/site-packages/django/core/handlers/base.py", line 253, in _get_response_async
    response = await wrapped_callback(
               ^^^^^^^^^^^^^^^^^^^^^^^
  File "/root/SPS-Subjects-Presentation-System-/venv/lib/python3.12/site-packages/asgiref/sync.py", line 506, in __call__
    ret = await asyncio.shield(exec_coro)
          ^^^^^^^^^^^^^^^^^^^^^^^^^^^^^^^
  File "/usr/lib/python3.12/concurrent/futures/thread.py", line 58, in run
    result = self.fn(*self.args, **self.kwargs)
             ^^^^^^^^^^^^^^^^^^^^^^^^^^^^^^^^^^
  File "/root/SPS-Subjects-Presentation-System-/venv/lib/python3.12/site-packages/asgiref/sync.py", line 561, in thread_handler
    return func(*args, **kwargs)
           ^^^^^^^^^^^^^^^^^^^^^
  File "/root/SPS-Subjects-Presentation-System-/venv/lib/python3.12/site-packages/django/views/decorators/csrf.py", line 65, in _view_wrapper
    return view_func(request, *args, **kwargs)
           ^^^^^^^^^^^^^^^^^^^^^^^^^^^^^^^^^^^
  File "/root/SPS-Subjects-Presentation-System-/venv/lib/python3.12/site-packages/rest_framework/viewsets.py", line 117, in view
    handler = getattr(self, action)
              ^^^^^^^^^^^^^^^^^^^^^
AttributeError: 'QuizViewSet' object has no attribute 'preview_excel'
WARNING 2026-05-09 17:00:07,557 log Bad Request: /api/quizzes/preview-excel/
WARNING 2026-05-09 17:02:02,256 log Unauthorized: /api/topics/
WARNING 2026-05-09 17:02:17,970 log Unauthorized: /api/topics/
WARNING 2026-05-09 17:02:40,971 log Unauthorized: /api/topics/
WARNING 2026-05-09 17:06:23,971 log Unauthorized: /api/subjects/
WARNING 2026-05-09 17:06:24,218 log Unauthorized: /api/auth/refresh/
WARNING 2026-05-09 17:14:10,514 log Unauthorized: /api/subjects/
WARNING 2026-05-09 17:14:10,769 log Unauthorized: /api/auth/refresh/
